,dr7objid,t04_spiral_a08_spiral_flag,t04_spiral_a09_no_spiral_flag,t08_odd_feature_a20_lens_or_arc_flag,t08_odd_feature_a22_irregular_flag
0,125583,0,1,1,0
1,140660,0,1,0,0
2,41195,0,1,1,0
3,192706,0,1,1,0
4,203838,0,1,0,0
5,67866,0,1,1,0
6,69050,0,1,0,0
7,137506,1,0,0,0
8,70197,0,1,1,0
9,137698,0,1,1,0
10,194488,0,1,0,0
11,105598,0,1,1,0
12,162921,0,1,1,0
13,200671,0,1,0,0
14,11859,1,0,0,0
15,164046,0,1,1,0
16,196481,0,1,0,0
17,204481,1,0,0,1
18,71689,0,1,0,0
19,100811,1,0,0,0
20,143046,0,1,1,0
21,132535,0,1,0,0
22,166990,0,1,1,0
23,126154,1,0,0,0
24,197459,0,1,0,0
25,169240,0,1,1,0
26,92903,0,1,1,0
27,184117,0,1,0,0
28,38019,1,0,0,0
29,44679,0,1,1,0
30,49224,0,1,0,0
31,42161,0,1,1,0
32,37232,1,0,0,0
33,234467,0,1,0,0
34,143481,0,1,1,0
35,204059,0,1,0,0
36,18556,0,1,1,0
37,226681,1,0,0,0
38,128156,0,1,1,0
39,175706,0,1,1,0
40,205146,0,1,0,0
41,143955,0,1,1,0
42,69880,0,1,0,0
43,68847,0,1,1,0
44,243633,0,1,1,0
45,36617,1,0,0,0
46,66337,0,1,1,0
47,103957,0,1,0,0
48,207018,0,1,1,0
49,136356,0,1,1,0
50,127881,1,0,0,0
51,161315,0,1,0,0
52,235102,0,1,1,0
53,232882,1,0,0,0
54,156986,0,1,1,0
55,144482,0,1,0,0
56,155717,0,1,1,0
57,153085,0,1,0,0
58,58688,0,1,1,0
59,157196,1,0,0,0
60,75869,0,1,0,0
61,145203,0,1,1,0
62,95380,0,1,0,0
63,99676,1,0,0,0
64,128343,0,1,1,0
65,63361,0,1,0,0
66,144970,0,1,0,0
67,83543,1,0,0,0
68,48389,0,1,1,0
69,55223,0,1,0,0
70,129599,0,1,0,1
71,178560,0,1,0,0
72,107932,1,0,0,0
73,284935,0,1,1,0
74,174268,0,1,0,0
75,36984,0,1,1,0
76,128824,0,1,1,0
77,116016,0,1,0,0
78,70933,1,0,0,0
79,170568,0,1,1,0
80,27964,0,1,0,0
81,223132,1,0,0,0
82,136026,0,1,0,0
83,117022,0,1,1,0
84,102117,1,0,0,0
85,255399,0,1,0,0
86,181271,0,1,1,0
87,170875,0,1,0,0
88,244005,1,0,0,0
89,181141,0,1,1,0
90,200058,0,1,0,0
91,287319,0,1,1,0
92,7384,0,1,1,0
93,73889,0,1,0,0
94,154111,1,0,0,0
95,233157,0,1,1,0
96,168841,0,1,1,0
97,157535,0,1,1,0
98,49476,0,1,1,0
99,84600,0,1,1,0
100,218265,0,1,0,0
101,111254,1,0,0,0
102,130562,0,1,0,0
103,283133,1,0,0,0
104,75447,0,1,1,0
105,134836,0,1,1,0
106,32403,0,1,1,0
107,136117,0,1,0,0
108,59546,1,0,0,0
109,125799,1,0,0,1
110,32637,0,1,0,0
111,216244,0,1,1,0
112,294076,1,0,0,0
113,283296,0,1,0,0
114,71177,0,1,1,0
115,1613,0,1,1,0
116,136552,0,1,1,0
117,52066,1,0,0,0
118,58613,0,1,0,0
119,105396,0,1,1,0
120,102822,0,1,1,0
121,143935,0,1,0,0
122,38614,1,0,0,0
123,77790,0,1,0,0
124,157353,0,1,1,0
125,52291,1,0,0,0
126,2551,0,1,0,0
127,244241,0,1,0,0
128,58054,0,1,1,0
129,261860,1,0,0,0
130,46347,0,1,1,0
131,50322,0,1,0,0
132,184481,1,0,0,0
133,199937,0,1,1,0
134,11023,0,1,0,0
135,119785,0,1,1,0
136,284812,1,0,0,0
137,49265,0,1,0,0
138,249301,0,1,1,0
139,39357,0,1,1,0
140,220191,0,1,1,0
141,17282,0,1,0,0
142,56017,0,1,1,0
143,290248,1,0,0,0
144,126770,0,1,1,0
145,149945,0,1,0,0
146,284949,1,0,0,1
147,19613,0,1,1,0
148,238481,0,1,1,0
149,243075,0,1,0,0
150,4322,1,0,0,0
151,89247,0,0,0,1
152,67867,1,0,0,0
153,240181,0,1,0,0
154,142194,0,1,1,0
155,43938,0,1,0,0
156,220672,0,1,1,0
157,197407,1,0,0,0
158,191231,0,1,0,0
159,232134,0,1,0,1
160,90811,1,0,0,0
161,208109,0,1,1,0
162,32731,1,0,0,0
163,10408,0,1,0,0
164,94227,0,1,1,0
165,57297,0,1,1,0
166,164657,0,1,1,0
167,203212,1,0,0,0
168,197809,0,1,0,0
169,230409,1,0,0,1
170,64402,0,1,1,0
171,10384,1,0,0,0
172,7088,0,1,0,0
173,174033,0,1,1,0
174,48117,0,1,1,0
175,52537,0,1,0,0
176,219964,1,0,0,0
177,100489,0,1,1,0
178,213223,0,1,1,0
179,206922,1,0,0,0
180,116327,0,1,0,0
181,28675,0,1,1,0
182,241874,0,1,0,1
183,221298,0,1,0,0
184,196173,0,1,1,0
185,25261,1,0,0,0
186,13731,0,1,0,0
187,187967,1,0,0,0
188,20415,0,1,1,0
189,12032,0,1,1,0
190,241801,1,0,0,1
191,215165,1,0,0,0
192,101021,0,1,0,0
193,43980,0,1,1,0
194,179843,0,1,1,0
195,51199,0,1,0,0
196,92110,1,0,0,0
197,68434,0,1,1,0
198,33182,0,1,0,0
199,88071,1,0,0,0
200,295290,0,1,0,1
201,162112,0,1,0,0
202,89174,0,1,1,0
203,253690,1,0,0,0
204,69561,0,1,0,0
205,230681,0,1,1,0
206,80133,0,1,0,0
207,119530,1,0,0,0
208,127102,0,1,0,0
209,16027,0,1,1,0
210,271702,0,1,0,0
211,241500,1,0,0,0
212,125703,0,1,1,0
213,150538,0,1,0,0
214,17280,0,1,1,0
215,161913,1,0,0,0
216,226250,0,1,1,0
217,49025,0,1,0,0
218,96068,0,1,0,0
219,163575,1,0,0,0
220,47510,0,1,1,0
221,130583,0,1,1,0
222,16984,0,1,0,0
223,124497,1,0,0,0
224,105387,0,1,1,0
225,92435,0,1,0,0
226,27468,0,1,1,0
227,185469,1,0,0,0
228,53800,0,1,1,0
229,80782,0,1,0,0
230,288149,1,0,0,0
231,277005,0,1,1,0
232,295230,0,1,1,0
233,144041,1,0,0,0
234,90252,0,1,0,0
235,28676,0,1,1,0
236,123073,0,1,1,0
237,243716,1,0,0,0
238,53737,0,1,0,0
239,118213,0,1,1,0
240,97354,1,0,0,0
241,24030,0,1,0,0
242,79683,0,1,0,0
243,97119,1,0,0,0
244,110255,0,1,1,0
245,71982,0,1,0,1
246,55025,0,1,1,0
247,35922,0,1,1,0
248,16038,0,1,0,0
249,36353,1,0,0,0
250,115047,0,1,0,0
251,131616,0,1,1,0
252,8949,1,0,0,0
253,123084,0,1,1,0
254,160284,0,1,0,0
255,145183,1,0,0,0
256,88571,0,1,1,0
257,32248,0,1,0,0
258,45643,0,1,1,0
259,46421,0,1,1,0
260,139764,0,1,1,0
261,195177,1,0,0,0
262,122469,0,1,1,0
263,225730,0,0,0,1
264,42179,0,1,1,0
265,49778,0,1,1,0
266,31548,0,1,0,0
267,178458,1,0,0,0
268,144843,0,1,1,0
269,77417,0,1,1,0
270,155406,0,1,0,0
271,73797,0,1,1,0
272,154048,0,1,1,0
273,21922,1,0,0,0
274,227382,0,1,0,0
275,41746,0,0,0,1
276,239039,0,1,1,0
277,222922,1,0,0,0
278,279684,0,1,0,0
279,186023,1,0,0,0
280,55963,0,1,0,0
281,68429,0,1,1,0
282,181115,1,0,0,0
283,27383,0,1,1,0
284,46109,0,1,0,0
285,149491,0,1,1,0
286,114063,1,0,0,0
287,162806,0,1,1,0
288,233573,0,1,1,0
289,163545,1,0,0,0
290,71047,0,1,0,0
291,191991,1,0,0,1
292,108097,0,1,1,0
293,129522,1,0,0,0
294,43630,0,1,0,0
295,171701,0,1,1,0
296,242138,0,1,1,0
297,55912,1,0,0,0
298,179632,0,1,0,0
299,164454,0,1,1,0
300,30760,1,0,0,1
301,125043,0,1,1,0
302,8049,0,1,0,0
303,74927,0,1,1,0
304,68280,1,0,0,0
305,49804,0,1,0,0
306,206158,1,0,0,0
307,35149,0,1,0,0
308,227150,1,0,0,0
309,208877,0,1,0,0
310,228957,0,1,1,0
311,211821,0,1,1,0
312,71694,0,1,1,0
313,135010,1,0,0,0
314,208359,0,1,1,0
315,188175,0,1,1,0
316,58762,0,1,0,0
317,64717,1,0,0,1
318,148424,0,1,1,0
319,155163,1,0,0,0
320,165793,0,1,0,0
321,141241,0,1,1,0
322,91518,0,1,1,0
323,195878,1,0,0,0
324,71372,0,1,0,0
325,53762,1,0,0,0
326,152111,0,1,1,0
327,10762,0,1,0,0
328,212533,0,1,1,0
329,293623,0,1,1,0
330,93199,0,1,1,0
331,150953,1,0,0,1
332,194874,0,1,0,0
333,188090,1,0,0,0
334,210183,1,0,0,0
335,73459,0,1,0,0
336,7160,0,1,0,0
337,142460,0,1,1,0
338,235355,1,0,0,0
339,116458,0,1,1,0
340,220424,0,1,0,0
341,233911,1,0,0,0
342,154019,0,1,0,0
343,35767,1,0,0,0
344,241548,0,1,0,0
345,172163,1,0,0,0
346,175696,0,1,0,0
347,219560,0,1,1,0
348,125047,1,0,0,0
349,121498,0,1,1,0
350,145495,0,1,0,0
351,281514,0,1,0,0
352,168097,1,0,0,0
353,228569,0,1,1,0
354,168753,1,0,0,0
355,28501,0,1,1,0
356,239452,0,1,0,0
357,44975,1,0,0,0
358,160939,1,0,0,0
359,191342,0,1,0,0
360,132708,0,1,0,1
361,160066,0,1,1,0
362,46823,1,0,0,0
363,189296,0,1,1,0
364,280892,0,1,0,0
365,190609,1,0,0,0
366,125468,0,1,0,0
367,264842,1,0,0,0
368,107456,0,1,1,0
369,163936,0,1,0,0
370,214186,0,1,1,0
371,8409,0,1,1,0
372,6931,1,0,0,1
373,172205,1,0,0,0
374,208925,0,1,0,0
375,130187,1,0,0,0
376,177187,0,1,0,0
377,112687,1,0,0,0
378,67922,0,1,0,0
379,66921,0,1,0,0
380,90628,1,0,0,0
381,73385,0,1,0,0
382,235853,1,0,0,0
383,173024,0,1,1,0
384,6585,0,1,0,0
385,185746,1,0,0,0
386,149206,0,1,0,0
387,200120,1,0,0,0
388,114281,0,1,0,0
389,88989,0,1,1,0
390,127840,1,0,0,0
391,230621,0,1,0,0
392,83629,1,0,0,0
393,39544,0,1,0,0
394,124672,0,1,0,1
395,159917,0,1,0,0
396,245918,1,0,0,0
397,208322,0,1,0,0
398,158044,1,0,0,0
399,185822,0,1,0,0
400,253312,1,0,0,0
401,52691,0,1,1,0
402,73736,0,1,0,0
403,60448,0,1,1,0
404,73963,1,0,0,0
405,234510,0,1,0,0
406,214395,1,0,0,0
407,232809,1,0,0,0
408,7949,0,1,0,0
409,74099,0,1,1,0
410,217613,1,0,0,0
411,188597,0,1,0,0
412,129239,0,1,1,0
413,171971,0,1,1,0
414,123693,0,1,0,0
415,234642,1,0,0,0
416,54606,1,0,0,0
417,92769,0,1,0,0
418,285341,1,0,0,0
419,233647,0,1,0,0
420,55282,0,1,1,0
421,21110,0,0,0,1
422,4021,1,0,0,0
423,35596,0,0,0,1
424,81794,0,1,0,0
425,48775,1,0,0,0
426,5272,0,1,1,0
427,201410,0,1,1,0
428,163497,0,1,0,0
429,57044,1,0,0,0
430,179441,0,1,0,0
431,69308,0,1,1,0
432,128594,1,0,0,0
433,85189,0,1,1,0
434,220959,0,1,1,0
435,48653,0,1,0,0
436,24692,1,0,0,0
437,60857,1,0,0,1
438,215894,0,1,1,0
439,33302,1,0,0,0
440,139517,0,1,0,0
441,133768,0,1,1,0
442,284677,1,0,0,0
443,53927,0,1,0,0
444,47467,0,1,0,0
445,164123,0,1,1,0
446,99595,1,0,0,0
447,182366,0,1,0,0
448,73699,0,1,1,0
449,18952,0,1,1,0
450,290406,1,0,0,0
451,203109,0,1,0,1
452,18215,0,1,0,0
453,82770,1,0,0,0
454,178667,0,1,1,0
455,8878,0,1,0,0
456,233793,0,1,1,0
457,45214,0,1,1,0
458,63015,1,0,0,0
459,22188,0,1,1,0
460,80343,0,1,1,0
461,18004,0,1,0,0
462,123359,0,1,1,0
463,95961,1,0,0,0
464,222593,0,1,0,0
465,35589,0,1,1,0
466,18307,1,0,0,0
467,81790,1,0,0,1
468,56668,0,1,0,0
469,180070,1,0,0,0
470,85058,0,1,1,0
471,128682,0,1,0,0
472,107678,0,1,1,0
473,112947,0,1,1,0
474,285990,1,0,0,0
475,93960,0,1,0,0
476,59465,1,0,0,0
477,181782,0,1,0,0
478,165531,0,1,1,0
479,1824,0,1,1,0
480,42156,1,0,0,0
481,30415,0,1,0,0
482,102828,0,1,1,0
483,232454,1,0,0,0
484,20816,0,1,0,0
485,162474,0,1,1,0
486,178744,1,0,0,0
487,194664,0,1,1,0
488,281287,0,1,0,0
489,217587,0,0,0,1
490,45853,1,0,0,0
491,81353,0,1,0,0
492,138450,1,0,0,0
493,91201,0,1,0,0
494,121302,0,1,0,0
495,44906,1,0,0,0
496,65941,0,1,1,0
497,149693,0,1,0,0
498,199543,1,0,0,0
499,91140,0,1,1,0
500,178962,0,1,0,0
501,208674,1,0,0,0
502,211170,1,0,0,1
503,123811,1,0,0,0
504,234218,0,1,0,0
505,204357,1,0,0,0
506,65050,0,1,0,0
507,154860,0,1,1,0
508,160765,1,0,0,0
509,157540,0,1,0,0
510,149133,1,0,0,1
511,195488,1,0,0,0
512,192750,0,1,1,0
513,128588,0,1,0,0
514,179870,1,0,0,0
515,144152,0,1,1,0
516,2751,0,1,0,0
517,131447,1,0,0,0
518,165383,0,1,1,0
519,176481,0,1,0,0
520,106959,1,0,0,0
521,174281,0,1,0,0
522,707,1,0,0,0
523,85047,0,1,0,0
524,116911,0,1,1,0
525,148332,0,1,0,1
526,86361,0,1,1,0
527,245211,1,0,0,0
528,110559,0,1,1,0
529,91392,0,1,0,0
530,288292,0,1,1,0
531,130125,0,1,1,0
532,160776,0,1,0,0
533,188347,1,0,0,0
534,170863,0,1,1,0
535,110014,0,1,1,0
536,21927,0,1,0,0
537,37062,0,1,1,0
538,105721,1,0,0,0
539,31857,0,1,0,0
540,269683,1,0,0,0
541,91014,1,0,0,1
542,144973,0,1,1,0
543,28446,0,1,0,0
544,8955,1,0,0,0
545,172491,0,1,1,0
546,171103,0,1,0,0
547,97142,1,0,0,0
548,82229,0,1,1,0
549,26343,1,0,0,0
550,104084,0,1,0,0
551,69436,0,1,1,0
552,42078,0,1,1,0
553,110846,1,0,0,0
554,155957,0,1,0,0
555,45185,0,1,0,0
556,85562,1,0,0,0
557,76705,1,0,0,0
558,204342,0,1,0,0
559,78876,0,1,0,0
560,58466,1,0,0,0
561,12245,0,1,1,0
562,175637,0,1,0,0
563,225596,1,0,0,0
564,97303,0,1,1,0
565,132370,0,1,1,0
566,182315,0,1,1,0
567,155210,0,1,0,0
568,151482,0,1,1,0
569,26557,0,1,0,0
570,257887,1,0,0,0
571,194525,0,1,1,0
572,210698,0,1,1,0
573,10259,0,1,1,0
574,137384,1,0,0,0
575,126978,0,1,0,0
576,7417,0,1,1,0
577,17596,0,1,1,0
578,126966,0,1,1,0
579,175513,0,1,1,0
580,85570,0,1,0,0
581,70516,1,0,0,0
582,139067,0,1,1,0
583,207951,0,1,0,1
584,157078,0,1,1,0
585,184825,0,1,0,0
586,99927,1,0,0,0
587,250087,1,0,0,1
588,86760,0,1,1,0
589,52649,0,1,1,0
590,67809,1,0,0,0
591,193649,0,1,0,0
592,191188,0,1,0,0
593,272326,1,0,0,0
594,157576,0,0,0,1
595,92667,0,1,1,0
596,150007,0,1,0,0
597,219790,0,1,1,0
598,17376,1,0,0,0
599,85462,0,1,0,0
600,194109,0,1,1,0
601,176779,1,0,0,0
602,38725,0,1,0,0
603,216500,0,1,1,0
604,224933,0,1,1,0
605,167614,1,0,0,0
606,236648,0,1,0,0
607,76415,0,1,1,0
608,218104,1,0,0,0
609,88151,0,1,0,0
610,15206,0,1,0,0
611,1213,0,1,1,0
612,68230,0,1,1,0
613,114874,1,0,0,0
614,199337,0,1,0,0
615,109939,1,0,0,0
616,50319,0,1,0,0
617,54637,0,1,1,0
618,209589,1,0,0,0
619,111596,0,1,0,0
620,197721,0,1,1,0
621,145529,0,1,0,0
622,74520,0,1,1,0
623,72231,1,0,0,0
624,188469,0,1,0,0
625,123159,1,0,0,1
626,123984,0,1,1,0
627,102722,1,0,0,0
628,125379,0,1,0,0
629,260791,1,0,0,0
630,189211,0,1,1,0
631,221854,0,1,0,0
632,49605,1,0,0,0
633,35541,0,1,1,0
634,160538,0,1,0,0
635,65079,1,0,0,0
636,16614,0,1,1,0
637,123220,0,1,0,1
638,124340,0,1,0,0
639,282874,1,0,0,0
640,91226,0,1,0,0
641,45552,1,0,0,0
642,63696,0,1,1,0
643,102574,0,1,1,0
644,36415,0,0,0,1
645,97232,0,1,0,0
646,271694,1,0,0,0
647,166597,0,1,1,0
648,130130,0,1,0,0
649,256619,1,0,0,0
650,58730,0,1,1,0
651,141198,0,1,0,0
652,197434,1,0,0,0
653,148141,0,1,0,0
654,23221,1,0,0,0
655,23251,0,1,1,0
656,85102,1,0,0,0
657,15835,0,1,0,0
658,167291,0,1,1,0
659,205545,0,1,1,0
660,112778,1,0,0,0
661,203974,0,1,1,0
662,36400,0,1,0,0
663,176165,0,1,1,0
664,140749,0,1,1,0
665,233268,1,0,0,0
666,206279,0,1,1,0
667,44105,0,1,0,0
668,49809,1,0,0,0
669,198162,0,1,0,0
670,238117,1,0,0,0
671,105636,1,0,0,1
672,119918,0,1,0,0
673,222073,0,1,1,0
674,95020,0,1,1,0
675,243801,1,0,0,0
676,30801,0,1,1,0
677,100818,0,1,0,0
678,37537,1,0,0,0
679,225133,0,1,1,0
680,184072,0,1,0,0
681,83797,1,0,0,0
682,223984,0,1,0,0
683,125617,0,1,0,0
684,212009,1,0,0,0
685,11606,0,1,1,0
686,177670,1,0,0,0
687,181745,0,1,0,0
688,115211,0,1,1,0
689,216058,1,0,0,0
690,64806,0,1,0,0
691,176136,1,0,0,1
692,47982,1,0,0,0
693,143841,0,1,0,0
694,92529,1,0,0,0
695,91472,0,1,0,0
696,143646,0,1,1,0
697,124684,1,0,0,0
698,205698,0,1,0,0
699,260602,1,0,0,0
700,148869,0,1,0,0
701,60026,1,0,0,0
702,191556,0,1,0,0
703,166572,1,0,0,0
704,293478,0,1,0,0
705,53041,0,1,1,0
706,288605,1,0,0,0
707,207197,0,1,1,0
708,197180,0,1,1,0
709,210185,1,0,0,0
710,287626,0,1,0,0
711,229667,0,1,1,0
712,117403,0,1,1,0
713,141184,0,1,0,0
714,176101,0,1,1,0
715,56495,1,0,0,0
716,220654,1,0,0,0
717,635,0,1,0,0
718,258690,1,0,0,0
719,225581,0,1,0,0
720,187009,0,1,0,0
721,125323,1,0,0,0
722,133268,0,1,0,0
723,170286,1,0,0,0
724,283802,0,1,1,0
725,238793,0,1,0,0
726,224304,0,1,1,0
727,73803,0,1,1,0
728,92997,1,0,0,0
729,51579,0,1,1,0
730,22883,0,1,0,0
731,201264,0,1,1,0
732,122087,0,1,1,0
733,56767,1,0,0,0
734,91296,0,1,1,0
735,133471,0,1,0,0
736,136726,1,0,0,0
737,26727,0,1,0,0
738,128493,1,0,0,0
739,81048,0,1,1,0
740,96495,1,0,0,0
741,80094,0,1,1,0
742,88273,0,1,1,0
743,121419,0,1,1,0
744,23937,0,1,0,0
745,116716,1,0,0,0
746,48859,0,1,1,0
747,153346,0,1,0,0
748,223491,1,0,0,0
749,36505,0,1,1,0
750,259658,1,0,0,0
751,229505,0,1,0,0
752,100107,1,0,0,0
753,162717,0,1,0,1
754,133438,0,1,1,0
755,142985,0,1,0,0
756,208694,1,0,0,0
757,96630,0,0,0,1
758,142914,0,1,0,0
759,20727,0,1,1,0
760,102676,1,0,0,0
761,128676,0,1,0,0
762,220272,1,0,0,0
763,45529,0,1,1,0
764,98114,0,1,0,0
765,37329,0,1,1,0
766,97290,0,1,1,0
767,114048,1,0,0,0
768,205588,0,1,0,0
769,21685,1,0,0,0
770,211137,0,1,1,0
771,173999,0,1,1,0
772,271010,0,1,0,0
773,135774,1,0,0,0
774,194204,0,1,0,0
775,97332,1,0,0,0
776,128377,0,1,0,1
777,161169,0,1,0,0
778,64644,0,1,1,0
779,106192,1,0,0,0
780,85249,0,1,1,0
781,154904,0,1,1,0
782,176902,0,1,0,0
783,16152,0,1,1,0
784,220249,1,0,0,0
785,66407,0,1,1,0
786,51644,0,1,1,0
787,150548,0,1,1,0
788,242076,1,0,0,0
789,93510,0,1,1,0
790,201780,0,1,0,0
791,161637,1,0,0,0
792,84265,0,1,0,0
793,126024,0,1,1,0
794,141732,0,1,1,0
795,27787,0,0,0,1
796,144709,1,0,0,0
797,132338,0,1,0,0
798,196531,1,0,0,0
799,70690,0,1,1,0
800,170181,0,1,0,0
801,234641,0,1,1,0
802,64157,1,0,0,0
803,133767,0,1,1,0
804,72035,0,1,0,0
805,174553,1,0,0,1
806,226581,0,1,0,0
807,182412,1,0,0,0
808,125741,0,1,1,0
809,241606,0,1,0,0
810,125314,1,0,0,0
811,281044,0,1,1,0
812,118400,0,1,1,0
813,26163,0,1,1,0
814,7342,0,1,0,0
815,180906,0,1,1,0
816,132018,1,0,0,0
817,83337,1,0,0,1
818,33878,0,1,0,0
819,230855,1,0,0,0
820,116587,0,1,1,0
821,204954,0,1,1,0
822,215114,1,0,0,0
823,130743,0,1,0,0
824,276994,1,0,0,0
825,210676,0,1,1,0
826,64855,0,1,1,0
827,154692,0,1,0,1
828,88555,0,1,0,0
829,10487,0,1,1,0
830,142918,1,0,0,0
831,141736,0,1,1,0
832,175192,0,1,0,0
833,59644,1,0,0,0
834,92907,0,1,1,0
835,80611,0,1,0,0
836,194476,1,0,0,0
837,123201,0,1,1,0
838,122154,0,1,0,0
839,107563,0,1,1,0
840,61328,1,0,0,0
841,35020,0,1,1,0
842,72852,0,1,0,0
843,55506,1,0,0,0
844,157144,0,1,0,0
845,168,1,0,0,0
846,137584,0,1,1,0
847,108532,0,1,0,0
848,61286,1,0,0,0
849,277473,0,1,0,0
850,38907,0,1,1,0
851,135095,1,0,0,0
852,231278,0,1,1,0
853,290642,0,1,1,0
854,50150,0,1,0,0
855,119864,1,0,0,1
856,79589,1,0,0,0
857,48488,0,1,1,0
858,220277,0,1,0,0
859,237595,0,1,1,0
860,70036,1,0,0,0
861,251548,0,1,1,0
862,239272,0,1,1,0
863,194979,0,1,0,1
864,27837,1,0,0,0
865,150586,0,1,0,0
866,274932,1,0,0,0
867,101490,0,1,1,0
868,69247,0,1,0,0
869,167588,0,1,0,0
870,73970,1,0,0,0
871,40165,1,0,0,0
872,114633,0,1,0,0
873,41363,1,0,0,0
874,206983,0,1,0,0
875,235242,0,1,1,0
876,199404,0,1,1,0
877,83575,0,1,1,0
878,117788,1,0,0,0
879,89662,0,1,0,0
880,181323,0,1,1,0
881,159484,0,1,0,0
882,23371,1,0,0,0
883,183770,1,0,0,1
884,117811,0,1,1,0
885,159350,0,1,0,0
886,233297,0,1,1,0
887,153598,0,1,1,0
888,15224,1,0,0,0
889,215637,0,1,0,0
890,81779,0,1,1,0
891,112950,0,0,0,1
892,99829,0,1,1,0
893,215608,0,1,1,0
894,134644,1,0,0,0
895,99841,0,1,0,0
896,134301,1,0,0,0
897,166619,0,1,0,0
898,66547,1,0,0,0
899,182207,0,1,0,0
900,99336,0,1,1,0
901,145213,1,0,0,0
902,46964,0,1,1,0
903,294475,0,1,1,0
904,233630,0,1,0,0
905,214518,1,0,0,0
906,118849,0,1,1,0
907,46474,0,1,1,0
908,115575,0,0,0,1
909,165753,1,0,0,0
910,244869,0,1,0,0
911,46954,0,1,0,0
912,259901,1,0,0,0
913,265541,0,1,0,0
914,73401,1,0,0,0
915,35432,0,1,0,1
916,205452,0,1,0,0
917,35439,0,1,1,0
918,72491,1,0,0,0
919,20871,0,1,1,0
920,17511,0,1,0,0
921,242507,0,1,1,0
922,87992,1,0,0,0
923,51401,0,1,0,0
924,211585,0,1,1,0
925,130964,1,0,0,0
926,227483,0,1,0,0
927,75765,1,0,0,0
928,222193,0,1,0,0
929,196160,0,1,1,0
930,224884,1,0,0,0
931,67531,0,1,0,0
932,88397,0,1,1,0
933,243636,0,1,1,0
934,140026,0,1,0,0
935,142004,1,0,0,0
936,128300,0,1,1,0
937,280918,0,1,1,0
938,235210,0,1,0,0
939,101039,1,0,0,0
940,256437,1,0,0,1
941,240482,0,1,1,0
942,45757,0,1,1,0
943,106411,1,0,0,0
944,241669,0,1,0,0
945,133082,1,0,0,0
946,49140,0,1,0,1
947,238328,0,1,0,0
948,151845,1,0,0,0
949,127643,0,1,0,0
950,188722,0,1,0,1
951,58617,1,0,0,0
952,224548,0,1,1,0
953,74982,0,1,0,0
954,227234,0,1,1,0
955,64527,1,0,0,0
956,194427,1,0,0,1
957,60837,0,1,0,0
958,8853,1,0,0,0
959,75267,0,1,0,0
960,277146,1,0,0,0
961,234126,0,1,1,0
962,85499,0,1,0,0
963,223098,1,0,0,0
964,221898,0,1,1,0
965,203647,0,1,0,0
966,55519,1,0,0,0
967,99400,0,1,1,0
968,294341,0,1,1,0
969,220282,0,1,0,0
970,118549,1,0,0,0
971,143884,0,1,0,0
972,114440,1,0,0,0
973,86695,0,1,1,0
974,166934,1,0,0,0
975,110822,0,1,0,0
976,123884,1,0,0,0
977,35339,0,1,1,0
978,138486,0,1,0,0
979,115232,0,1,0,1
980,74752,0,1,1,0
981,10993,0,1,1,0
982,177103,1,0,0,0
983,124307,0,1,1,0
984,137016,0,1,1,0
985,60587,0,1,1,0
986,21689,0,1,1,0
987,222978,0,1,0,0
988,222379,0,1,1,0
989,128807,1,0,0,0
990,91274,0,1,0,0
991,267542,1,0,0,0
992,119204,0,1,1,0
993,255222,0,1,0,0
994,173307,1,0,0,0
995,267529,0,1,0,0
996,234520,1,0,0,0
997,50883,0,1,1,0
998,32219,0,1,0,0
999,121740,1,0,0,0
1000,74905,0,1,0,1
1001,117618,0,1,0,0
1002,108020,1,0,0,0
1003,194555,1,0,0,1
1004,291598,0,1,1,0
1005,77940,0,1,0,0
1006,116087,1,0,0,0
1007,8111,0,1,0,0
1008,230796,1,0,0,0
1009,161349,0,1,1,0
1010,240713,1,0,0,1
1011,142241,0,1,1,0
1012,92081,0,1,0,0
1013,43639,1,0,0,0
1014,242987,1,0,0,0
1015,239275,0,1,1,0
1016,103603,0,1,0,0
1017,193544,1,0,0,0
1018,162650,0,1,1,0
1019,249611,0,1,0,0
1020,94913,1,0,0,0
1021,20248,0,1,1,0
1022,159480,0,1,0,0
1023,258436,1,0,0,0
1024,9332,1,0,0,0
1025,235307,0,1,0,0
1026,144161,0,1,0,0
1027,251693,1,0,0,0
1028,58768,0,1,1,0
1029,45362,0,1,1,0
1030,120649,0,1,1,0
1031,77849,0,1,0,0
1032,243563,1,0,0,0
1033,73910,0,1,1,0
1034,94101,1,0,0,0
1035,213117,0,1,0,0
1036,30119,0,1,1,0
1037,73861,1,0,0,0
1038,56957,0,1,0,0
1039,45380,1,0,0,0
1040,199989,1,0,0,1
1041,91238,0,1,0,0
1042,213012,1,0,0,0
1043,7713,0,1,1,0
1044,59071,1,0,0,0
1045,24437,0,1,0,0
1046,131295,0,1,1,0
1047,19949,1,0,0,0
1048,57873,0,1,0,0
1049,16924,0,1,0,1
1050,74601,0,1,1,0
1051,194714,0,1,1,0
1052,242546,1,0,0,0
1053,141561,0,1,0,0
1054,122314,0,0,0,1
1055,67988,0,1,1,0
1056,139507,0,1,1,0
1057,18563,1,0,0,0
1058,204807,1,0,0,1
1059,24846,0,1,0,0
1060,181145,1,0,0,0
1061,155873,0,0,0,1
1062,206042,0,1,0,0
1063,129556,1,0,0,0
1064,85974,0,1,0,0
1065,12918,1,0,0,0
1066,35072,0,1,0,0
1067,201098,0,1,0,1
1068,63424,1,0,0,0
1069,111820,0,1,1,0
1070,51615,0,1,0,0
1071,242923,0,1,1,0
1072,27135,1,0,0,0
1073,175154,0,1,1,0
1074,31031,0,1,1,0
1075,17509,0,1,0,1
1076,85587,0,1,0,0
1077,210726,1,0,0,0
1078,53151,0,1,1,0
1079,132947,0,1,1,0
1080,247097,1,0,0,0
1081,93011,0,1,0,0
1082,137770,1,0,0,0
1083,185004,0,1,1,0
1084,80900,0,0,0,1
1085,212263,0,1,0,0
1086,218916,1,0,0,0
1087,193786,0,1,0,0
1088,126794,0,1,1,0
1089,229247,0,1,1,0
1090,135759,1,0,0,0
1091,102877,0,1,0,0
1092,248165,1,0,0,1
1093,236401,0,1,1,0
1094,57118,1,0,0,0
1095,90045,0,1,0,0
1096,50075,0,1,1,0
1097,167612,1,0,0,0
1098,125134,0,1,0,0
1099,69730,0,1,1,0
1100,131533,0,1,1,0
1101,118497,0,1,0,1
1102,87708,1,0,0,0
1103,216781,0,1,1,0
1104,82829,0,1,0,0
1105,118145,0,1,1,0
1106,210229,0,1,1,0
1107,245700,1,0,0,0
1108,228496,0,1,1,0
1109,227971,0,1,0,0
1110,140379,1,0,0,0
1111,106596,0,1,0,0
1112,209783,0,1,1,0
1113,156751,1,0,0,0
1114,179526,0,1,0,0
1115,150118,1,0,0,0
1116,137845,0,0,0,1
1117,32095,0,1,1,0
1118,140501,0,1,1,0
1119,3407,0,1,0,0
1120,149285,1,0,0,0
1121,264663,0,1,0,0
1122,175627,0,1,1,0
1123,136695,1,0,0,0
1124,109224,0,1,1,0
1125,20917,0,1,0,0
1126,9359,0,1,1,0
1127,178732,0,0,0,1
1128,290036,0,1,1,0
1129,65465,1,0,0,0
1130,195196,1,0,0,0
1131,239823,1,0,0,1
1132,102902,0,1,0,0
1133,229105,0,1,1,0
1134,73119,1,0,0,0
1135,204921,0,1,0,0
1136,49812,1,0,0,0
1137,290106,0,1,0,1
1138,51478,0,1,0,0
1139,26858,0,1,1,0
1140,14961,1,0,0,0
1141,136233,0,1,0,0
1142,279260,0,1,1,0
1143,130746,1,0,0,0
1144,50375,0,1,0,0
1145,44308,0,1,1,0
1146,69936,0,1,1,0
1147,261087,1,0,0,0
1148,152986,0,1,0,1
1149,167282,0,1,0,0
1150,261597,1,0,0,0
1151,87941,0,1,0,1
1152,280681,0,1,0,0
1153,60625,1,0,0,0
1154,26665,0,1,1,0
1155,154566,0,1,0,1
1156,244536,0,1,1,0
1157,77111,1,0,0,0
1158,173325,0,1,0,0
1159,218825,0,1,1,0
1160,10601,0,1,1,0
1161,165182,1,0,0,0
1162,143953,0,1,0,0
1163,137130,0,1,1,0
1164,219331,1,0,0,0
1165,142561,0,1,1,0
1166,217985,0,1,0,0
1167,38221,1,0,0,0
1168,136874,0,1,0,0
1169,32737,0,1,1,0
1170,247689,1,0,0,0
1171,4162,0,1,1,0
1172,151354,0,1,0,0
1173,203162,1,0,0,1
1174,41882,1,0,0,0
1175,85530,0,1,0,0
1176,122712,0,1,1,0
1177,6649,1,0,0,0
1178,9413,1,0,0,1
1179,110458,0,1,0,0
1180,201501,1,0,0,0
1181,8421,0,1,1,0
1182,30925,1,0,0,0
1183,60497,0,1,1,0
1184,288316,0,1,0,0
1185,111679,1,0,0,0
1186,197438,0,1,0,0
1187,84247,0,1,0,1
1188,49774,1,0,0,0
1189,208950,0,1,1,0
1190,11732,0,1,0,0
1191,27872,0,1,1,0
1192,52788,0,1,1,0
1193,172103,1,0,0,0
1194,141800,0,1,0,0
1195,36463,0,1,1,0
1196,162072,1,0,0,0
1197,91798,0,1,0,0
1198,129418,1,0,0,0
1199,214589,0,1,0,0
1200,161167,1,0,0,0
1201,226064,0,1,1,0
1202,215968,0,1,0,1
1203,79134,0,1,0,0
1204,157716,1,0,0,0
1205,85402,0,1,0,0
1206,278744,0,1,1,0
1207,229921,1,0,0,0
1208,64678,0,1,0,0
1209,55597,1,0,0,0
1210,234741,1,0,0,1
1211,43788,0,1,0,0
1212,161257,1,0,0,0
1213,161977,1,0,0,1
1214,41398,0,1,0,0
1215,230591,0,1,0,0
1216,162075,1,0,0,0
1217,41362,0,1,1,0
1218,52090,0,1,0,1
1219,17098,0,1,1,0
1220,196009,0,1,1,0
1221,58940,0,1,1,0
1222,239430,0,1,0,0
1223,100389,0,1,0,1
1224,112432,1,0,0,0
1225,83855,0,1,1,0
1226,221902,0,1,1,0
1227,17072,1,0,0,0
1228,135545,0,1,0,0
1229,203476,1,0,0,0
1230,42006,0,1,1,0
1231,211286,0,1,0,0
1232,226723,1,0,0,0
1233,91501,1,0,0,0
1234,215247,0,1,0,0
1235,180799,0,1,1,0
1236,208183,1,0,0,0
1237,113505,0,1,1,0
1238,134502,0,1,0,0
1239,78131,1,0,0,1
1240,185656,0,1,1,0
1241,30905,1,0,0,0
1242,105851,0,1,0,0
1243,90615,0,1,0,1
1244,117851,0,1,0,0
1245,168847,1,0,0,0
1246,81531,0,1,0,0
1247,170874,0,1,1,0
1248,97424,1,0,0,0
1249,129279,0,1,1,0
1250,162008,0,1,0,0
1251,45840,1,0,0,0
1252,232673,0,1,1,0
1253,50365,0,1,0,0
1254,30778,1,0,0,0
1255,76937,0,1,0,0
1256,222879,1,0,0,1
1257,210777,1,0,0,0
1258,87969,0,1,1,0
1259,149395,0,1,0,0
1260,7691,0,1,0,1
1261,151925,1,0,0,0
1262,111012,0,1,0,0
1263,117721,1,0,0,0
1264,129757,0,1,0,0
1265,135215,1,0,0,0
1266,123569,0,1,1,0
1267,206350,1,0,0,0
1268,140281,0,1,0,0
1269,178406,1,0,0,0
1270,214274,0,1,0,0
1271,200329,0,1,0,0
1272,133845,1,0,0,0
1273,37221,0,1,1,0
1274,217732,1,0,0,1
1275,27044,0,1,0,0
1276,191244,1,0,0,0
1277,120936,0,1,0,1
1278,195914,0,1,0,0
1279,112161,1,0,0,0
1280,76574,0,1,1,0
1281,150369,0,1,0,0
1282,290660,1,0,0,0
1283,95181,0,1,0,0
1284,96356,0,1,1,0
1285,90326,1,0,0,0
1286,75433,0,1,0,0
1287,175843,1,0,0,0
1288,125157,0,1,0,0
1289,120049,1,0,0,0
1290,210661,0,1,1,0
1291,41530,0,1,0,0
1292,88385,0,1,1,0
1293,169914,0,1,1,0
1294,2848,1,0,0,1
1295,216658,1,0,0,0
1296,186277,0,1,1,0
1297,109594,0,1,0,1
1298,238299,0,1,1,0
1299,233486,0,1,0,0
1300,86210,1,0,0,0
1301,286402,0,1,0,0
1302,161395,1,0,0,0
1303,217765,0,1,0,1
1304,38167,0,1,1,0
1305,111402,0,1,1,0
1306,40798,0,0,0,1
1307,31508,0,1,1,0
1308,56000,1,0,0,0
1309,136236,0,1,0,0
1310,236562,0,1,1,0
1311,139426,0,1,0,0
1312,121436,1,0,0,0
1313,86918,0,1,1,0
1314,77298,0,1,0,0
1315,178698,1,0,0,0
1316,123266,0,1,1,0
1317,28789,1,0,0,0
1318,177260,0,1,1,0
1319,188366,0,1,0,0
1320,169185,0,0,0,1
1321,218828,1,0,0,1
1322,117394,1,0,0,0
1323,223576,0,1,1,0
1324,57724,0,1,0,0
1325,204886,1,0,0,0
1326,29934,0,1,1,0
1327,120168,0,1,1,0
1328,129988,0,1,0,0
1329,157817,1,0,0,0
1330,245091,0,1,1,0
1331,221023,0,1,1,0
1332,228877,0,1,0,0
1333,257792,1,0,0,0
1334,169565,1,0,0,0
1335,62330,0,1,0,0
1336,158276,1,0,0,0
1337,188721,0,1,1,0
1338,226549,0,1,0,0
1339,76031,0,1,1,0
1340,88083,1,0,0,0
1341,37566,0,1,1,0
1342,20116,0,1,0,0
1343,139205,1,0,0,1
1344,19106,1,0,0,0
1345,209802,0,1,0,0
1346,113653,1,0,0,0
1347,156136,0,1,0,0
1348,233135,1,0,0,0
1349,224628,0,1,0,1
1350,118056,0,1,1,0
1351,35475,0,1,0,0
1352,192613,1,0,0,0
1353,102449,1,0,0,0
1354,64332,0,1,1,0
1355,192737,1,0,0,1
1356,38141,0,1,0,0
1357,212125,0,1,1,0
1358,234943,0,1,0,0
1359,185838,1,0,0,0
1360,182249,1,0,0,0
1361,77683,0,1,0,1
1362,94532,0,1,0,0
1363,234031,0,1,1,0
1364,65107,1,0,0,0
1365,61075,0,1,1,0
1366,206587,0,1,0,0
1367,48956,1,0,0,1
1368,279345,1,0,0,0
1369,222516,0,1,0,0
1370,252920,1,0,0,0
1371,157234,0,1,1,0
1372,174869,0,1,0,0
1373,22216,1,0,0,0
1374,88735,0,1,0,0
1375,55239,1,0,0,0
1376,222823,0,1,0,0
1377,257297,0,1,1,0
1378,175715,1,0,0,0
1379,125171,0,1,0,0
1380,153453,1,0,0,1
1381,107958,1,0,0,0
1382,1405,0,1,1,0
1383,219022,0,1,0,0
1384,161499,1,0,0,0
1385,9573,0,1,1,0
1386,17960,0,1,0,0
1387,193925,1,0,0,0
1388,20020,0,1,0,1
1389,178470,1,0,0,0
1390,20999,0,1,0,0
1391,140685,0,1,0,1
1392,257186,1,0,0,0
1393,37236,0,1,0,0
1394,208897,0,1,1,0
1395,139167,1,0,0,0
1396,46794,0,1,0,1
1397,22952,0,1,1,0
1398,23343,0,1,1,0
1399,64464,0,1,0,0
1400,131919,1,0,0,0
1401,216765,1,0,0,0
1402,152384,0,1,0,0
1403,129890,0,1,0,1
1404,145189,1,0,0,0
1405,256758,1,0,0,1
1406,110387,0,1,1,0
1407,212809,0,1,1,0
1408,21597,0,1,0,0
1409,192190,0,1,1,0
1410,122013,1,0,0,0
1411,183516,0,1,0,0
1412,18891,0,1,1,0
1413,63851,1,0,0,0
1414,75979,0,0,0,1
1415,45735,0,1,1,0
1416,213792,0,1,1,0
1417,142475,0,1,0,0
1418,221264,1,0,0,0
1419,60933,0,1,1,0
1420,89527,0,1,0,0
1421,270056,1,0,0,0
1422,119873,1,0,0,0
1423,249759,1,0,0,1
1424,225937,0,1,1,0
1425,85615,0,1,0,0
1426,40578,1,0,0,0
1427,59511,0,1,0,0
1428,193193,1,0,0,1
1429,227810,1,0,0,0
1430,142571,1,0,0,0
1431,60926,0,1,0,0
1432,208068,0,1,1,0
1433,41022,1,0,0,0
1434,30851,0,1,0,0
1435,150709,1,0,0,0
1436,161668,0,1,1,0
1437,101478,0,1,0,0
1438,185226,0,1,0,1
1439,203885,1,0,0,0
1440,254300,0,1,0,0
1441,101520,1,0,0,0
1442,38596,1,0,0,1
1443,17846,0,1,1,0
1444,212149,0,1,1,0
1445,161750,0,1,0,0
1446,11863,1,0,0,0
1447,219232,0,1,1,0
1448,129186,0,1,0,0
1449,101006,0,1,0,0
1450,266391,1,0,0,0
1451,140491,0,1,1,0
1452,15650,0,1,0,0
1453,265990,1,0,0,0
1454,207393,0,1,0,0
1455,229490,0,1,1,0
1456,124043,1,0,0,0
1457,177862,0,1,0,0
1458,135045,0,1,1,0
1459,44098,1,0,0,0
1460,83312,0,1,0,0
1461,134605,0,1,1,0
1462,73018,0,1,1,0
1463,283887,1,0,0,0
1464,185866,0,1,0,0
1465,154253,0,1,0,1
1466,20945,1,0,0,0
1467,18518,0,1,0,0
1468,272268,1,0,0,0
1469,151009,0,1,0,1
1470,192351,0,1,0,0
1471,45479,1,0,0,0
1472,23724,0,1,0,1
1473,173035,0,1,0,0
1474,70446,1,0,0,0
1475,7303,0,1,1,0
1476,159983,1,0,0,0
1477,81972,0,1,1,0
1478,136030,0,1,0,0
1479,21300,0,1,1,0
1480,177219,0,1,1,0
1481,10927,0,1,0,0
1482,100774,1,0,0,0
1483,210858,1,0,0,1
1484,111301,0,1,0,0
1485,58623,0,1,1,0
1486,179143,1,0,0,0
1487,178770,0,1,1,0
1488,77167,0,1,0,0
1489,184109,1,0,0,0
1490,209584,0,1,0,0
1491,138728,1,0,0,0
1492,95866,1,0,0,0
1493,229358,0,1,0,0
1494,432,0,0,0,1
1495,54081,1,0,0,0
1496,235250,0,1,0,0
1497,60805,0,1,0,1
1498,290919,1,0,0,0
1499,79767,0,1,0,0
1500,23304,1,0,0,0
1501,5056,0,1,0,0
1502,156379,1,0,0,0
1503,19021,0,1,0,0
1504,116148,1,0,0,0
1505,125328,1,0,0,1
1506,21088,0,1,0,0
1507,17658,1,0,0,0
1508,90053,0,1,1,0
1509,289266,1,0,0,0
1510,119911,1,0,0,1
1511,58262,1,0,0,0
1512,277836,0,1,0,0
1513,57203,0,1,0,0
1514,98885,1,0,0,0
1515,220169,1,0,0,0
1516,195525,0,1,1,0
1517,153522,0,1,0,0
1518,115114,1,0,0,0
1519,122134,0,0,0,1
1520,14842,0,1,0,0
1521,176415,0,1,1,0
1522,60171,1,0,0,0
1523,95536,0,1,1,0
1524,233045,0,1,0,0
1525,150145,1,0,0,0
1526,32609,0,1,1,0
1527,119195,1,0,0,0
1528,17584,0,1,0,1
1529,204095,0,1,0,0
1530,152079,0,1,1,0
1531,262911,1,0,0,0
1532,138055,0,1,0,0
1533,200198,1,0,0,0
1534,54777,0,1,0,0
1535,5520,1,0,0,0
1536,26294,0,1,0,1
1537,175449,0,1,0,0
1538,73602,1,0,0,0
1539,293966,0,1,0,0
1540,64876,0,1,1,0
1541,219225,0,1,0,0
1542,115721,1,0,0,0
1543,219221,0,1,1,0
1544,46855,0,1,1,0
1545,75304,1,0,0,1
1546,24880,0,1,0,0
1547,140544,0,1,1,0
1548,170092,1,0,0,0
1549,63912,0,1,0,1
1550,266153,1,0,0,0
1551,123273,0,1,0,0
1552,134441,0,1,1,0
1553,14474,1,0,0,0
1554,10066,0,1,0,0
1555,274872,0,1,1,0
1556,238354,1,0,0,0
1557,9260,0,1,0,0
1558,211126,1,0,0,0
1559,55956,0,1,0,0
1560,122085,1,0,0,0
1561,240646,0,1,0,1
1562,31791,1,0,0,0
1563,162860,0,1,1,0
1564,105506,0,1,0,0
1565,227762,0,1,0,1
1566,172718,1,0,0,0
1567,20604,0,1,0,0
1568,213403,1,0,0,0
1569,228024,0,1,0,0
1570,211620,1,0,0,1
1571,112117,1,0,0,0
1572,1846,0,1,1,0
1573,224713,0,1,0,0
1574,245386,0,1,1,0
1575,112353,1,0,0,0
1576,4287,0,1,0,0
1577,29777,0,1,1,0
1578,117944,1,0,0,0
1579,191256,0,1,0,0
1580,1549,0,1,0,1
1581,66503,1,0,0,0
1582,85344,0,1,1,0
1583,85358,0,1,1,0
1584,152512,1,0,0,0
1585,25014,0,1,0,0
1586,167396,1,0,0,0
1587,90237,0,1,1,0
1588,176012,0,1,0,0
1589,254828,1,0,0,0
1590,132956,0,1,0,0
1591,89578,0,1,0,1
1592,184032,1,0,0,0
1593,229222,0,1,0,0
1594,271086,1,0,0,0
1595,142253,0,1,0,0
1596,222699,1,0,0,1
1597,48295,0,1,0,1
1598,10715,1,0,0,0
1599,290215,0,1,0,0
1600,156313,1,0,0,0
1601,65791,1,0,0,1
1602,47296,0,1,1,0
1603,50228,0,1,0,0
1604,34532,1,0,0,1
1605,42217,1,0,0,0
1606,180939,0,1,1,0
1607,75293,0,1,0,0
1608,41458,1,0,0,0
1609,218570,0,1,0,0
1610,244708,1,0,0,0
1611,170893,1,0,0,0
1612,79333,0,1,0,0
1613,133888,1,0,0,0
1614,78505,0,1,1,0
1615,110072,0,0,0,1
1616,115627,0,1,0,0
1617,96228,1,0,0,0
1618,144958,1,0,0,0
1619,43690,0,1,0,0
1620,66506,0,1,0,1
1621,211442,1,0,0,0
1622,139198,0,1,1,0
1623,1917,0,1,0,0
1624,224401,1,0,0,0
1625,41295,1,0,0,1
1626,97390,0,1,0,0
1627,135727,1,0,0,0
1628,189298,0,1,1,0
1629,217273,0,1,0,0
1630,163624,1,0,0,0
1631,83218,0,1,0,0
1632,56838,0,1,1,0
1633,16530,1,0,0,0
1634,34160,0,1,1,0
1635,99156,0,1,0,0
1636,262845,1,0,0,0
1637,196040,0,1,0,0
1638,277587,1,0,0,0
1639,53874,0,1,0,0
1640,132378,0,1,1,0
1641,60065,0,1,1,0
1642,110759,1,0,0,1
1643,138747,1,0,0,0
1644,48025,0,1,0,0
1645,107341,0,1,1,0
1646,173890,0,1,1,0
1647,99760,1,0,0,0
1648,111889,0,1,1,0
1649,19472,1,0,0,1
1650,98458,0,1,1,0
1651,98084,0,1,0,0
1652,31923,1,0,0,1
1653,239303,1,0,0,0
1654,220571,0,1,1,0
1655,103435,0,1,0,0
1656,98811,1,0,0,0
1657,145088,0,1,1,0
1658,215746,0,1,1,0
1659,38900,0,1,0,0
1660,105630,1,0,0,0
1661,126524,0,1,0,0
1662,126944,1,0,0,1
1663,70397,1,0,0,0
1664,252936,0,1,0,0
1665,92200,0,1,1,0
1666,206547,1,0,0,0
1667,224078,0,1,1,0
1668,117812,0,1,0,0
1669,175159,1,0,0,1
1670,213669,1,0,0,0
1671,251289,0,1,0,0
1672,234730,1,0,0,1
1673,47508,1,0,0,0
1674,21284,0,1,1,0
1675,84208,0,1,1,0
1676,274606,1,0,0,0
1677,82726,0,1,0,0
1678,142929,1,0,0,1
1679,227162,0,1,1,0
1680,249977,1,0,0,0
1681,59521,0,1,0,0
1682,39067,0,1,1,0
1683,50469,1,0,0,0
1684,286658,0,1,0,0
1685,87982,0,1,0,1
1686,179172,1,0,0,0
1687,37337,1,0,0,0
1688,235916,0,1,0,0
1689,21580,0,1,0,0
1690,32234,1,0,0,0
1691,156259,0,1,1,0
1692,222974,0,1,1,0
1693,64437,1,0,0,0
1694,44912,1,0,0,1
1695,82407,0,1,0,0
1696,217107,1,0,0,0
1697,93866,0,1,0,0
1698,276883,0,1,1,0
1699,133623,0,1,1,0
1700,159275,1,0,0,0
1701,295163,0,1,0,0
1702,31072,1,0,0,0
1703,235698,0,1,1,0
1704,245296,0,1,0,0
1705,163583,0,1,1,0
1706,218450,1,0,0,0
1707,181270,1,0,0,1
1708,231700,0,1,0,0
1709,37598,1,0,0,0
1710,43752,0,1,0,0
1711,184360,1,0,0,0
1712,245275,0,1,1,0
1713,219524,0,1,1,0
1714,106057,1,0,0,0
1715,65085,0,1,0,0
1716,224843,0,1,1,0
1717,175470,1,0,0,1
1718,16436,0,1,0,0
1719,82087,1,0,0,0
1720,279633,0,1,1,0
1721,213979,0,1,1,0
1722,135590,0,1,0,0
1723,227084,1,0,0,0
1724,48465,0,1,1,0
1725,43767,1,0,0,1
1726,151285,1,0,0,0
1727,58659,0,1,0,0
1728,141564,0,1,1,0
1729,74449,0,1,1,0
1730,64803,1,0,0,0
1731,35229,0,1,0,0
1732,61847,0,1,1,0
1733,4401,1,0,0,0
1734,192151,0,1,0,0
1735,237117,0,1,1,0
1736,197933,1,0,0,0
1737,170248,1,0,0,1
1738,209384,0,1,0,0
1739,193186,1,0,0,0
1740,22221,0,1,1,0
1741,169899,0,1,0,0
1742,89003,1,0,0,0
1743,163289,1,0,0,0
1744,159985,1,0,0,1
1745,62389,0,1,1,0
1746,50911,0,1,0,0
1747,273321,1,0,0,0
1748,112844,0,1,1,0
1749,35113,0,1,0,0
1750,13722,1,0,0,0
1751,208574,0,1,0,0
1752,7672,1,0,0,0
1753,2334,0,1,0,1
1754,66647,0,1,1,0
1755,231596,0,1,1,0
1756,143245,0,1,1,0
1757,8670,1,0,0,0
1758,49516,0,1,1,0
1759,284269,0,1,0,0
1760,110067,1,0,0,1
1761,74978,0,1,1,0
1762,79645,1,0,0,0
1763,152191,0,1,0,0
1764,216083,0,1,1,0
1765,99428,0,1,1,0
1766,135724,1,0,0,0
1767,144319,0,1,1,0
1768,233421,0,1,1,0
1769,45567,1,0,0,0
1770,78157,0,1,0,0
1771,101466,1,0,0,0
1772,143848,0,1,1,0
1773,84077,1,0,0,1
1774,56931,0,1,0,0
1775,2639,1,0,0,0
1776,109585,0,1,1,0
1777,155022,0,1,0,0
1778,66015,0,1,1,0
1779,86420,1,0,0,0
1780,100196,0,1,0,0
1781,170256,1,0,0,0
1782,23914,1,0,0,1
1783,275546,1,0,0,0
1784,285643,0,1,1,0
1785,27797,0,1,0,0
1786,151042,1,0,0,0
1787,132753,0,0,0,1
1788,53255,0,1,0,0
1789,217198,1,0,0,0
1790,116575,0,1,0,0
1791,19582,0,1,1,0
1792,222043,1,0,0,0
1793,125533,1,0,0,0
1794,10236,0,1,0,0
1795,70807,0,1,0,0
1796,41006,1,0,0,0
1797,24551,0,1,1,0
1798,110425,0,1,1,0
1799,111733,0,1,0,0
1800,93396,1,0,0,0
1801,157102,0,1,1,0
1802,260397,1,0,0,0
1803,15953,0,1,0,0
1804,163356,1,0,0,1
1805,106642,0,1,1,0
1806,77993,0,1,1,0
1807,102416,0,1,1,0
1808,144001,0,1,1,0
1809,63896,1,0,0,0
1810,87362,0,1,0,0
1811,158720,1,0,0,0
1812,15101,0,1,1,0
1813,150311,0,1,0,0
1814,226424,1,0,0,0
1815,284923,1,0,0,0
1816,106185,0,1,0,0
1817,173025,1,0,0,0
1818,44286,0,1,0,0
1819,63405,0,1,1,0
1820,17038,1,0,0,0
1821,239934,0,1,0,0
1822,134450,1,0,0,0
1823,89411,1,0,0,1
1824,19503,0,1,0,0
1825,24570,0,1,1,0
1826,198149,1,0,0,0
1827,195425,0,1,0,0
1828,99505,1,0,0,1
1829,165588,1,0,0,0
1830,168401,0,1,1,0
1831,223651,0,1,1,0
1832,9431,0,1,0,0
1833,60370,1,0,0,0
1834,15597,1,0,0,0
1835,17848,0,1,0,0
1836,32111,0,1,1,0
1837,90599,0,1,1,0
1838,93545,1,0,0,0
1839,142063,0,1,0,0
1840,100116,1,0,0,0
1841,23745,0,1,0,0
1842,256998,1,0,0,1
1843,259482,0,1,1,0
1844,162490,1,0,0,0
1845,30741,0,1,0,0
1846,88142,0,1,1,0
1847,266904,1,0,0,0
1848,51601,1,0,0,1
1849,231071,0,1,1,0
1850,227180,0,1,0,0
1851,222039,1,0,0,1
1852,101064,1,0,0,0
1853,82457,0,1,0,0
1854,199911,1,0,0,0
1855,222349,0,1,0,0
1856,220960,0,1,0,1
1857,277040,1,0,0,0
1858,55548,0,1,0,0
1859,224874,0,1,0,0
1860,237870,1,0,0,0
1861,177691,0,1,1,0
1862,167633,0,1,0,0
1863,196679,1,0,0,0
1864,164515,0,1,0,1
1865,137749,0,0,0,1
1866,74073,0,1,0,0
1867,219492,1,0,0,0
1868,107703,0,1,1,0
1869,283202,0,1,0,0
1870,51824,1,0,0,0
1871,133090,0,1,0,0
1872,194705,0,1,0,1
1873,78089,1,0,0,0
1874,245117,0,1,0,0
1875,66933,0,1,1,0
1876,205611,1,0,0,1
1877,59423,1,0,0,0
1878,112634,0,1,0,0
1879,256830,1,0,0,1
1880,183656,1,0,0,0
1881,81067,0,1,1,0
1882,229672,0,1,0,0
1883,72357,1,0,0,0
1884,181160,0,1,0,0
1885,228062,1,0,0,0
1886,171937,0,0,0,1
1887,157027,0,1,0,0
1888,78936,0,1,1,0
1889,178330,1,0,0,0
1890,82135,0,1,0,0
1891,24838,0,1,1,0
1892,237656,1,0,0,0
1893,210884,0,1,1,0
1894,73097,0,1,0,0
1895,91133,1,0,0,0
1896,149251,0,1,1,0
1897,133698,0,1,0,0
1898,60206,1,0,0,0
1899,102805,0,1,1,0
1900,50747,1,0,0,0
1901,59286,0,1,0,0
1902,48805,0,1,1,0
1903,33858,1,0,0,1
1904,225578,1,0,0,0
1905,41864,0,1,0,0
1906,115802,1,0,0,0
1907,79651,0,1,0,0
1908,235814,0,0,0,1
1909,154793,0,1,1,0
1910,16122,0,1,1,0
1911,44680,0,1,1,0
1912,209233,1,0,0,0
1913,224290,0,1,0,0
1914,193843,0,1,0,0
1915,222598,1,0,0,0
1916,238115,0,1,1,0
1917,276970,0,1,0,0
1918,153974,1,0,0,0
1919,229755,0,1,1,0
1920,91521,0,1,1,0
1921,274232,0,1,0,0
1922,255645,1,0,0,0
1923,119784,0,1,0,0
1924,215996,0,1,0,1
1925,133158,1,0,0,0
1926,243393,1,0,0,0
1927,222079,0,1,0,0
1928,103221,0,1,1,0
1929,258380,1,0,0,0
1930,92865,1,0,0,1
1931,122136,0,1,0,0
1932,28815,1,0,0,0
1933,187323,0,1,1,0
1934,86197,0,1,0,0
1935,223694,0,1,1,0
1936,91200,1,0,0,0
1937,240109,1,0,0,1
1938,75297,1,0,0,0
1939,27426,0,1,0,0
1940,284451,1,0,0,0
1941,76039,0,1,1,0
1942,184392,0,1,0,0
1943,113768,1,0,0,0
1944,261674,0,1,0,0
1945,175348,1,0,0,0
1946,239733,0,1,0,0
1947,163984,1,0,0,0
1948,151874,0,1,0,0
1949,34470,1,0,0,0
1950,285150,0,1,0,0
1951,60208,1,0,0,0
1952,208320,0,1,0,1
1953,117850,0,1,1,0
1954,213688,0,1,1,0
1955,188513,1,0,0,0
1956,162760,0,1,0,0
1957,137335,0,1,0,0
1958,206937,0,1,1,0
1959,77457,0,1,1,0
1960,166956,1,0,0,0
1961,111032,0,1,0,0
1962,201832,1,0,0,0
1963,261248,1,0,0,0
1964,236108,1,0,0,1
1965,244735,0,1,1,0
1966,196037,0,1,0,0
1967,154,1,0,0,0
1968,233194,0,1,0,0
1969,49599,0,0,0,1
1970,206670,0,1,1,0
1971,195516,1,0,0,0
1972,14923,0,1,1,0
1973,55807,0,0,0,1
1974,13177,0,1,0,0
1975,273176,1,0,0,0
1976,130405,1,0,0,0
1977,287485,0,1,0,0
1978,283989,0,1,0,0
1979,205292,1,0,0,0
1980,73479,0,1,1,0
1981,112160,0,1,1,0
1982,235205,0,1,0,0
1983,175380,1,0,0,0
1984,70856,0,1,0,0
1985,163034,1,0,0,0
1986,68120,0,1,0,0
1987,27100,1,0,0,0
1988,217976,0,1,0,0
1989,55260,1,0,0,0
1990,83757,0,1,0,1
1991,174419,0,1,1,0
1992,200651,0,1,0,0
1993,44694,0,1,1,0
1994,121408,1,0,0,0
1995,203519,0,1,1,0
1996,28748,1,0,0,0
1997,203993,0,1,0,0
1998,34113,1,0,0,0
1999,208378,0,1,1,0
2000,185799,0,1,0,0
2001,89804,1,0,0,0
2002,22872,0,1,1,0
2003,179058,1,0,0,0
2004,96343,0,1,0,0
2005,58640,1,0,0,0
2006,241024,0,1,1,0
2007,261813,1,0,0,0
2008,210602,0,1,0,0
2009,102143,0,0,0,1
2010,228515,1,0,0,0
2011,238383,0,1,0,0
2012,190937,1,0,0,0
2013,60791,0,1,0,1
2014,19303,0,1,0,0
2015,230718,1,0,0,0
2016,166793,1,0,0,1
2017,138893,1,0,0,0
2018,15454,0,1,0,0
2019,184231,0,1,1,0
2020,21698,1,0,0,0
2021,80721,0,1,1,0
2022,24940,0,1,0,0
2023,179256,1,0,0,0
2024,11009,0,1,1,0
2025,143019,0,1,0,0
2026,286848,0,1,1,0
2027,222162,0,1,1,0
2028,158640,0,1,0,1
2029,229389,1,0,0,0
2030,167143,0,1,1,0
2031,66031,0,1,1,0
2032,8778,1,0,0,0
2033,81176,0,1,0,0
2034,242475,1,0,0,0
2035,41081,0,1,1,0
2036,66928,0,1,0,0
2037,18,1,0,0,0
2038,127127,0,1,0,0
2039,82996,0,1,1,0
2040,16109,1,0,0,0
2041,152772,0,1,0,0
2042,219145,1,0,0,0
2043,294009,0,0,0,1
2044,205081,0,1,0,0
2045,150176,0,1,1,0
2046,64619,1,0,0,0
2047,184782,0,1,0,1
2048,32170,0,1,0,0
2049,21072,1,0,0,0
2050,161378,0,1,0,0
2051,179378,1,0,0,0
2052,257196,0,1,0,0
2053,16822,1,0,0,0
2054,4853,0,1,0,0
2055,231154,0,1,1,0
2056,198596,1,0,0,0
2057,28112,1,0,0,1
2058,238311,0,1,0,0
2059,222494,1,0,0,0
2060,256521,1,0,0,0
2061,94807,0,1,0,0
2062,9331,1,0,0,0
2063,253218,0,1,0,0
2064,8995,0,1,0,1
2065,28286,1,0,0,0
2066,237444,1,0,0,1
2067,141771,0,1,0,0
2068,88599,1,0,0,0
2069,37352,1,0,0,1
2070,3356,0,1,0,0
2071,126377,1,0,0,0
2072,62969,0,1,0,1
2073,288267,1,0,0,0
2074,205758,0,1,0,0
2075,77889,1,0,0,0
2076,120579,0,1,0,1
2077,152206,0,1,0,0
2078,226359,1,0,0,0
2079,168459,0,1,0,0
2080,139653,1,0,0,0
2081,1585,0,1,0,0
2082,100041,1,1,1,0
2083,222052,0,1,1,0
2084,100309,1,0,0,0
2085,118857,0,1,0,0
2086,58575,0,1,1,0
2087,31020,0,1,1,0
2088,179678,0,1,1,0
2089,150387,0,1,0,0
2090,211291,1,0,0,0
2091,239018,1,0,0,1
2092,695,0,1,0,0
2093,1873,1,0,0,0
2094,207251,0,1,1,0
2095,24182,0,1,0,0
2096,20487,0,1,1,0
2097,231076,1,0,0,0
2098,274636,0,1,0,0
2099,29787,1,0,0,0
2100,159790,0,1,0,0
2101,176261,1,0,0,1
2102,143380,1,0,0,0
2103,94920,1,0,0,0
2104,67890,0,1,0,1
2105,96937,0,1,0,0
2106,27788,0,1,1,0
2107,77481,1,0,0,0
2108,53443,1,0,0,0
2109,188462,0,1,0,0
2110,200420,1,0,0,0
2111,121054,0,1,1,0
2112,7146,0,1,0,0
2113,228664,0,1,1,0
2114,249345,1,0,0,0
2115,191077,0,1,0,0
2116,185441,1,0,0,0
2117,158512,0,1,1,0
2118,193136,0,1,0,0
2119,140276,1,0,0,0
2120,111618,0,1,0,0
2121,20852,1,0,0,1
2122,30428,1,0,0,1
2123,264581,1,0,0,0
2124,157258,0,1,1,0
2125,121983,0,1,1,0
2126,144883,0,1,0,0
2127,132934,1,0,0,0
2128,18902,0,1,0,1
2129,71002,0,1,1,0
2130,19225,1,0,0,0
2131,192891,0,1,0,0
2132,103936,0,1,1,0
2133,155849,0,0,0,1
2134,25689,0,1,1,0
2135,52466,0,1,0,0
2136,13199,1,0,0,0
2137,53923,0,1,1,0
2138,43805,0,1,0,0
2139,83230,1,0,0,0
2140,227569,0,1,0,1
2141,242239,0,1,1,0
2142,210424,0,1,0,0
2143,132822,0,1,1,0
2144,103505,1,0,0,0
2145,65179,0,1,1,0
2146,111907,0,1,1,0
2147,171380,0,1,1,0
2148,118070,0,1,0,0
2149,93007,1,0,0,0
2150,208705,0,1,1,0
2151,204110,0,1,0,0
2152,231443,1,0,0,0
2153,214962,1,0,0,1
2154,45361,1,0,0,0
2155,40621,0,1,1,0
2156,233206,0,1,1,0
2157,148360,0,1,0,0
2158,12430,1,0,0,0
2159,35934,0,1,0,0
2160,39935,0,1,1,0
2161,222981,1,0,0,0
2162,58634,0,1,0,0
2163,207265,1,0,0,0
2164,175559,0,1,0,0
2165,223544,1,0,0,0
2166,142321,0,1,1,0
2167,179040,1,0,0,0
2168,226996,0,1,0,0
2169,185020,0,1,1,0
2170,142079,0,1,1,0
2171,144021,0,1,0,1
2172,64802,0,1,1,0
2173,16053,1,0,0,0
2174,206003,0,1,0,0
2175,236340,0,1,1,0
2176,150673,1,0,0,0
2177,75453,0,1,1,0
2178,275087,0,1,0,0
2179,214197,1,0,0,0
2180,260676,1,0,0,1
2181,17778,0,1,0,0
2182,286028,0,1,1,0
2183,119078,1,0,0,0
2184,167015,0,1,0,0
2185,118197,1,0,0,0
2186,285493,0,1,0,0
2187,127484,1,0,0,0
2188,283987,0,1,1,0
2189,193711,0,1,1,0
2190,2255,0,1,0,1
2191,175519,0,1,0,0
2192,16880,0,1,1,0
2193,230353,1,0,0,0
2194,120922,0,1,1,0
2195,231886,0,1,0,0
2196,56693,0,1,1,0
2197,170798,0,1,1,0
2198,172109,1,0,0,0
2199,57123,0,1,1,0
2200,216705,1,0,0,0
2201,10865,0,1,0,0
2202,120851,1,0,0,1
2203,111068,0,1,1,0
2204,247896,1,0,0,0
2205,31038,0,1,0,0
2206,151926,1,0,0,0
2207,168357,0,1,0,1
2208,203292,0,1,0,0
2209,98341,1,0,0,0
2210,115282,0,1,1,0
2211,125228,0,1,1,0
2212,207645,0,1,0,0
2213,47575,0,1,1,0
2214,178294,0,1,1,0
2215,284351,1,0,0,0
2216,187605,0,1,1,0
2217,225727,0,1,1,0
2218,172145,1,0,0,0
2219,26774,0,1,0,0
2220,101341,0,1,0,1
2221,60864,0,1,1,0
2222,66776,0,1,0,0
2223,269709,1,0,0,0
2224,113443,0,1,0,1
2225,22576,1,0,0,0
2226,128291,0,1,0,0
2227,73921,0,1,1,0
2228,30768,1,0,0,0
2229,15998,0,1,0,0
2230,71130,0,1,0,1
2231,209698,0,1,1,0
2232,90376,1,0,0,0
2233,229684,0,1,0,0
2234,77296,1,0,0,0
2235,150008,1,0,0,1
2236,216569,0,1,0,0
2237,226736,1,0,0,0
2238,7182,0,0,0,1
2239,1831,1,0,0,0
2240,3481,0,1,0,0
2241,173089,0,1,1,0
2242,99806,1,0,0,0
2243,57413,0,1,0,0
2244,238240,0,1,0,0
2245,248865,1,0,0,0
2246,32297,0,1,0,1
2247,133294,0,1,0,0
2248,138602,1,0,0,0
2249,191495,1,0,0,1
2250,215778,0,1,0,0
2251,289412,1,0,0,0
2252,63876,1,0,0,0
2253,45331,0,1,0,0
2254,204032,0,1,0,1
2255,62131,1,0,0,0
2256,81,1,0,0,1
2257,216017,0,1,0,0
2258,234524,0,1,1,0
2259,91840,1,0,0,0
2260,172932,1,0,0,0
2261,123506,0,1,0,0
2262,54246,1,0,0,0
2263,37223,0,1,0,1
2264,278510,0,1,0,0
2265,240882,1,0,0,0
2266,284196,0,0,0,1
2267,225398,0,1,1,0
2268,75840,0,1,0,0
2269,208412,1,0,0,0
2270,215987,0,1,1,0
2271,197691,0,1,1,0
2272,120527,1,0,0,0
2273,81496,0,1,0,0
2274,241022,0,1,0,1
2275,213427,0,1,1,0
2276,280244,0,1,1,0
2277,22867,1,0,0,0
2278,110408,0,1,1,0
2279,108041,0,1,0,0
2280,32876,0,1,1,0
2281,155703,1,0,0,0
2282,153552,0,1,0,0
2283,198414,1,0,0,0
2284,153793,0,1,0,0
2285,242380,1,0,0,0
2286,113313,0,1,1,0
2287,275716,0,1,0,0
2288,74717,0,1,1,0
2289,68317,1,0,0,0
2290,41773,0,0,0,1
2291,115195,0,1,1,0
2292,254984,1,0,0,0
2293,25562,0,1,0,0
2294,62607,0,1,1,0
2295,16762,1,0,0,0
2296,8189,0,1,0,0
2297,134226,0,1,1,0
2298,91416,1,0,0,0
2299,210995,0,1,0,0
2300,284277,1,0,0,1
2301,178307,0,1,1,0
2302,111776,1,0,0,0
2303,281981,0,1,0,0
2304,203185,0,1,1,0
2305,213450,1,0,0,0
2306,226117,0,1,0,1
2307,126151,0,1,1,0
2308,70245,0,1,0,0
2309,108422,0,1,1,0
2310,230017,1,0,0,0
2311,145539,0,1,0,0
2312,175431,0,1,1,0
2313,201184,1,0,0,0
2314,194817,0,1,1,0
2315,159504,1,0,0,0
2316,186049,0,1,0,0
2317,161051,0,1,1,0
2318,115130,0,1,1,0
2319,179190,1,0,0,0
2320,8018,0,1,0,0
2321,89677,0,0,0,1
2322,234892,1,0,0,0
2323,47611,0,1,0,0
2324,16654,1,0,0,1
2325,34478,1,0,0,0
2326,134862,0,1,0,0
2327,52451,1,0,0,0
2328,105999,1,0,0,0
2329,159565,0,1,0,0
2330,283136,0,1,1,0
2331,291916,1,0,0,1
2332,142022,1,0,0,0
2333,168004,0,1,0,0
2334,144444,0,1,0,1
2335,64258,1,0,0,0
2336,215983,0,1,0,0
2337,156490,0,1,0,0
2338,281552,1,0,0,0
2339,68226,1,0,0,1
2340,190584,1,0,0,0
2341,62598,0,1,0,0
2342,144174,0,1,1,0
2343,119068,1,0,0,0
2344,177590,0,1,0,0
2345,30884,0,1,1,0
2346,50030,1,0,0,0
2347,94088,0,1,0,0
2348,168652,0,1,0,0
2349,134272,0,1,1,0
2350,139687,1,0,0,0
2351,115995,0,1,0,0
2352,16590,1,0,0,0
2353,266010,0,0,0,1
2354,113814,0,1,0,0
2355,97928,0,1,0,1
2356,51570,1,0,0,0
2357,46900,1,0,0,0
2358,46242,0,1,1,0
2359,77222,0,1,0,0
2360,115986,1,0,0,1
2361,253087,1,0,0,0
2362,144160,0,1,0,0
2363,210941,1,0,0,0
2364,190912,1,0,0,0
2365,92029,0,1,0,0
2366,140897,1,0,0,1
2367,81569,1,0,0,0
2368,69819,0,1,0,0
2369,27719,0,1,1,0
2370,209773,0,1,1,0
2371,161724,1,0,0,0
2372,162826,0,1,0,0
2373,55566,1,0,0,0
2374,158710,1,0,0,0
2375,196802,0,1,0,0
2376,155783,1,0,0,0
2377,213956,0,1,0,0
2378,118840,0,1,1,0
2379,95276,0,1,1,0
2380,219047,0,1,0,0
2381,56785,1,0,0,0
2382,137014,0,1,1,0
2383,229256,0,1,0,0
2384,94655,1,0,0,0
2385,275254,0,1,1,0
2386,195768,1,0,0,0
2387,164784,0,1,0,1
2388,251811,0,1,0,0
2389,165822,1,0,0,1
2390,58515,1,0,0,0
2391,22185,0,0,0,1
2392,186282,0,1,0,0
2393,193206,0,1,1,0
2394,208760,0,1,1,0
2395,139542,1,0,0,1
2396,213097,1,0,0,0
2397,262193,1,0,0,1
2398,68605,0,1,0,0
2399,225527,1,0,0,0
2400,252402,1,0,0,0
2401,152855,0,1,0,0
2402,206616,1,0,0,1
2403,237039,1,0,0,0
2404,62734,0,1,0,0
2405,225760,1,0,0,0
2406,259924,0,1,0,1
2407,164704,0,1,0,0
2408,238167,0,1,1,0
2409,283853,0,1,1,0
2410,103547,1,0,0,0
2411,286191,0,1,1,0
2412,14479,0,1,0,0
2413,258116,1,0,0,0
2414,112266,0,1,1,0
2415,84670,0,1,1,0
2416,97154,0,1,0,0
2417,27674,1,0,0,0
2418,192078,0,1,0,0
2419,290655,1,0,0,0
2420,102081,0,1,0,0
2421,40773,1,0,0,0
2422,54892,0,1,0,1
2423,212486,1,0,0,0
2424,258108,0,1,0,0
2425,276242,0,1,1,0
2426,66371,0,1,1,0
2427,140166,0,1,1,0
2428,151360,1,0,0,0
2429,193627,0,1,0,0
2430,162409,1,0,0,0
2431,5487,0,1,0,0
2432,153341,1,0,0,0
2433,182305,0,1,1,0
2434,66367,1,0,0,1
2435,18095,0,1,0,0
2436,148517,1,0,0,0
2437,16562,0,1,0,0
2438,251827,1,0,0,0
2439,96707,1,0,0,0
2440,27571,0,1,0,0
2441,177970,1,0,0,0
2442,3051,0,1,1,0
2443,221006,0,1,0,0
2444,246838,1,0,0,0
2445,169552,0,1,0,0
2446,150428,1,0,0,0
2447,12547,0,1,0,0
2448,134003,1,0,0,0
2449,240629,1,0,0,1
2450,53608,1,0,0,0
2451,179176,0,1,0,0
2452,149434,1,0,0,0
2453,24742,0,1,0,0
2454,125928,0,1,1,0
2455,192865,1,0,0,0
2456,138198,0,1,0,0
2457,284444,0,1,1,0
2458,223645,1,0,0,0
2459,115989,0,1,0,0
2460,135044,1,0,0,0
2461,126192,0,1,0,0
2462,182418,0,0,0,1
2463,120337,1,0,0,0
2464,141227,0,1,1,0
2465,135674,0,1,0,0
2466,269073,1,0,0,0
2467,271598,0,1,0,0
2468,34643,1,0,0,0
2469,227204,0,1,0,1
2470,245013,0,1,0,0
2471,135898,1,0,0,0
2472,181447,1,0,0,0
2473,105607,0,1,0,0
2474,94571,1,0,0,0
2475,136074,0,1,0,0
2476,52490,0,1,1,0
2477,240899,1,0,0,0
2478,128005,0,1,0,1
2479,97866,0,1,1,0
2480,62095,0,1,1,0
2481,160407,1,0,0,0
2482,164033,0,1,1,0
2483,116723,0,1,0,0
2484,118993,1,0,0,0
2485,152997,0,1,1,0
2486,83490,0,1,1,0
2487,123126,1,0,0,1
2488,235284,0,1,0,0
2489,242070,0,1,1,0
2490,37788,1,0,0,0
2491,106631,0,1,0,0
2492,217278,0,1,1,0
2493,157631,1,0,0,0
2494,4208,0,1,1,0
2495,120111,0,1,0,1
2496,27304,0,1,1,0
2497,219860,0,1,1,0
2498,116950,0,1,1,0
2499,119823,0,1,0,0
2500,57688,0,1,1,0
2501,108109,1,0,0,0
2502,26392,0,1,1,0
2503,88118,0,1,0,0
2504,221677,1,0,0,0
2505,83375,1,0,0,1
2506,41918,1,0,0,0
2507,52277,0,1,0,0
2508,89606,1,0,0,1
2509,152480,0,1,0,1
2510,130267,1,0,0,0
2511,164682,0,1,0,0
2512,110443,0,1,0,1
2513,232865,1,0,0,0
2514,141591,0,1,0,0
2515,195872,0,1,1,0
2516,181616,0,1,1,0
2517,208582,1,0,0,1
2518,51764,1,0,0,0
2519,221761,0,1,0,0
2520,178583,0,1,1,0
2521,284609,1,0,0,1
2522,164470,1,0,0,0
2523,62545,0,1,0,0
2524,59715,0,1,1,0
2525,177151,1,0,0,0
2526,154104,1,0,0,0
2527,234845,0,1,1,0
2528,83637,0,1,1,0
2529,162505,0,1,0,0
2530,241356,0,0,0,1
2531,94010,1,0,0,0
2532,4872,0,1,0,0
2533,169359,1,0,0,0
2534,267556,0,1,0,0
2535,22674,1,0,0,1
2536,165442,1,0,0,0
2537,135442,1,0,0,0
2538,215569,0,1,0,0
2539,132156,0,1,0,0
2540,251841,1,0,0,0
2541,237318,0,1,0,1
2542,172791,1,0,0,0
2543,199020,0,1,1,0
2544,185389,0,1,0,0
2545,32073,1,0,0,0
2546,209690,0,1,1,0
2547,3966,1,0,0,0
2548,74803,0,1,0,0
2549,133179,0,1,1,0
2550,181690,1,0,0,0
2551,233053,0,1,1,0
2552,155344,0,1,0,0
2553,92485,0,1,0,1
2554,8640,0,1,1,0
2555,39016,1,0,0,0
2556,236910,0,1,0,0
2557,31419,0,1,1,0
2558,233024,1,0,0,0
2559,140837,0,1,1,0
2560,82695,0,1,0,0
2561,230861,1,0,0,0
2562,109045,0,1,0,0
2563,51582,1,0,0,0
2564,236654,0,1,0,1
2565,68913,0,1,1,0
2566,73150,1,0,0,0
2567,103939,0,1,0,0
2568,293498,1,0,0,0
2569,3691,0,1,0,0
2570,84104,1,0,0,0
2571,97903,0,1,0,0
2572,140954,1,0,0,0
2573,154182,1,0,0,0
2574,220166,0,1,1,0
2575,5064,1,0,0,1
2576,87487,0,1,0,0
2577,280744,1,0,0,0
2578,11086,0,1,1,0
2579,81481,1,0,0,1
2580,240637,1,0,0,0
2581,144056,0,1,1,0
2582,127641,0,1,0,0
2583,107681,0,1,1,0
2584,32703,1,0,0,0
2585,3479,0,1,0,0
2586,213203,0,1,1,0
2587,24102,0,1,1,0
2588,95931,1,0,0,0
2589,144550,0,1,0,0
2590,114809,1,0,0,1
2591,118501,1,0,0,0
2592,237807,1,0,0,0
2593,293915,0,0,0,1
2594,5378,0,1,1,0
2595,217986,0,1,0,0
2596,60947,0,1,1,0
2597,6491,0,1,1,0
2598,2851,0,1,1,0
2599,245201,1,0,0,0
2600,206763,0,1,1,0
2601,232018,0,1,0,0
2602,141080,0,1,1,0
2603,113476,0,1,1,0
2604,204326,1,0,0,1
2605,271004,1,0,0,0
2606,50107,0,1,1,0
2607,131496,0,1,0,0
2608,250053,1,0,0,0
2609,213214,0,1,1,0
2610,231934,1,0,0,0
2611,230872,0,1,0,0
2612,88812,0,1,0,1
2613,27411,0,1,1,0
2614,149157,1,0,0,1
2615,87023,0,1,0,0
2616,90773,1,0,0,0
2617,61360,1,0,0,0
2618,205074,0,1,0,0
2619,15665,0,1,1,0
2620,54266,1,0,0,0
2621,200103,0,1,0,0
2622,256779,0,1,0,1
2623,203872,0,1,1,0
2624,11986,1,0,0,0
2625,257578,0,1,0,0
2626,231686,1,0,0,0
2627,37839,0,1,1,0
2628,49376,0,1,0,0
2629,284713,1,0,0,0
2630,9755,1,0,0,0
2631,143070,0,1,0,0
2632,261574,0,1,1,0
2633,106799,0,1,1,0
2634,287415,1,0,0,0
2635,127849,0,1,0,0
2636,173070,0,1,1,0
2637,188877,1,0,0,0
2638,267358,1,0,0,0
2639,72862,0,1,0,0
2640,137743,0,1,0,1
2641,207748,0,1,1,0
2642,128812,0,0,0,1
2643,41851,1,0,0,1
2644,221261,1,0,0,0
2645,10772,0,1,0,0
2646,145399,1,0,0,0
2647,76072,1,0,0,1
2648,35818,1,0,0,0
2649,32817,0,1,0,0
2650,53773,0,1,1,0
2651,203767,1,0,0,0
2652,66729,0,1,1,0
2653,221658,1,0,0,0
2654,197292,0,1,0,0
2655,3131,1,0,0,1
2656,101635,1,0,0,1
2657,96852,1,0,0,0
2658,102144,0,1,0,0
2659,179833,0,1,0,1
2660,286991,1,0,0,0
2661,108573,0,1,1,0
2662,148864,0,1,0,0
2663,10949,1,0,0,0
2664,113133,0,1,1,0
2665,227876,0,0,0,1
2666,159839,0,1,0,0
2667,232947,0,1,1,0
2668,81259,1,0,0,0
2669,47262,0,1,1,0
2670,276803,1,0,0,0
2671,212693,0,1,1,0
2672,209819,0,1,0,0
2673,210165,0,0,0,1
2674,169979,0,1,1,0
2675,204301,0,1,1,0
2676,28745,0,1,0,0
2677,30152,1,0,0,0
2678,98049,1,0,0,0
2679,25605,0,1,0,0
2680,42317,0,1,0,1
2681,285552,0,1,1,0
2682,162569,0,1,0,0
2683,209152,1,0,0,0
2684,49047,0,0,0,1
2685,93999,0,1,1,0
2686,257316,1,0,0,0
2687,22271,0,0,0,1
2688,116265,0,1,0,0
2689,113875,0,1,1,0
2690,139086,0,1,1,0
2691,222804,1,0,0,0
2692,163247,0,1,0,0
2693,191208,1,0,0,0
2694,283913,0,1,1,0
2695,59018,0,1,0,0
2696,3818,0,1,0,1
2697,203279,1,0,0,0
2698,272001,1,0,0,0
2699,128127,0,1,0,0
2700,30357,0,1,1,0
2701,29802,1,0,0,1
2702,168288,1,0,0,0
2703,84669,0,1,0,0
2704,218573,1,0,0,0
2705,163727,0,1,0,0
2706,24117,1,0,0,0
2707,50649,0,1,0,1
2708,98778,0,1,0,0
2709,151472,1,0,0,0
2710,165899,1,0,0,0
2711,288966,0,1,0,0
2712,148822,0,1,1,0
2713,66150,1,0,0,0
2714,133486,0,1,0,1
2715,197557,0,1,1,0
2716,116888,0,1,1,0
2717,91681,0,1,0,0
2718,76810,1,0,0,0
2719,62525,0,1,1,0
2720,76641,1,0,0,0
2721,106916,0,1,0,0
2722,102342,1,0,0,0
2723,39903,0,1,0,0
2724,171014,0,1,0,1
2725,83837,1,0,0,0
2726,246804,0,1,0,0
2727,189225,0,1,1,0
2728,16218,1,0,0,0
2729,282433,0,1,1,0
2730,78775,0,1,0,0
2731,74503,1,0,0,0
2732,269299,1,0,0,1
2733,192225,0,1,0,0
2734,165222,1,0,0,0
2735,203977,0,1,1,0
2736,25283,1,0,0,0
2737,47156,0,1,0,0
2738,138984,0,1,1,0
2739,61311,0,1,0,1
2740,241820,0,1,1,0
2741,112360,0,1,1,0
2742,250678,1,0,0,0
2743,136990,0,1,0,0
2744,4326,0,1,1,0
2745,221609,0,1,0,1
2746,10708,1,0,0,0
2747,127611,0,1,0,0
2748,212811,1,0,0,0
2749,148109,0,1,0,0
2750,209338,0,1,1,0
2751,81322,1,0,0,0
2752,105941,0,1,1,0
2753,46715,1,0,0,1
2754,42060,0,1,1,0
2755,100249,0,1,0,0
2756,85984,1,0,0,0
2757,20199,0,1,0,0
2758,93778,1,0,0,0
2759,132574,0,0,0,1
2760,76032,0,1,0,0
2761,212277,1,0,0,0
2762,112152,1,0,0,1
2763,113514,1,0,0,0
2764,198542,0,1,0,0
2765,66569,0,1,0,0
2766,105424,1,0,0,0
2767,242633,0,1,0,0
2768,219290,0,1,1,0
2769,116466,1,0,0,0
2770,179191,0,1,0,0
2771,229732,1,0,0,0
2772,134082,0,1,0,0
2773,74462,1,0,0,1
2774,13310,1,0,0,0
2775,255408,0,1,0,0
2776,187554,0,1,0,1
2777,150854,0,1,0,0
2778,151689,1,0,0,0
2779,91149,0,1,0,0
2780,269032,1,0,0,0
2781,211814,0,1,0,0
2782,2267,1,0,0,0
2783,122759,0,1,1,0
2784,58693,0,1,0,1
2785,88078,0,1,0,0
2786,45114,1,0,0,0
2787,17290,0,1,1,0
2788,84581,1,0,0,0
2789,155094,0,1,0,0
2790,115906,0,1,0,1
2791,110462,1,0,0,0
2792,1199,0,1,1,0
2793,42052,0,1,0,0
2794,136150,0,1,1,0
2795,71331,0,1,1,0
2796,53058,0,1,1,0
2797,184735,1,0,0,0
2798,149833,0,1,0,1
2799,47618,0,1,0,0
2800,263028,1,0,0,0
2801,215172,0,1,1,0
2802,175526,0,1,0,0
2803,161086,1,0,0,0
2804,162964,0,1,1,0
2805,196755,0,1,1,0
2806,14047,1,0,0,0
2807,65089,0,1,1,0
2808,52761,1,0,0,1
2809,233079,0,1,0,0
2810,228841,1,0,0,0
2811,19406,0,1,0,0
2812,250160,1,0,0,0
2813,161071,0,1,1,0
2814,8196,0,1,1,0
2815,166134,1,0,0,0
2816,39309,0,1,1,0
2817,112679,0,1,0,0
2818,286586,1,0,0,0
2819,150521,1,0,0,1
2820,260570,0,0,0,1
2821,40009,0,1,0,0
2822,11598,0,1,1,0
2823,181819,0,1,1,0
2824,39213,1,0,0,1
2825,78397,1,0,0,0
2826,78268,0,1,0,0
2827,60431,0,1,1,0
2828,86555,0,1,0,0
2829,249748,1,0,0,0
2830,55112,0,1,1,0
2831,244397,0,0,0,1
2832,238717,0,1,0,0
2833,287387,1,0,0,0
2834,224784,0,0,0,1
2835,160727,0,1,1,0
2836,215713,0,1,1,0
2837,124265,1,0,0,0
2838,107537,0,1,0,0
2839,20151,0,0,0,1
2840,91391,1,0,0,0
2841,26459,0,1,0,0
2842,51106,0,1,1,0
2843,81927,0,1,1,0
2844,211555,0,1,1,0
2845,16630,1,0,0,0
2846,120529,0,1,1,0
2847,93506,0,1,0,1
2848,98242,0,1,0,0
2849,138712,1,0,0,0
2850,156561,0,1,0,0
2851,216272,1,0,0,0
2852,171462,1,0,0,0
2853,30569,0,1,0,0
2854,135781,1,0,0,1
2855,61010,1,0,0,0
2856,148347,0,1,0,0
2857,227697,0,1,1,0
2858,30363,1,0,0,1
2859,174212,1,0,0,0
2860,188088,0,1,0,0
2861,153467,0,1,1,0
2862,117675,1,0,0,0
2863,143186,1,0,0,1
2864,48280,0,1,0,0
2865,172483,1,0,0,0
2866,85950,0,1,1,0
2867,91150,0,1,0,0
2868,192871,1,0,0,0
2869,130620,0,1,0,0
2870,266913,1,0,0,0
2871,153023,0,1,1,0
2872,32780,0,1,0,1
2873,59996,0,1,1,0
2874,182347,1,0,0,0
2875,37226,0,1,0,0
2876,14525,1,0,0,1
2877,164432,1,0,0,0
2878,177747,0,0,0,1
2879,187631,0,1,0,0
2880,201923,1,0,0,0
2881,57755,0,1,1,0
2882,30704,0,1,0,1
2883,80088,0,1,0,1
2884,244179,0,1,0,0
2885,44304,1,0,0,0
2886,220661,1,0,0,1
2887,154863,1,0,0,0
2888,198141,0,1,0,0
2889,40088,0,1,1,0
2890,85730,1,0,0,0
2891,200304,0,1,0,0
2892,106816,1,0,0,0
2893,68870,0,1,0,0
2894,90414,1,0,0,0
2895,279396,0,1,0,1
2896,98678,1,0,0,0
2897,115920,0,1,1,0
2898,173186,0,1,1,0
2899,255779,0,1,0,0
2900,207174,1,0,0,0
2901,132132,0,1,1,0
2902,135480,0,1,0,1
2903,72025,0,1,0,0
2904,132035,1,0,0,0
2905,284221,0,1,1,0
2906,26920,0,1,0,0
2907,167662,1,0,0,0
2908,225676,0,1,1,0
2909,98038,1,0,0,0
2910,51349,0,0,0,1
2911,142605,0,1,0,0
2912,203842,1,0,0,0
2913,144008,0,1,1,0
2914,116527,0,1,1,0
2915,81998,0,1,0,1
2916,57361,0,1,0,0
2917,117252,1,0,0,0
2918,19970,0,1,0,1
2919,243017,1,0,0,0
2920,206625,0,1,0,0
2921,114378,1,0,0,0
2922,160841,0,1,1,0
2923,61566,1,0,0,0
2924,152431,0,1,0,0
2925,156415,1,0,0,0
2926,276856,0,1,1,0
2927,170016,1,0,0,1
2928,16877,1,0,0,0
2929,46840,0,1,0,0
2930,12103,0,1,0,0
2931,160789,1,0,0,0
2932,40399,0,1,0,0
2933,167037,1,0,0,0
2934,126456,0,1,0,1
2935,205418,1,0,0,0
2936,199829,0,1,0,0
2937,244362,1,0,0,0
2938,193626,0,1,0,0
2939,268802,1,0,0,1
2940,192401,1,0,0,0
2941,234049,0,1,1,0
2942,219963,0,1,0,0
2943,196380,1,0,0,0
2944,19344,0,1,1,0
2945,228301,0,1,1,0
2946,111588,0,1,1,0
2947,160389,0,1,0,0
2948,183928,0,1,1,0
2949,124581,0,1,0,1
2950,186815,0,1,0,1
2951,157042,1,0,0,0
2952,27471,1,0,0,1
2953,143448,0,1,0,0
2954,115175,1,0,0,0
2955,80743,0,1,0,1
2956,125164,0,1,0,0
2957,26242,1,0,0,0
2958,9771,0,1,0,0
2959,141288,1,0,0,0
2960,220559,0,1,1,0
2961,49307,0,1,0,0
2962,10703,0,1,0,1
2963,235445,1,0,0,0
2964,82482,0,1,0,0
2965,18651,0,1,1,0
2966,227421,1,0,0,0
2967,242763,0,1,0,0
2968,140763,1,0,0,0
2969,66224,0,0,0,1
2970,84582,0,1,0,0
2971,56432,1,0,0,0
2972,218426,0,1,0,0
2973,83181,1,0,0,0
2974,106122,0,1,1,0
2975,80187,0,1,1,0
2976,91519,1,0,0,1
2977,189024,0,1,0,0
2978,60636,1,0,0,0
2979,232509,0,1,0,1
2980,198086,1,0,0,0
2981,86246,0,1,0,0
2982,39453,0,1,0,0
2983,245586,1,0,0,0
2984,68861,0,1,0,0
2985,77927,0,1,0,0
2986,67263,1,0,0,0
2987,228567,0,1,1,0
2988,63914,0,1,1,0
2989,200168,0,1,0,0
2990,264846,1,0,0,0
2991,47157,0,0,0,1
2992,195417,1,0,0,0
2993,207216,0,1,0,0
2994,205196,1,0,0,0
2995,19563,0,1,0,0
2996,238490,1,0,0,0
2997,13996,0,0,0,1
2998,30829,0,1,0,0
2999,66466,1,0,0,1
3000,176791,1,0,0,0
3001,177758,0,0,0,1
3002,148066,1,0,0,0
3003,3046,0,1,0,0
3004,71417,0,1,0,1
3005,30368,1,0,0,0
3006,177879,0,1,1,0
3007,115422,1,0,0,1
3008,201882,0,1,0,0
3009,250762,1,0,0,0
3010,59365,0,1,0,0
3011,154047,1,0,0,0
3012,102860,1,0,0,1
3013,211678,0,1,1,0
3014,63579,1,0,0,0
3015,242822,0,1,0,0
3016,611,0,1,1,0
3017,157060,0,1,1,0
3018,253560,1,0,0,1
3019,207717,0,1,1,0
3020,10914,1,0,0,0
3021,50749,0,1,0,0
3022,15823,0,1,1,0
3023,4001,0,0,0,1
3024,20908,1,0,0,0
3025,53581,1,0,0,1
3026,111308,0,1,0,0
3027,249073,1,0,0,0
3028,4925,0,1,0,0
3029,162242,0,1,1,0
3030,151289,1,0,0,0
3031,196464,0,1,0,0
3032,228912,0,0,0,1
3033,128404,0,1,1,0
3034,117127,1,0,0,0
3035,169793,0,1,1,0
3036,243532,0,1,0,0
3037,225502,1,0,0,0
3038,227910,0,1,0,0
3039,54247,0,1,1,0
3040,222915,1,0,0,1
3041,86032,1,0,0,0
3042,44945,0,1,0,0
3043,226354,0,1,1,0
3044,120102,0,1,1,0
3045,51738,1,0,0,0
3046,12136,1,0,0,1
3047,127994,0,1,1,0
3048,227050,0,1,0,0
3049,101363,0,1,1,0
3050,59628,0,1,1,0
3051,30806,1,0,0,0
3052,151025,0,1,1,0
3053,186061,0,1,0,0
3054,92364,0,1,0,1
3055,181794,1,0,0,0
3056,128268,0,1,1,0
3057,94128,0,1,0,1
3058,96605,0,1,0,0
3059,76315,1,0,0,0
3060,239375,0,1,0,0
3061,16644,1,0,0,0
3062,10084,0,1,0,0
3063,9040,0,1,1,0
3064,237821,0,1,1,0
3065,123847,1,0,0,0
3066,171596,1,0,0,1
3067,30919,0,1,0,1
3068,205670,0,1,1,0
3069,217993,1,0,0,0
3070,265030,0,1,0,0
3071,225930,0,1,1,0
3072,293889,1,0,0,0
3073,115170,0,1,0,0
3074,219765,0,1,1,0
3075,269558,1,0,0,0
3076,270740,0,1,0,0
3077,245260,1,0,0,0
3078,133167,0,1,0,1
3079,59774,1,0,0,0
3080,196418,0,1,0,0
3081,2337,1,0,0,1
3082,139586,1,0,0,0
3083,233032,0,1,0,0
3084,111277,1,0,0,0
3085,263601,0,1,0,1
3086,50086,0,0,0,1
3087,178638,0,1,0,0
3088,33306,1,0,0,0
3089,95470,0,1,0,1
3090,230423,1,0,0,0
3091,89242,0,0,0,1
3092,208457,0,1,0,0
3093,102056,0,1,1,0
3094,242773,1,0,0,0
3095,41515,0,1,0,1
3096,99154,0,1,1,0
3097,21875,0,1,1,0
3098,208719,1,0,0,0
3099,46312,0,1,0,0
3100,244194,1,0,0,0
3101,190795,0,1,0,0
3102,210982,0,1,1,0
3103,114228,1,0,0,1
3104,49173,1,0,0,0
3105,65268,0,1,0,0
3106,55023,1,0,0,1
3107,100437,0,1,1,0
3108,179422,0,1,1,0
3109,99948,1,0,0,0
3110,181117,0,1,0,0
3111,47204,0,0,0,1
3112,68711,1,0,0,1
3113,162046,1,0,0,0
3114,159015,0,1,1,0
3115,229683,0,1,1,0
3116,277064,0,1,0,0
3117,217293,1,0,0,0
3118,12578,0,1,0,0
3119,107868,0,1,1,0
3120,27970,1,0,0,1
3121,196646,1,0,0,0
3122,234586,0,1,0,0
3123,186231,0,1,0,1
3124,6569,1,0,0,0
3125,80931,0,1,0,0
3126,246876,1,0,0,0
3127,151993,1,0,0,1
3128,208887,1,0,0,0
3129,203967,0,1,0,0
3130,50347,0,1,0,0
3131,174545,1,0,0,0
3132,81062,0,1,0,1
3133,23973,1,0,0,0
3134,158458,0,1,0,0
3135,85146,1,0,0,1
3136,151019,1,0,0,0
3137,200585,0,1,1,0
3138,190615,0,1,0,0
3139,235579,1,0,0,0
3140,179602,1,0,0,1
3141,245027,0,1,0,0
3142,54809,0,1,1,0
3143,265021,1,0,0,0
3144,184634,0,1,0,0
3145,249331,1,0,0,1
3146,82148,1,0,0,0
3147,97897,0,1,1,0
3148,192250,0,1,0,0
3149,241952,1,0,0,0
3150,232440,1,0,0,1
3151,87927,1,0,0,0
3152,16839,0,1,0,0
3153,83782,0,1,1,0
3154,133489,0,0,0,1
3155,62132,1,0,0,0
3156,74581,0,1,0,0
3157,34785,0,1,1,0
3158,262031,1,0,0,0
3159,151677,0,1,1,0
3160,191094,0,1,0,0
3161,94538,0,1,1,0
3162,270076,1,0,0,0
3163,132546,0,1,0,0
3164,179135,0,1,0,1
3165,134769,1,0,0,0
3166,26833,0,1,1,0
3167,51332,0,1,0,0
3168,49967,1,0,0,0
3169,235545,0,1,1,0
3170,295292,1,0,0,1
3171,118773,0,1,0,0
3172,243322,1,0,0,0
3173,162892,0,1,0,0
3174,58706,1,0,0,0
3175,184463,0,0,0,1
3176,73657,1,0,0,0
3177,171224,0,1,1,0
3178,32679,0,1,0,0
3179,221174,0,1,1,0
3180,223870,0,1,0,1
3181,60447,0,1,1,0
3182,25565,1,0,0,0
3183,185273,0,1,0,0
3184,36563,0,1,0,1
3185,269801,1,0,0,0
3186,9898,0,1,0,0
3187,153054,1,0,0,0
3188,68977,0,1,0,0
3189,4293,1,0,0,0
3190,46722,0,1,1,0
3191,292929,0,1,0,0
3192,140150,1,0,0,0
3193,247748,1,0,0,1
3194,214602,0,1,1,0
3195,244070,0,1,0,0
3196,212283,1,0,0,0
3197,154941,0,1,0,1
3198,153606,0,1,0,0
3199,10331,1,0,0,0
3200,106675,0,1,1,0
3201,206879,0,1,1,0
3202,226695,0,1,0,0
3203,280925,1,0,0,0
3204,242793,0,1,0,1
3205,133061,0,1,1,0
3206,262959,1,0,0,0
3207,25995,0,1,1,0
3208,271011,0,1,0,0
3209,95821,1,0,0,0
3210,245423,0,1,1,0
3211,102187,0,1,0,0
3212,137692,1,0,0,0
3213,101842,0,1,0,0
3214,86862,1,0,0,0
3215,126095,0,1,0,0
3216,233692,1,0,0,0
3217,194346,0,1,1,0
3218,217077,0,1,0,0
3219,99399,0,1,0,1
3220,206451,1,0,0,0
3221,4474,1,0,0,0
3222,161286,0,1,0,0
3223,34739,0,1,0,1
3224,85947,1,0,0,0
3225,240387,0,1,1,0
3226,60101,0,1,1,0
3227,268695,0,1,0,0
3228,192169,1,0,0,0
3229,10042,0,1,0,0
3230,22451,1,0,0,0
3231,211395,0,1,0,0
3232,120533,1,0,0,0
3233,235903,0,1,0,0
3234,83766,1,0,0,1
3235,239564,1,0,0,0
3236,244801,1,0,0,0
3237,19375,0,1,0,0
3238,152949,0,1,1,0
3239,34214,1,0,0,1
3240,34833,1,0,0,0
3241,21531,0,1,0,0
3242,102178,1,0,0,0
3243,173377,0,1,1,0
3244,162682,0,1,1,0
3245,70436,0,1,1,0
3246,264314,1,0,0,0
3247,88344,0,1,0,0
3248,242668,0,1,1,0
3249,198188,0,1,1,0
3250,117254,1,0,0,1
3251,55839,1,0,0,0
3252,49041,0,1,0,0
3253,214124,0,1,0,1
3254,172070,1,0,0,0
3255,95154,0,1,0,0
3256,121404,0,1,1,0
3257,184048,0,1,1,0
3258,77064,0,1,1,0
3259,52832,1,0,0,0
3260,90048,0,1,0,0
3261,99090,0,1,0,0
3262,100080,1,0,0,0
3263,230563,0,1,0,0
3264,28265,0,1,1,0
3265,68124,1,0,0,0
3266,224676,1,0,0,0
3267,103736,0,1,1,0
3268,176816,0,1,1,0
3269,211260,0,1,0,1
3270,48830,0,1,0,0
3271,97349,1,0,0,0
3272,18784,0,1,1,0
3273,194200,1,0,0,0
3274,127661,0,1,0,0
3275,60842,0,0,0,1
3276,101885,1,0,0,0
3277,167671,0,1,1,0
3278,203490,1,0,0,1
3279,124357,0,1,0,0
3280,53403,0,1,1,0
3281,241815,1,0,0,0
3282,50252,0,1,0,0
3283,264944,1,0,0,0
3284,49614,0,1,0,0
3285,97318,1,0,0,1
3286,95429,0,1,1,0
3287,207245,1,0,0,0
3288,221969,0,1,1,0
3289,73950,0,1,0,0
3290,92276,0,1,1,0
3291,234094,0,1,0,0
3292,185322,1,0,0,0
3293,165709,0,1,0,0
3294,253546,1,0,0,0
3295,121026,1,0,0,1
3296,210024,0,1,0,0
3297,281409,1,0,0,0
3298,241922,0,1,1,0
3299,102440,1,0,0,1
3300,177279,0,1,0,0
3301,75225,1,0,0,1
3302,277436,1,0,0,0
3303,211343,0,0,0,1
3304,38281,1,0,0,1
3305,62334,0,1,0,0
3306,290839,1,0,0,0
3307,83203,0,1,1,0
3308,126321,0,1,1,0
3309,101516,0,1,0,1
3310,2645,0,1,1,0
3311,7126,1,0,0,0
3312,40252,0,0,0,1
3313,211557,0,1,0,0
3314,105602,0,1,1,0
3315,121967,1,0,0,0
3316,222131,0,1,0,0
3317,160883,1,0,0,0
3318,47822,0,0,0,1
3319,161370,0,1,1,0
3320,183511,0,1,0,0
3321,117139,1,0,0,0
3322,139525,0,1,0,0
3323,181957,1,0,0,0
3324,241770,0,1,0,0
3325,105534,1,0,0,0
3326,122215,0,1,0,1
3327,260832,1,0,0,0
3328,21722,0,1,0,0
3329,139104,0,1,0,0
3330,133679,1,0,0,0
3331,268685,0,1,1,0
3332,144613,0,1,1,0
3333,78056,0,1,0,0
3334,91561,1,0,0,0
3335,151386,0,1,0,0
3336,149803,1,0,0,0
3337,257736,1,0,0,1
3338,175391,0,1,0,0
3339,212216,1,0,0,0
3340,268632,0,1,0,0
3341,132139,0,0,0,1
3342,226735,1,0,0,0
3343,253567,0,1,0,0
3344,195734,0,1,0,1
3345,223972,0,1,1,0
3346,100503,1,0,0,0
3347,74805,0,1,0,0
3348,219686,1,0,0,0
3349,15209,0,1,0,0
3350,286903,0,1,1,0
3351,286593,0,1,0,1
3352,214218,1,0,0,0
3353,172794,0,1,1,0
3354,14154,0,0,0,1
3355,237459,0,1,0,0
3356,1298,1,0,0,0
3357,83791,0,1,0,0
3358,178177,0,1,1,0
3359,181415,1,0,0,0
3360,238763,0,1,0,0
3361,250813,0,1,1,0
3362,6805,1,0,0,0
3363,1043,0,1,0,0
3364,45205,0,1,1,0
3365,94317,1,0,0,0
3366,125053,1,0,0,1
3367,219856,0,1,0,0
3368,181111,1,0,0,0
3369,142155,1,0,0,0
3370,271137,0,1,0,0
3371,217965,0,1,0,0
3372,171065,1,0,0,1
3373,150551,1,0,0,0
3374,107821,1,0,0,0
3375,90242,0,1,1,0
3376,13585,0,1,1,0
3377,32822,1,0,0,1
3378,185303,0,1,0,0
3379,93564,0,1,1,0
3380,270150,1,0,0,0
3381,214432,0,1,0,0
3382,94513,0,1,1,0
3383,121938,0,1,1,0
3384,112220,1,0,0,0
3385,165870,0,1,1,0
3386,25171,0,1,0,1
3387,65997,0,1,0,0
3388,125844,0,1,1,0
3389,187090,1,0,0,0
3390,278572,1,0,0,1
3391,95249,0,1,0,0
3392,68268,0,1,0,1
3393,236153,1,0,0,0
3394,205534,0,1,0,0
3395,275725,1,0,0,0
3396,178202,0,1,0,0
3397,85798,1,0,0,0
3398,174587,0,1,0,0
3399,81573,0,0,0,1
3400,225886,1,0,0,0
3401,197352,0,1,1,0
3402,217349,0,1,0,0
3403,174974,1,0,0,0
3404,3611,0,1,0,1
3405,278641,0,1,1,0
3406,289729,1,0,0,0
3407,115067,0,0,0,1
3408,60579,0,1,0,0
3409,23505,1,0,0,0
3410,47804,0,1,0,0
3411,102782,0,1,0,1
3412,7781,1,0,0,0
3413,242868,0,1,0,0
3414,243597,0,1,1,0
3415,265572,1,0,0,0
3416,223772,1,0,0,1
3417,102519,0,1,1,0
3418,123326,0,1,0,0
3419,177425,1,0,0,0
3420,92741,1,0,0,0
3421,128253,0,1,0,0
3422,225913,1,0,0,1
3423,125235,1,0,0,0
3424,251731,0,1,0,0
3425,37497,1,0,0,0
3426,234151,1,0,0,1
3427,24665,0,1,1,0
3428,143839,0,1,0,0
3429,68088,0,1,1,0
3430,246775,1,0,0,0
3431,74977,0,1,0,1
3432,168840,0,1,0,0
3433,234098,1,0,0,0
3434,171051,0,1,1,0
3435,23129,1,0,0,0
3436,143595,0,1,1,0
3437,136351,0,1,0,0
3438,194868,0,1,1,0
3439,73319,1,0,0,1
3440,228218,0,1,1,0
3441,212766,0,1,0,1
3442,271131,1,0,0,0
3443,16860,0,1,0,0
3444,11036,1,0,0,0
3445,114951,1,0,0,1
3446,208985,1,0,0,0
3447,126699,0,1,1,0
3448,283427,0,1,0,0
3449,183929,1,0,0,0
3450,286212,0,1,0,1
3451,54972,1,0,0,0
3452,25811,0,1,0,0
3453,194168,1,0,0,0
3454,87826,0,1,0,0
3455,82741,0,1,0,1
3456,265827,1,0,0,0
3457,287327,0,1,1,0
3458,631,1,0,0,0
3459,9253,0,1,0,0
3460,261224,1,0,0,0
3461,164367,0,1,0,0
3462,164434,0,0,0,1
3463,244827,1,0,0,0
3464,217690,0,1,1,0
3465,88205,0,1,0,0
3466,39171,1,0,0,0
3467,89033,0,1,0,0
3468,196469,1,0,0,0
3469,46574,0,1,1,0
3470,15855,0,1,1,0
3471,234933,0,1,0,0
3472,224344,1,0,0,0
3473,59663,0,1,0,0
3474,112971,0,1,1,0
3475,62982,0,1,1,0
3476,280571,1,0,0,0
3477,154344,1,0,0,1
3478,16350,0,1,1,0
3479,87,0,1,0,0
3480,131936,1,0,0,0
3481,285264,0,1,1,0
3482,268621,0,1,0,0
3483,180866,1,0,0,0
3484,59588,0,1,1,0
3485,187200,0,1,0,0
3486,117855,1,0,0,0
3487,180904,1,0,0,0
3488,28182,0,1,0,0
3489,88716,1,0,0,1
3490,193536,1,0,0,0
3491,210260,0,1,0,0
3492,15734,1,0,0,0
3493,229349,0,1,1,0
3494,234813,1,0,0,0
3495,26018,0,1,0,0
3496,138188,0,0,0,1
3497,26607,1,0,0,0
3498,143283,0,1,0,0
3499,127656,0,0,0,1
3500,219370,0,1,1,0
3501,182005,1,0,0,0
3502,38007,0,1,0,0
3503,172548,0,1,1,0
3504,38072,1,0,0,0
3505,152312,0,1,1,0
3506,11030,0,1,0,0
3507,9939,0,1,1,0
3508,58807,1,0,0,0
3509,233524,0,1,0,1
3510,95977,1,0,0,1
3511,201006,0,1,0,0
3512,67282,1,0,0,0
3513,76890,0,1,0,1
3514,67373,0,1,1,0
3515,197384,0,1,1,0
3516,231938,0,1,0,0
3517,170203,1,0,0,0
3518,144485,0,1,1,0
3519,109083,0,1,0,0
3520,198815,0,1,1,0
3521,4292,1,0,0,1
3522,21805,0,1,1,0
3523,64220,0,1,1,0
3524,95920,1,0,0,0
3525,253514,1,0,0,1
3526,268042,0,1,0,0
3527,14370,0,1,1,0
3528,4606,1,0,0,1
3529,113341,0,1,1,0
3530,165084,1,0,0,0
3531,175880,0,0,0,1
3532,74990,0,1,0,0
3533,238842,0,1,1,0
3534,157923,1,0,0,0
3535,132267,0,1,1,0
3536,135084,0,1,1,0
3537,22681,0,1,1,0
3538,204588,1,0,0,0
3539,91374,0,1,0,0
3540,161720,0,1,1,0
3541,92033,1,0,0,1
3542,97438,0,1,1,0
3543,65474,1,0,0,0
3544,129939,0,1,0,0
3545,52147,0,1,1,0
3546,221987,1,0,0,0
3547,97118,0,1,0,0
3548,81381,1,0,0,1
3549,120092,1,0,0,0
3550,75232,0,1,0,0
3551,46370,0,1,0,1
3552,137247,1,0,0,0
3553,219198,0,1,0,0
3554,44236,1,0,0,1
3555,286695,1,0,0,0
3556,121245,0,1,0,0
3557,142189,0,1,0,1
3558,235825,0,1,1,0
3559,88774,0,1,0,0
3560,180491,1,0,0,0
3561,71421,0,1,0,1
3562,209362,0,1,0,0
3563,167086,1,0,0,0
3564,16713,0,1,1,0
3565,37407,1,0,0,0
3566,35839,0,1,1,0
3567,277255,0,0,0,1
3568,233288,0,1,0,0
3569,119593,0,1,1,0
3570,51879,1,0,0,0
3571,180769,0,1,1,0
3572,157147,1,0,0,0
3573,77949,0,1,0,0
3574,17466,0,1,1,0
3575,114291,0,1,1,0
3576,96001,1,0,0,0
3577,47049,0,1,0,0
3578,128912,0,1,1,0
3579,244185,1,0,0,0
3580,183957,1,0,0,0
3581,242446,0,1,0,0
3582,269062,0,1,0,1
3583,82798,1,0,0,0
3584,200533,0,1,1,0
3585,186169,0,1,0,0
3586,127152,1,0,0,0
3587,66078,0,1,1,0
3588,274968,0,1,0,0
3589,83504,1,0,0,0
3590,42180,0,1,0,0
3591,66293,0,1,0,1
3592,23511,1,0,0,0
3593,201857,1,0,0,1
3594,6981,0,1,0,0
3595,149769,1,0,0,0
3596,36636,0,1,0,0
3597,5562,0,1,1,0
3598,140988,1,0,0,0
3599,220715,0,1,1,0
3600,25714,0,1,0,0
3601,141,0,1,1,0
3602,221659,0,1,1,0
3603,172572,1,0,0,0
3604,108602,0,1,0,0
3605,77926,0,1,1,0
3606,161427,0,1,1,0
3607,166093,1,0,0,0
3608,45646,0,1,0,0
3609,261200,1,0,0,0
3610,54564,1,0,0,1
3611,180650,0,1,0,0
3612,237006,1,0,0,1
3613,172670,0,1,1,0
3614,85866,1,0,0,0
3615,153432,0,1,0,0
3616,148080,0,1,0,0
3617,201690,1,0,0,0
3618,114076,0,1,0,0
3619,268323,1,0,0,0
3620,80864,0,0,0,1
3621,94525,1,0,0,0
3622,76408,0,1,0,0
3623,217389,1,0,0,1
3624,115750,1,0,0,0
3625,282344,0,1,1,0
3626,210633,0,1,0,0
3627,122321,0,1,1,0
3628,72365,0,1,1,0
3629,78452,1,0,0,0
3630,263528,0,1,0,0
3631,90981,1,0,0,1
3632,73478,1,0,0,0
3633,35809,0,1,0,0
3634,115015,0,0,0,1
3635,262908,1,0,0,0
3636,174018,0,1,1,0
3637,171410,0,0,0,1
3638,195707,0,1,1,0
3639,13045,1,0,0,0
3640,59424,0,1,0,0
3641,55129,0,0,0,1
3642,114212,1,0,0,0
3643,103195,0,1,0,0
3644,73553,0,0,0,1
3645,82926,0,1,1,0
3646,1708,1,0,0,0
3647,196853,0,1,0,0
3648,7563,0,1,1,0
3649,117370,0,1,0,1
3650,178932,0,1,0,1
3651,203095,1,0,0,0
3652,12185,0,1,0,0
3653,24016,0,1,1,0
3654,165298,0,1,1,0
3655,101373,0,1,0,1
3656,61721,0,1,0,0
3657,124661,1,0,0,0
3658,78553,1,0,0,0
3659,53079,0,1,0,0
3660,70001,1,0,0,0
3661,55926,0,1,0,1
3662,181213,0,1,0,0
3663,20513,0,0,0,1
3664,105889,0,1,0,1
3665,76118,1,0,0,0
3666,36173,0,1,1,0
3667,184968,0,1,1,0
3668,76098,0,1,0,0
3669,22832,0,1,0,0
3670,167437,1,0,0,0
3671,120135,0,1,1,0
3672,86597,0,1,0,0
3673,12821,1,0,0,0
3674,67679,0,0,0,1
3675,19666,0,1,1,0
3676,249640,1,0,0,0
3677,82736,0,1,1,0
3678,205660,0,1,0,0
3679,139092,1,0,0,1
3680,53547,1,0,0,0
3681,248336,0,1,0,0
3682,185452,0,0,0,1
3683,30358,0,1,1,0
3684,19458,1,0,0,0
3685,212646,0,1,1,0
3686,179358,0,1,0,0
3687,148218,1,0,0,0
3688,69624,1,0,0,1
3689,292835,0,1,1,0
3690,221300,0,1,1,0
3691,241987,1,0,0,0
3692,122794,0,1,0,0
3693,72369,0,1,1,0
3694,134129,0,1,1,0
3695,138426,1,0,0,1
3696,36597,1,0,0,0
3697,85220,0,1,0,0
3698,242256,1,0,0,0
3699,276939,0,1,1,0
3700,39930,0,1,0,0
3701,115538,0,1,1,0
3702,132635,0,0,0,1
3703,153118,1,0,0,0
3704,173359,0,1,1,0
3705,211222,0,1,1,0
3706,106012,0,1,0,0
3707,84395,0,1,1,0
3708,65807,1,0,0,0
3709,10164,0,1,1,0
3710,200696,0,1,0,0
3711,17448,0,1,0,1
3712,252110,1,0,0,0
3713,217358,0,1,0,0
3714,227270,1,0,0,1
3715,53688,1,0,0,0
3716,161704,1,0,0,0
3717,79834,0,1,0,0
3718,111697,0,1,0,0
3719,87593,1,0,0,0
3720,113468,0,1,1,0
3721,251716,1,0,0,1
3722,62742,0,1,0,0
3723,114553,1,0,0,0
3724,46645,0,1,0,1
3725,197653,0,1,0,0
3726,29789,1,0,0,0
3727,229950,0,1,0,1
3728,99537,0,1,0,1
3729,127106,1,0,0,0
3730,116514,0,1,0,0
3731,231128,0,1,1,0
3732,21197,0,0,0,1
3733,16608,0,1,0,0
3734,85196,0,1,1,0
3735,19120,1,0,0,1
3736,215951,1,0,0,0
3737,231373,0,1,0,0
3738,34433,0,1,1,0
3739,247140,0,0,0,1
3740,152391,1,0,0,0
3741,241240,0,1,0,0
3742,110721,1,0,0,0
3743,66761,0,1,0,0
3744,174756,0,0,0,1
3745,174722,1,0,0,0
3746,96727,0,1,0,0
3747,233898,0,1,1,0
3748,200843,0,1,1,0
3749,113862,1,0,0,0
3750,41969,0,1,1,0
3751,12952,0,1,0,1
3752,161058,0,1,0,0
3753,214582,1,0,0,0
3754,223925,0,1,1,0
3755,272711,1,0,0,1
3756,194418,0,1,0,0
3757,161650,1,0,0,0
3758,99679,0,1,1,0
3759,238805,1,0,0,0
3760,108622,0,1,0,1
3761,180821,0,1,0,0
3762,213308,1,0,0,1
3763,18791,0,1,0,0
3764,5254,1,0,0,0
3765,165443,0,1,0,0
3766,230128,1,0,0,0
3767,276892,0,1,1,0
3768,71439,0,1,0,1
3769,215593,1,0,0,0
3770,52960,0,1,0,0
3771,260538,0,1,0,1
3772,160748,1,0,0,0
3773,27254,1,0,0,1
3774,138516,0,1,0,0
3775,232692,0,1,1,0
3776,156584,0,1,1,0
3777,37151,0,1,1,0
3778,59178,1,0,0,0
3779,185120,0,1,0,0
3780,12477,1,0,0,1
3781,148471,1,0,0,0
3782,235836,0,1,1,0
3783,21859,0,1,1,0
3784,203197,0,1,0,0
3785,15702,1,0,0,0
3786,128549,0,1,0,1
3787,238789,0,1,1,0
3788,201911,1,0,0,0
3789,76500,0,1,0,0
3790,224079,1,0,0,0
3791,131230,0,1,1,0
3792,108767,0,1,0,0
3793,207015,0,0,0,1
3794,24711,1,0,0,0
3795,107369,0,1,0,0
3796,124918,0,1,1,0
3797,167754,1,0,0,0
3798,197421,0,1,0,1
3799,80566,0,1,1,0
3800,173700,1,0,0,0
3801,138546,0,1,0,1
3802,221120,0,1,0,0
3803,93093,1,0,0,0
3804,244477,0,1,0,0
3805,76375,1,0,0,1
3806,20363,0,0,0,1
3807,181500,1,0,0,0
3808,287728,0,1,0,0
3809,3777,1,0,0,1
3810,1085,1,0,0,0
3811,207420,0,1,1,0
3812,115106,0,1,0,0
3813,194981,1,0,0,1
3814,240679,1,0,0,0
3815,216992,0,1,0,0
3816,24300,0,1,1,0
3817,205087,1,0,0,0
3818,601,0,1,0,0
3819,267079,1,0,0,0
3820,62153,0,1,0,1
3821,117531,1,0,0,0
3822,92908,0,1,0,0
3823,224003,0,1,1,0
3824,232846,1,0,0,0
3825,92830,0,1,1,0
3826,108723,1,0,0,0
3827,141735,0,1,0,0
3828,290187,0,1,1,0
3829,159273,1,0,0,0
3830,159818,0,1,0,0
3831,27629,1,0,0,1
3832,200229,1,0,0,0
3833,3979,0,1,0,0
3834,197357,1,0,0,0
3835,156707,0,1,0,1
3836,197068,0,1,1,0
3837,79233,0,0,0,1
3838,217866,0,1,0,0
3839,196360,0,0,0,1
3840,69212,1,0,0,0
3841,192064,0,1,0,1
3842,136189,0,1,1,0
3843,9935,0,0,0,1
3844,292733,0,1,0,0
3845,11075,1,0,0,0
3846,177865,0,1,0,0
3847,139371,0,1,0,1
3848,68835,1,0,0,0
3849,59606,1,0,0,0
3850,122377,0,1,1,0
3851,187040,0,1,0,0
3852,2321,0,1,1,0
3853,63290,0,1,0,0
3854,140237,1,0,0,0
3855,274474,0,1,0,1
3856,203117,0,1,1,0
3857,156663,1,0,0,1
3858,231225,1,0,0,0
3859,208904,0,1,0,0
3860,57929,1,0,0,0
3861,224229,0,0,0,1
3862,191361,0,1,0,0
3863,213544,0,1,1,0
3864,78694,0,0,0,1
3865,90590,0,0,0,1
3866,191387,1,0,0,0
3867,76678,0,0,0,1
3868,13073,0,1,0,0
3869,208276,0,1,1,0
3870,14250,1,0,0,1
3871,292319,1,0,0,0
3872,50242,0,1,0,0
3873,137829,1,0,0,0
3874,257874,0,1,0,1
3875,137648,1,0,0,0
3876,177864,0,1,0,0
3877,275027,1,0,0,0
3878,173612,0,1,0,0
3879,213001,0,1,1,0
3880,135596,1,0,0,0
3881,176802,0,1,0,1
3882,257301,0,1,0,0
3883,137861,1,0,0,0
3884,217075,1,0,0,0
3885,1657,0,1,0,0
3886,220744,1,0,0,1
3887,106140,0,1,1,0
3888,53598,1,0,0,0
3889,141775,0,1,1,0
3890,149457,0,1,0,0
3891,154314,1,0,0,0
3892,49768,0,1,0,1
3893,200974,0,1,1,0
3894,196670,1,0,0,0
3895,160349,0,1,0,0
3896,98551,0,1,1,0
3897,212101,0,1,1,0
3898,279626,0,1,0,0
3899,232780,1,0,0,0
3900,73576,0,1,0,1
3901,259718,0,1,1,0
3902,8042,0,1,0,1
3903,59052,1,0,0,0
3904,166624,0,1,0,0
3905,232449,1,0,0,0
3906,187458,0,1,0,0
3907,145583,1,0,0,0
3908,75382,1,0,0,1
3909,107977,0,1,1,0
3910,206488,0,1,1,0
3911,258704,0,1,0,0
3912,228584,1,0,0,0
3913,78177,0,1,1,0
3914,11430,1,0,0,1
3915,139102,0,1,0,0
3916,144796,1,0,0,0
3917,270099,1,0,0,0
3918,138182,0,1,0,0
3919,122232,0,1,1,0
3920,191343,0,0,0,1
3921,57529,0,1,0,0
3922,199384,1,0,0,1
3923,235395,1,0,0,0
3924,131355,0,1,0,0
3925,90451,0,1,1,0
3926,154027,1,0,0,0
3927,221309,0,1,0,1
3928,177013,1,0,0,0
3929,59266,0,1,0,0
3930,215872,0,1,1,0
3931,231484,1,0,0,0
3932,253197,0,1,0,0
3933,187429,1,0,0,1
3934,61904,0,1,1,0
3935,35424,1,0,0,0
3936,213227,0,1,1,0
3937,25521,0,1,0,0
3938,47788,0,1,1,0
3939,144653,1,0,0,1
3940,236343,1,0,0,0
3941,42213,0,1,1,0
3942,214233,0,1,0,0
3943,69500,1,0,0,0
3944,167395,1,0,0,0
3945,44176,1,0,0,1
3946,54850,0,1,0,0
3947,143210,1,0,0,0
3948,168035,1,0,0,1
3949,188307,0,1,0,0
3950,231111,1,0,0,0
3951,206948,0,0,0,1
3952,240890,0,1,1,0
3953,236055,0,1,0,0
3954,18813,1,0,0,0
3955,218330,0,0,0,1
3956,245022,0,1,1,0
3957,86674,0,1,0,0
3958,89327,1,0,0,0
3959,190706,0,1,1,0
3960,134146,1,0,0,0
3961,168058,0,1,0,0
3962,167913,0,1,1,0
3963,124511,0,0,0,1
3964,75773,1,0,0,0
3965,13906,0,1,0,0
3966,195589,1,0,0,0
3967,32408,0,1,0,0
3968,203179,1,0,0,0
3969,234678,0,1,0,1
3970,247778,0,1,1,0
3971,200147,0,1,0,0
3972,60507,1,0,0,0
3973,44579,0,1,0,0
3974,41151,0,1,0,1
3975,223500,1,0,0,0
3976,60759,1,0,0,1
3977,166632,0,1,0,1
3978,290997,0,1,1,0
3979,191380,1,0,0,0
3980,220772,0,1,0,0
3981,14794,1,0,0,0
3982,90560,0,1,1,0
3983,66434,0,1,0,0
3984,244546,0,1,1,0
3985,67859,1,0,0,0
3986,193228,0,1,1,0
3987,90152,0,1,0,0
3988,246762,1,0,0,0
3989,9676,1,0,0,1
3990,197305,0,1,1,0
3991,79367,0,1,1,0
3992,270630,0,1,0,0
3993,286072,0,1,1,0
3994,49968,1,0,0,1
3995,74658,1,0,0,0
3996,58579,1,0,0,1
3997,115580,0,1,1,0
3998,271079,1,0,0,0
3999,134929,0,1,0,0
4000,161467,0,1,1,0
4001,151454,0,1,0,1
4002,87658,1,0,0,0
4003,266985,0,1,0,0
4004,58009,0,1,1,0
4005,229952,1,0,0,0
4006,58914,0,1,0,0
4007,49125,1,0,0,0
4008,167415,0,1,0,1
4009,44701,1,0,0,1
4010,54025,0,1,0,0
4011,204614,1,0,0,0
4012,95244,0,1,1,0
4013,204914,1,0,0,0
4014,119963,0,1,0,0
4015,192796,0,1,0,1
4016,220561,1,0,0,0
4017,15263,0,1,0,0
4018,215787,1,0,0,0
4019,156936,1,0,0,1
4020,211808,0,1,0,0
4021,207773,1,0,0,0
4022,226848,0,1,0,0
4023,50634,1,0,0,0
4024,46005,0,1,0,1
4025,240125,0,1,0,0
4026,39699,1,0,0,0
4027,17351,0,0,0,1
4028,132689,1,0,0,0
4029,173593,0,1,0,0
4030,269288,1,0,0,1
4031,53466,0,1,1,0
4032,60754,1,0,0,0
4033,136261,0,1,0,0
4034,139386,1,0,0,1
4035,78108,1,0,0,0
4036,91454,0,1,0,0
4037,163840,1,0,0,0
4038,134221,0,1,0,0
4039,170357,1,0,0,0
4040,127516,0,1,1,0
4041,162441,0,1,0,0
4042,68755,1,0,0,0
4043,230469,0,1,0,0
4044,273678,1,0,0,1
4045,135529,0,1,1,0
4046,172878,1,0,0,0
4047,265951,0,0,0,1
4048,230085,0,1,0,0
4049,206068,1,0,0,0
4050,53645,0,1,0,0
4051,140287,0,1,1,0
4052,92430,1,0,0,0
4053,225559,0,1,0,1
4054,111657,1,0,0,0
4055,4408,0,1,0,0
4056,111406,0,1,1,0
4057,285985,1,0,0,0
4058,98043,0,1,1,0
4059,174955,0,1,1,0
4060,41729,0,1,0,1
4061,148418,0,1,0,0
4062,232570,1,0,0,0
4063,22598,0,1,1,0
4064,118623,0,1,0,0
4065,161403,0,1,1,0
4066,90227,1,0,0,0
4067,151560,0,1,1,0
4068,166174,0,1,0,0
4069,57455,1,0,0,1
4070,10374,0,1,1,0
4071,114581,1,0,0,0
4072,186871,0,1,0,1
4073,189182,0,1,0,0
4074,138803,1,0,0,0
4075,194288,1,0,0,1
4076,59382,1,0,0,0
4077,18169,1,0,0,1
4078,126724,0,1,0,0
4079,149112,1,0,0,0
4080,996,0,1,1,0
4081,73064,0,1,0,0
4082,169409,1,0,0,0
4083,89392,0,1,1,0
4084,121077,0,1,1,0
4085,199319,0,1,0,1
4086,163912,1,0,0,0
4087,198735,0,1,0,0
4088,164269,1,0,0,0
4089,215577,0,1,0,0
4090,159317,0,1,1,0
4091,61363,1,0,0,1
4092,209519,1,0,0,0
4093,137606,0,1,1,0
4094,157629,0,1,1,0
4095,65209,0,1,0,0
4096,218530,1,0,0,0
4097,88352,0,1,1,0
4098,5102,0,1,0,0
4099,205570,0,0,0,1
4100,129750,0,1,1,0
4101,189243,1,0,0,0
4102,206203,0,1,1,0
4103,227040,0,1,0,0
4104,113651,1,0,0,1
4105,140764,1,0,0,0
4106,13804,0,1,1,0
4107,138736,0,1,0,0
4108,30291,1,0,0,0
4109,78959,0,1,0,0
4110,28847,0,0,0,1
4111,4084,0,1,1,0
4112,71507,1,0,0,0
4113,129891,0,1,0,0
4114,286162,0,1,1,0
4115,206184,1,0,0,0
4116,79477,0,1,0,0
4117,209507,0,1,1,0
4118,184780,1,0,0,0
4119,133779,0,1,1,0
4120,5480,0,1,0,0
4121,96016,1,0,0,0
4122,187905,1,0,0,0
4123,90394,0,1,0,1
4124,45174,0,1,0,0
4125,63479,0,1,0,1
4126,247478,1,0,0,0
4127,75763,0,1,0,0
4128,85640,0,0,0,1
4129,56589,1,0,0,0
4130,26194,0,1,0,0
4131,15339,1,0,0,0
4132,163837,0,1,1,0
4133,180586,0,1,0,1
4134,112151,0,1,0,0
4135,148321,1,0,0,0
4136,145536,1,0,0,1
4137,88435,1,0,0,0
4138,95203,0,1,0,0
4139,242557,1,0,0,0
4140,144199,0,1,0,0
4141,35791,1,0,0,0
4142,206104,1,0,0,1
4143,179400,0,1,0,0
4144,17746,1,0,0,0
4145,17923,0,1,1,0
4146,32507,0,1,0,1
4147,153327,0,1,1,0
4148,207557,0,1,1,0
4149,144801,0,1,0,1
4150,1074,1,0,0,0
4151,56206,0,1,1,0
4152,155450,0,1,0,0
4153,229932,1,0,0,0
4154,55444,0,1,0,1
4155,45798,0,1,0,0
4156,156606,0,1,1,0
4157,21847,0,1,1,0
4158,67309,1,0,0,0
4159,158662,0,1,1,0
4160,200262,0,1,0,0
4161,51386,1,0,0,1
4162,10229,0,1,1,0
4163,37079,1,0,0,0
4164,135744,0,1,0,0
4165,21552,0,1,0,1
4166,101536,1,0,0,0
4167,218115,0,1,1,0
4168,58272,0,1,0,0
4169,234003,1,0,0,0
4170,270860,1,0,0,1
4171,148737,0,1,0,0
4172,230578,1,0,0,0
4173,109994,1,0,0,0
4174,69261,0,1,0,0
4175,61208,0,1,1,0
4176,59337,1,0,0,0
4177,211732,0,1,0,0
4178,168984,0,1,0,1
4179,65267,1,0,0,0
4180,220101,0,1,0,1
4181,49091,0,1,1,0
4182,90765,0,1,1,0
4183,187717,0,1,0,0
4184,96660,1,0,0,0
4185,155256,0,1,1,0
4186,179328,0,1,1,0
4187,79890,1,0,0,0
4188,263873,0,1,0,0
4189,85238,1,0,0,1
4190,226088,0,0,0,1
4191,226313,1,0,0,0
4192,139041,0,1,0,0
4193,68330,0,1,0,1
4194,239314,1,0,0,0
4195,109934,0,1,1,0
4196,261374,1,0,0,0
4197,152340,0,1,0,0
4198,192471,1,0,0,0
4199,162926,0,1,1,0
4200,111229,0,1,0,0
4201,134343,0,0,0,1
4202,258251,1,0,0,0
4203,197922,0,1,1,0
4204,230904,0,1,0,1
4205,133218,0,1,0,0
4206,75836,1,0,0,0
4207,74536,0,1,1,0
4208,54945,0,1,1,0
4209,245567,0,1,0,0
4210,107572,1,0,0,0
4211,123189,1,0,0,1
4212,91321,0,1,0,0
4213,173620,1,0,0,0
4214,3946,0,1,1,0
4215,63202,0,1,0,0
4216,221667,1,0,0,0
4217,152163,0,1,0,0
4218,55095,1,0,0,0
4219,71367,0,1,1,0
4220,68591,1,0,0,0
4221,85132,0,1,1,0
4222,234836,0,1,0,0
4223,229333,1,0,0,0
4224,155033,0,1,0,1
4225,173055,0,1,0,0
4226,19746,1,0,0,0
4227,209831,0,1,1,0
4228,112340,1,0,0,1
4229,99486,0,1,1,0
4230,82691,0,1,0,0
4231,214849,1,0,0,0
4232,247865,1,0,0,1
4233,100634,0,1,0,0
4234,63587,1,0,0,0
4235,192969,0,1,1,0
4236,224848,0,1,0,1
4237,241221,1,0,0,0
4238,9231,0,1,0,0
4239,172835,0,1,1,0
4240,158356,1,0,0,0
4241,219888,0,1,0,1
4242,167225,0,1,1,0
4243,218160,0,1,0,0
4244,206171,1,0,0,0
4245,226280,0,0,0,1
4246,282851,0,1,0,0
4247,123489,1,0,0,0
4248,77396,1,0,0,0
4249,125713,0,1,0,0
4250,88517,0,1,1,0
4251,175516,0,1,0,0
4252,107071,0,1,0,1
4253,198102,1,0,0,0
4254,224005,0,1,1,0
4255,282578,0,1,0,0
4256,94183,1,0,0,0
4257,240610,0,1,0,0
4258,136707,0,0,0,1
4259,22428,1,0,0,0
4260,41286,1,0,0,0
4261,87045,0,0,0,1
4262,236809,0,1,0,0
4263,230413,1,0,0,0
4264,6669,0,1,0,0
4265,17249,0,1,1,0
4266,224261,1,0,0,0
4267,14828,0,1,0,0
4268,210614,1,0,0,1
4269,187261,0,1,0,1
4270,36150,1,0,0,0
4271,19893,1,0,0,1
4272,229300,0,1,0,0
4273,40348,1,0,0,0
4274,204693,0,1,0,0
4275,163405,1,0,0,0
4276,36640,0,1,1,0
4277,218691,0,1,0,0
4278,214648,1,0,0,0
4279,186948,1,0,0,0
4280,181823,0,1,1,0
4281,82709,1,0,0,1
4282,98803,0,1,0,0
4283,24663,1,0,0,0
4284,137245,0,1,0,0
4285,114779,0,0,0,1
4286,157851,0,1,1,0
4287,243298,0,1,0,0
4288,111886,1,0,0,0
4289,172916,1,0,0,0
4290,94988,1,0,0,1
4291,47135,0,1,0,0
4292,199562,1,0,0,0
4293,36033,1,0,0,1
4294,26219,0,1,0,0
4295,154145,1,0,0,0
4296,166725,0,1,0,0
4297,121129,1,0,0,0
4298,64556,0,1,0,1
4299,126071,0,1,1,0
4300,216771,0,1,1,0
4301,90433,1,0,0,0
4302,93669,1,0,0,1
4303,36426,0,1,0,0
4304,128446,0,1,1,0
4305,49377,0,1,1,0
4306,228116,1,0,0,0
4307,197581,0,1,0,1
4308,282044,0,1,0,0
4309,38457,1,0,0,1
4310,138357,0,1,1,0
4311,277450,1,0,0,0
4312,161538,1,0,0,1
4313,285104,0,1,0,0
4314,149282,1,0,0,0
4315,236464,0,0,0,1
4316,69991,0,1,0,0
4317,111362,1,0,0,0
4318,111965,0,1,0,0
4319,81612,1,0,0,0
4320,51999,0,1,1,0
4321,121696,0,1,0,0
4322,185662,0,0,0,1
4323,24658,1,0,0,0
4324,168950,0,1,1,0
4325,238219,0,1,0,0
4326,30042,0,1,1,0
4327,240658,1,0,0,0
4328,209422,1,0,0,1
4329,54536,0,1,0,0
4330,117190,1,0,0,0
4331,201056,1,0,0,1
4332,210976,0,1,0,0
4333,198553,1,0,0,0
4334,111815,0,1,1,0
4335,211629,0,1,1,0
4336,62146,0,1,1,0
4337,77053,1,0,0,0
4338,133157,0,1,0,0
4339,154102,0,1,0,1
4340,73166,1,0,0,0
4341,52073,0,1,1,0
4342,90145,0,1,0,0
4343,110535,1,0,0,0
4344,199994,0,1,0,0
4345,27169,1,0,0,0
4346,13002,0,1,0,0
4347,77600,1,0,0,1
4348,176484,0,1,1,0
4349,178049,1,0,0,0
4350,197017,0,1,0,0
4351,159535,1,0,0,0
4352,133921,1,0,0,0
4353,45899,0,1,0,0
4354,203856,0,1,1,0
4355,224622,0,1,0,1
4356,253043,1,0,0,0
4357,8195,0,1,0,0
4358,119832,0,1,1,0
4359,86797,0,1,1,0
4360,228393,0,1,0,1
4361,266937,1,0,0,0
4362,264064,1,0,0,1
4363,196765,0,1,0,0
4364,239507,0,1,0,1
4365,211030,1,0,0,0
4366,282967,0,1,1,0
4367,63205,0,1,1,0
4368,140334,0,1,0,1
4369,226854,0,1,1,0
4370,215062,1,0,0,0
4371,15229,0,1,1,0
4372,64564,0,1,0,0
4373,67138,0,1,1,0
4374,224516,1,0,0,0
4375,60534,0,1,0,0
4376,255231,1,0,0,0
4377,153481,0,1,0,0
4378,241196,1,0,0,1
4379,158745,1,0,0,0
4380,8911,0,1,1,0
4381,123678,0,1,0,0
4382,63269,0,1,0,1
4383,37358,1,0,0,0
4384,165143,0,1,0,1
4385,30566,0,1,1,0
4386,91510,0,1,0,0
4387,121744,0,1,1,0
4388,37516,1,0,0,0
4389,280372,0,1,0,1
4390,124095,0,1,0,0
4391,84546,0,1,1,0
4392,232576,0,1,0,1
4393,223896,1,0,0,0
4394,133413,0,1,0,0
4395,116819,0,1,0,1
4396,114246,0,1,1,0
4397,173992,1,0,0,0
4398,143147,0,1,0,0
4399,269703,1,0,0,0
4400,116660,0,1,0,0
4401,273242,1,0,0,0
4402,85066,0,1,0,0
4403,212892,0,1,0,1
4404,203309,0,1,1,0
4405,49985,1,0,0,0
4406,215104,1,0,0,0
4407,214728,0,1,0,0
4408,241129,0,1,1,0
4409,257763,1,0,0,0
4410,208601,0,1,1,0
4411,139152,0,1,1,0
4412,113311,0,1,0,0
4413,125766,1,0,0,0
4414,159307,1,0,0,1
4415,115478,1,0,0,0
4416,242519,0,1,1,0
4417,91380,0,1,0,0
4418,193603,0,0,0,1
4419,201748,1,0,0,0
4420,50939,0,1,0,0
4421,239701,0,1,0,1
4422,172759,1,0,0,0
4423,130814,0,1,0,0
4424,115612,1,0,0,1
4425,271748,1,0,0,0
4426,140159,0,1,0,0
4427,114401,1,0,0,1
4428,269542,1,0,0,0
4429,219369,0,1,1,0
4430,21796,1,0,0,0
4431,11053,0,1,0,0
4432,124687,0,1,0,1
4433,156963,1,0,0,0
4434,255718,1,0,0,0
4435,181427,0,1,0,0
4436,54760,0,1,1,0
4437,76521,0,1,1,0
4438,82536,0,1,0,1
4439,289576,1,0,0,0
4440,84784,0,1,1,0
4441,60044,0,1,1,0
4442,122420,0,1,0,0
4443,197763,0,1,1,0
4444,3158,1,0,0,0
4445,59660,0,0,0,1
4446,193960,0,1,1,0
4447,133705,0,1,0,0
4448,115038,1,0,0,0
4449,85194,1,0,0,0
4450,75684,0,1,0,1
4451,244854,0,1,0,0
4452,116673,1,0,0,0
4453,64807,1,0,0,1
4454,163598,1,0,0,0
4455,30433,0,1,0,0
4456,240931,1,0,0,0
4457,86848,0,1,0,0
4458,130844,0,0,0,1
4459,243531,1,0,0,0
4460,137718,0,1,0,0
4461,87821,1,0,0,0
4462,7839,1,0,0,1
4463,266111,1,0,0,0
4464,52707,0,1,0,0
4465,13762,0,1,1,0
4466,272073,1,0,0,0
4467,235676,0,1,0,1
4468,173938,0,1,0,0
4469,214800,1,0,0,0
4470,237579,0,1,1,0
4471,33137,0,0,0,1
4472,175887,1,0,0,0
4473,259549,0,0,0,1
4474,250470,0,1,0,0
4475,275665,0,1,1,0
4476,20681,0,1,1,0
4477,150945,1,0,0,0
4478,120433,0,1,0,0
4479,217859,1,0,0,0
4480,239505,0,1,1,0
4481,119943,0,1,0,1
4482,144881,0,1,0,0
4483,62676,1,0,0,0
4484,24493,0,1,0,1
4485,38151,0,1,0,0
4486,82188,1,0,0,0
4487,187147,0,1,1,0
4488,100752,0,1,0,0
4489,141666,1,0,0,0
4490,34306,0,1,0,1
4491,58164,0,1,0,1
4492,18596,1,0,0,0
4493,114176,0,1,0,0
4494,11296,1,0,0,0
4495,243263,0,1,0,0
4496,163242,0,1,1,0
4497,135549,1,0,0,0
4498,198042,0,1,1,0
4499,123698,0,1,0,0
4500,208688,0,1,0,1
4501,74256,1,0,0,0
4502,33672,0,1,0,0
4503,277951,0,1,1,0
4504,232566,1,0,0,1
4505,115715,1,0,0,0
4506,187206,1,0,0,1
4507,97004,0,1,0,0
4508,220759,1,0,0,0
4509,48483,0,1,0,1
4510,34754,0,1,1,0
4511,234032,0,1,0,0
4512,180580,0,1,1,0
4513,135300,1,0,0,0
4514,226005,0,1,0,0
4515,68495,0,1,1,0
4516,59265,0,0,0,1
4517,181149,1,0,0,1
4518,241170,1,0,0,0
4519,143040,0,1,0,0
4520,70395,0,1,1,0
4521,87908,0,1,0,1
4522,38539,0,1,0,0
4523,253714,1,0,0,0
4524,64983,0,1,1,0
4525,86756,0,1,1,0
4526,158522,1,0,0,0
4527,38937,0,1,0,0
4528,240974,0,1,0,1
4529,73770,1,0,0,0
4530,227754,0,1,0,0
4531,129826,1,0,0,0
4532,1561,0,1,0,0
4533,103810,1,0,0,0
4534,235238,0,1,0,1
4535,161984,0,1,0,0
4536,178224,1,0,0,0
4537,200539,0,0,0,1
4538,137655,1,0,0,0
4539,180064,0,1,1,0
4540,275833,0,1,0,0
4541,101562,0,0,0,1
4542,4509,1,0,0,0
4543,178157,0,1,0,0
4544,86125,0,0,0,1
4545,97885,0,1,1,0
4546,35960,1,0,0,0
4547,151590,0,1,0,0
4548,35522,1,0,0,0
4549,215886,0,1,0,0
4550,83617,1,0,0,0
4551,28715,0,1,0,0
4552,89451,1,0,0,0
4553,128174,0,1,1,0
4554,108579,0,1,0,0
4555,47046,1,0,0,0
4556,148988,1,0,0,1
4557,166870,1,0,0,0
4558,218119,0,1,0,0
4559,23337,1,0,0,0
4560,22878,0,1,0,0
4561,73086,1,0,0,0
4562,164218,0,0,0,1
4563,115925,0,1,1,0
4564,169469,0,1,1,0
4565,274827,0,1,0,0
4566,134706,1,0,0,0
4567,68979,0,1,0,0
4568,143645,0,1,1,0
4569,98104,1,0,0,0
4570,63513,0,1,0,1
4571,214922,0,1,1,0
4572,61263,0,1,0,1
4573,69502,0,1,0,0
4574,106381,1,0,0,0
4575,141449,0,1,0,0
4576,30204,1,0,0,0
4577,5289,0,1,0,0
4578,216322,1,0,0,0
4579,73898,0,1,1,0
4580,3072,1,0,0,1
4581,140682,0,1,0,0
4582,218413,0,1,1,0
4583,198724,1,0,0,0
4584,42332,0,1,1,0
4585,154498,0,1,1,0
4586,163233,0,1,0,0
4587,22871,1,0,0,0
4588,227265,0,1,1,0
4589,76120,0,1,0,0
4590,253591,0,1,1,0
4591,289970,1,0,0,0
4592,3665,1,0,0,1
4593,166712,0,1,0,0
4594,184376,1,0,0,0
4595,269566,0,0,0,1
4596,134004,0,1,1,0
4597,83449,0,1,0,0
4598,232839,1,0,0,0
4599,120488,0,1,1,0
4600,195181,0,0,0,1
4601,116537,0,1,0,0
4602,8450,0,1,0,1
4603,241724,1,0,0,0
4604,131187,0,1,1,0
4605,59475,0,1,1,0
4606,252897,1,0,0,0
4607,228744,0,1,0,0
4608,163416,0,1,1,0
4609,148098,1,0,0,0
4610,105783,0,1,1,0
4611,107371,0,1,0,0
4612,224236,0,1,1,0
4613,17031,1,0,0,1
4614,130353,1,0,0,0
4615,58855,0,1,0,0
4616,170073,1,0,0,0
4617,184578,1,0,0,0
4618,287909,0,1,0,0
4619,87328,1,0,0,1
4620,142600,0,1,0,0
4621,30226,1,0,0,0
4622,34084,1,0,0,0
4623,123155,0,1,0,0
4624,158053,0,1,0,1
4625,220431,1,0,0,0
4626,254242,0,1,0,0
4627,166548,0,1,0,0
4628,7867,1,0,0,0
4629,70846,0,0,0,1
4630,149315,1,0,0,0
4631,71977,0,1,0,0
4632,67317,0,1,1,0
4633,24124,1,0,0,0
4634,13371,0,1,0,0
4635,20683,0,1,1,0
4636,177545,1,0,0,0
4637,236837,0,1,0,0
4638,221860,1,0,0,1
4639,161920,1,0,0,0
4640,242084,0,1,0,0
4641,50076,1,0,0,0
4642,261211,0,1,0,0
4643,25034,1,0,0,0
4644,221192,0,1,0,0
4645,241217,0,0,0,1
4646,263947,0,1,1,0
4647,252168,1,0,0,0
4648,244359,0,1,0,0
4649,274797,1,0,0,0
4650,95703,0,1,1,0
4651,284970,1,0,0,0
4652,239343,0,1,1,0
4653,27371,0,1,0,0
4654,269797,1,0,0,0
4655,288530,0,1,0,1
4656,11925,0,1,0,0
4657,272410,1,0,0,0
4658,25854,1,0,0,0
4659,186602,0,1,1,0
4660,181092,0,1,0,0
4661,72356,1,0,0,0
4662,144323,1,0,0,1
4663,119508,0,1,1,0
4664,230565,1,0,0,0
4665,271353,0,1,0,0
4666,64005,0,1,1,0
4667,89536,1,0,0,0
4668,48702,0,1,1,0
4669,283384,0,1,0,0
4670,276544,1,0,0,0
4671,189284,1,0,0,0
4672,209465,0,1,0,0
4673,43923,0,0,0,1
4674,61449,0,1,0,1
4675,245850,1,0,0,0
4676,216574,0,1,0,0
4677,157620,0,1,1,0
4678,649,0,1,0,0
4679,149369,1,0,0,0
4680,13620,0,1,1,0
4681,215111,0,1,1,0
4682,49217,0,1,0,1
4683,153810,1,0,0,0
4684,102717,0,1,0,0
4685,127254,0,0,0,1
4686,38409,1,0,0,0
4687,151688,0,1,0,0
4688,253127,1,0,0,0
4689,110210,0,1,0,1
4690,244062,0,1,1,0
4691,227509,1,0,0,0
4692,136033,0,1,0,0
4693,18082,0,1,0,1
4694,160894,0,1,1,0
4695,40509,1,0,0,0
4696,200918,0,1,1,0
4697,267028,0,1,0,0
4698,188091,0,1,1,0
4699,175194,1,0,0,0
4700,215266,0,1,0,0
4701,96990,1,0,0,1
4702,222176,1,0,0,0
4703,38656,0,1,0,0
4704,208757,1,0,0,0
4705,175281,0,1,1,0
4706,23716,0,1,0,0
4707,75976,0,0,0,1
4708,20984,1,0,0,0
4709,277559,0,1,0,1
4710,216749,0,1,0,0
4711,215840,1,0,0,0
4712,240369,1,0,0,1
4713,163264,0,1,1,0
4714,10353,0,1,0,0
4715,69326,1,0,0,0
4716,238221,0,1,0,1
4717,159729,0,1,0,1
4718,191681,1,0,0,0
4719,121595,0,1,0,0
4720,122942,0,1,1,0
4721,238875,1,0,0,0
4722,245506,0,1,0,0
4723,266848,1,0,0,0
4724,134784,0,0,0,1
4725,226635,0,1,0,0
4726,265168,1,0,0,0
4727,286918,0,1,0,0
4728,291279,0,0,0,1
4729,159744,0,1,1,0
4730,185234,0,1,1,0
4731,9206,1,0,0,0
4732,64566,0,1,1,0
4733,120041,0,1,0,0
4734,127527,1,0,0,0
4735,416,0,1,0,0
4736,288882,1,0,0,0
4737,222813,0,1,0,0
4738,60671,1,0,0,0
4739,61101,0,1,1,0
4740,13344,0,1,0,0
4741,131109,1,0,0,0
4742,173046,0,1,0,1
4743,220727,1,0,0,0
4744,102035,0,1,0,0
4745,118069,0,1,1,0
4746,209470,0,1,0,0
4747,168949,0,1,1,0
4748,160390,1,0,0,0
4749,151803,0,0,0,1
4750,37504,0,1,0,0
4751,45249,1,0,0,0
4752,197286,0,1,0,0
4753,76999,1,0,0,0
4754,198524,1,0,0,0
4755,212407,0,1,0,1
4756,235757,0,1,0,0
4757,96774,0,1,1,0
4758,89618,1,0,0,0
4759,119414,0,1,0,0
4760,174733,1,0,0,0
4761,247498,1,0,0,1
4762,32114,0,1,0,0
4763,189139,0,1,1,0
4764,46163,1,0,0,0
4765,27241,0,1,1,0
4766,69397,0,1,0,0
4767,133890,0,1,0,1
4768,266979,0,1,0,1
4769,256152,1,0,0,0
4770,187309,0,1,0,1
4771,120270,0,1,0,0
4772,91506,1,0,0,0
4773,21198,0,1,0,0
4774,165932,1,0,0,0
4775,228619,0,1,0,0
4776,178751,1,0,0,0
4777,284239,0,1,0,0
4778,292097,0,1,1,0
4779,212949,1,0,0,0
4780,103041,0,1,0,1
4781,45919,0,1,1,0
4782,233752,0,1,0,0
4783,38156,0,1,0,1
4784,177654,1,0,0,0
4785,182131,0,1,1,0
4786,96187,0,1,0,0
4787,171124,1,0,0,0
4788,5470,0,1,0,0
4789,75746,0,1,1,0
4790,219559,0,1,1,0
4791,242720,0,1,0,1
4792,22745,0,1,1,0
4793,242556,1,0,0,0
4794,58212,0,1,1,0
4795,239888,1,0,0,0
4796,88935,0,1,0,0
4797,241017,0,1,1,0
4798,72909,0,1,0,1
4799,140995,1,0,0,0
4800,109299,0,1,0,0
4801,38776,0,1,0,1
4802,120608,0,1,0,0
4803,132737,0,1,0,1
4804,174011,0,1,0,1
4805,21604,1,0,0,0
4806,215907,1,0,0,0
4807,10492,0,1,0,0
4808,49954,0,1,1,0
4809,64586,1,0,0,0
4810,118095,0,1,0,0
4811,89016,1,0,0,1
4812,252691,1,0,0,0
4813,201532,0,1,0,0
4814,281927,1,0,0,0
4815,100183,0,1,0,1
4816,156265,0,1,0,1
4817,90150,1,0,0,0
4818,49867,0,1,0,0
4819,19523,0,1,1,0
4820,215129,0,1,1,0
4821,154668,1,0,0,0
4822,282030,0,1,0,0
4823,65235,0,1,1,0
4824,40069,1,0,0,1
4825,205271,0,1,1,0
4826,103760,1,0,0,0
4827,165210,0,1,0,0
4828,264787,1,0,0,0
4829,37850,0,1,1,0
4830,58881,0,1,1,0
4831,75012,1,0,0,1
4832,166610,1,0,0,0
4833,192379,0,1,1,0
4834,198126,0,1,0,0
4835,199759,0,1,0,1
4836,115100,1,0,0,0
4837,107083,1,0,0,0
4838,212667,0,1,0,0
4839,268550,1,0,0,0
4840,65072,0,1,1,0
4841,3,0,1,0,0
4842,206329,1,0,0,0
4843,172559,0,1,0,0
4844,274885,1,0,0,1
4845,31848,1,0,0,0
4846,169954,0,1,0,0
4847,260650,0,0,0,1
4848,103862,1,0,0,0
4849,62675,0,1,1,0
4850,34245,0,1,0,0
4851,200583,0,0,0,1
4852,103210,0,1,1,0
4853,100113,1,0,0,0
4854,207807,0,1,0,0
4855,148653,1,0,0,0
4856,200067,0,1,0,1
4857,135327,1,0,0,0
4858,213672,0,1,0,0
4859,267206,0,1,1,0
4860,110201,0,1,1,0
4861,31278,0,1,1,0
4862,236607,1,0,0,0
4863,199888,0,1,0,0
4864,65763,1,0,0,1
4865,255374,1,0,0,0
4866,13231,0,1,0,0
4867,90371,1,0,0,0
4868,33350,0,1,0,1
4869,165630,0,1,1,0
4870,269360,1,0,0,0
4871,283702,0,1,0,0
4872,55718,0,1,0,0
4873,190528,1,0,0,0
4874,218580,1,0,0,1
4875,3602,0,1,0,1
4876,184877,0,1,0,0
4877,273592,1,0,0,0
4878,30516,0,0,0,1
4879,126690,1,0,0,0
4880,227366,0,1,0,0
4881,67177,1,0,0,0
4882,66,0,1,1,0
4883,96211,0,1,1,0
4884,200588,0,1,0,0
4885,124093,0,1,1,0
4886,89574,1,0,0,0
4887,184915,1,0,0,0
4888,230246,0,1,0,0
4889,144267,1,0,0,1
4890,101244,0,1,1,0
4891,18678,0,1,1,0
4892,75339,1,0,0,1
4893,131789,1,0,0,0
4894,49684,0,1,1,0
4895,20809,0,1,0,0
4896,148841,0,1,0,1
4897,116637,0,1,1,0
4898,155991,1,0,0,0
4899,111644,0,1,0,0
4900,91962,0,1,1,0
4901,171892,0,1,0,0
4902,30632,1,0,0,0
4903,245346,1,0,0,0
4904,135777,0,1,0,0
4905,181406,0,1,1,0
4906,139478,1,0,0,1
4907,85844,1,0,0,0
4908,2864,0,1,0,0
4909,90295,1,0,0,0
4910,218430,0,1,0,0
4911,245582,0,1,0,1
4912,3823,1,0,0,0
4913,177022,0,1,0,0
4914,139051,0,1,1,0
4915,227717,0,1,0,1
4916,118375,1,0,0,0
4917,233191,0,1,0,0
4918,14176,0,1,0,1
4919,125900,1,0,0,0
4920,131513,0,1,0,1
4921,156667,0,1,0,1
4922,77773,0,1,0,0
4923,223821,1,0,0,0
4924,90469,0,1,1,0
4925,26420,1,0,0,0
4926,100757,0,1,0,0
4927,129945,0,0,0,1
4928,175751,1,0,0,0
4929,45290,0,1,0,0
4930,1109,1,0,0,0
4931,107833,0,1,0,0
4932,203172,0,1,1,0
4933,3165,1,0,0,0
4934,240817,1,0,0,1
4935,14739,0,1,0,0
4936,221394,1,0,0,1
4937,151157,1,0,0,0
4938,266285,0,0,0,1
4939,81775,1,0,0,0
4940,85100,0,1,0,0
4941,82141,0,1,0,0
4942,72991,1,0,0,0
4943,217242,0,1,0,0
4944,160954,1,0,0,0
4945,164081,0,1,1,0
4946,30426,0,1,0,0
4947,153201,1,0,0,0
4948,16592,0,1,0,0
4949,76514,1,0,0,0
4950,139978,1,0,0,0
4951,256624,1,0,0,1
4952,216937,0,1,0,0
4953,229840,0,1,1,0
4954,112469,0,1,1,0
4955,143920,1,0,0,0
4956,119821,0,1,0,0
4957,85265,0,1,0,0
4958,168495,1,0,0,0
4959,232126,0,1,1,0
4960,185925,1,0,0,0
4961,129828,0,0,0,1
4962,245490,0,1,0,0
4963,241222,0,0,0,1
4964,49594,0,1,0,1
4965,8279,0,1,0,0
4966,148535,1,0,0,0
4967,255753,1,0,0,0
4968,125628,0,1,0,0
4969,96511,0,0,0,1
4970,86928,1,0,0,0
4971,144972,0,1,0,1
4972,67085,0,1,1,0
4973,116988,0,1,0,0
4974,26784,1,0,0,0
4975,139096,1,0,0,1
4976,135601,1,0,0,0
4977,49495,0,1,0,0
4978,268201,1,0,0,1
4979,214350,1,0,0,0
4980,166679,0,1,0,0
4981,20588,1,0,0,0
4982,192453,0,1,0,0
4983,264484,1,0,0,1
4984,63695,1,0,0,0
4985,206594,0,1,0,0
4986,47487,0,1,0,1
4987,293370,1,0,0,0
4988,45386,0,1,0,0
4989,168383,0,1,1,0
4990,74215,0,0,0,1
4991,240132,1,0,0,0
4992,79626,0,1,0,0
4993,143527,0,1,1,0
4994,254466,1,0,0,0
4995,33869,0,1,0,0
4996,58784,1,0,0,1
4997,193273,0,1,1,0
4998,152330,0,1,1,0
4999,19932,0,1,1,0
5000,96003,1,0,0,0
5001,170020,1,0,0,1
5002,244750,0,1,0,0
5003,106508,1,0,0,1
5004,47482,0,1,0,1
5005,158607,1,0,0,0
5006,79198,0,1,0,0
5007,92656,0,0,0,1
5008,171880,0,1,0,1
5009,74949,1,0,0,0
5010,204508,1,0,0,1
5011,77715,0,1,0,0
5012,87335,1,0,0,0
5013,89742,0,1,0,0
5014,107394,1,0,0,0
5015,118240,0,1,0,0
5016,97828,0,1,0,1
5017,196341,1,0,0,0
5018,38632,0,1,0,0
5019,57967,1,0,0,0
5020,294090,0,1,0,0
5021,238747,1,0,0,0
5022,96805,0,0,0,1
5023,11477,0,1,1,0
5024,52737,0,1,0,0
5025,225639,0,1,1,0
5026,217846,1,0,0,1
5027,9510,0,1,1,0
5028,234407,1,0,0,0
5029,186531,0,1,0,0
5030,203686,1,0,0,1
5031,130351,1,0,0,0
5032,192995,0,1,0,0
5033,141054,1,0,0,0
5034,64219,0,1,0,1
5035,170953,0,1,0,0
5036,167462,0,1,0,1
5037,201015,1,0,0,0
5038,207553,0,1,0,0
5039,205251,0,1,0,1
5040,229407,1,0,0,0
5041,7293,1,0,0,1
5042,222053,0,1,0,0
5043,229338,0,1,1,0
5044,156470,0,1,0,1
5045,20534,1,0,0,0
5046,25572,0,1,0,0
5047,26052,0,1,0,1
5048,12336,1,0,0,0
5049,245509,0,1,0,0
5050,227108,0,0,0,1
5051,233658,1,0,0,0
5052,228718,0,1,0,0
5053,152080,1,0,0,0
5054,18584,0,1,0,1
5055,382,1,0,0,0
5056,69908,0,1,0,0
5057,75606,1,0,0,0
5058,65432,0,1,0,0
5059,190792,1,0,0,0
5060,214278,0,1,1,0
5061,51904,0,1,0,0
5062,142433,0,1,0,1
5063,232978,1,0,0,0
5064,60732,0,1,0,0
5065,231647,0,0,0,1
5066,186937,0,1,1,0
5067,32993,1,0,0,0
5068,193667,0,1,1,0
5069,66147,0,1,0,0
5070,3176,0,1,1,0
5071,22245,1,0,0,0
5072,38454,1,0,0,1
5073,253035,0,0,0,1
5074,36269,1,0,0,0
5075,92874,0,1,0,0
5076,175049,1,0,0,0
5077,16920,1,0,0,1
5078,90884,0,1,0,0
5079,227189,0,1,1,0
5080,260862,1,0,0,0
5081,116552,0,1,0,0
5082,28017,0,1,1,0
5083,174891,1,0,0,0
5084,171638,0,1,0,0
5085,130780,1,0,0,0
5086,223674,0,1,1,0
5087,247632,0,1,0,0
5088,262253,0,1,1,0
5089,89717,0,1,0,1
5090,88867,0,1,1,0
5091,97231,1,0,0,0
5092,97200,0,1,1,0
5093,135577,0,1,0,0
5094,142535,1,0,0,0
5095,231683,0,1,0,1
5096,235244,0,1,0,0
5097,210191,1,0,0,0
5098,80253,0,1,1,0
5099,53229,0,1,0,0
5100,226525,1,0,0,0
5101,239117,0,1,0,0
5102,254248,1,0,0,1
5103,201038,1,0,0,0
5104,171444,0,1,1,0
5105,69226,0,0,0,1
5106,241961,0,1,0,0
5107,69382,1,0,0,0
5108,244715,0,1,1,0
5109,215902,0,1,0,1
5110,287593,1,0,0,0
5111,181601,1,0,0,1
5112,68713,0,1,0,0
5113,92604,1,0,0,0
5114,231874,0,1,1,0
5115,64052,0,1,1,0
5116,91772,0,1,0,0
5117,258055,1,0,0,0
5118,47421,0,1,1,0
5119,40083,0,0,0,1
5120,181409,1,0,0,0
5121,81489,0,1,0,0
5122,235744,0,1,1,0
5123,49562,1,0,0,0
5124,208609,0,1,0,0
5125,98895,0,1,1,0
5126,161070,0,1,0,1
5127,66203,0,1,1,0
5128,241694,0,1,0,1
5129,226847,1,0,0,0
5130,57913,0,1,0,0
5131,257235,1,0,0,0
5132,70497,0,1,0,0
5133,125724,0,0,0,1
5134,10824,0,1,0,0
5135,199608,1,0,0,0
5136,163269,0,1,1,0
5137,50938,0,1,1,0
5138,155795,0,1,1,0
5139,225686,0,1,0,0
5140,107433,1,0,0,0
5141,251118,0,1,0,1
5142,23063,0,1,1,0
5143,125896,0,1,0,0
5144,224080,1,0,0,0
5145,54087,0,1,0,0
5146,137083,1,0,0,1
5147,6588,0,1,1,0
5148,42178,1,0,0,0
5149,200042,0,1,0,0
5150,47868,1,0,0,0
5151,206280,0,0,0,1
5152,92394,0,1,0,0
5153,161002,1,0,0,0
5154,49050,0,1,0,1
5155,112498,1,0,0,0
5156,44041,0,1,0,0
5157,276639,0,1,0,1
5158,221817,1,0,0,0
5159,20262,0,1,0,0
5160,211,0,1,0,1
5161,73455,0,1,0,1
5162,250387,1,0,0,0
5163,24209,0,1,1,0
5164,289104,0,1,0,0
5165,37080,1,0,0,1
5166,44414,1,0,0,0
5167,21048,0,0,0,1
5168,109155,0,1,0,0
5169,227785,1,0,0,0
5170,189174,0,0,0,1
5171,58534,0,1,1,0
5172,132581,0,1,0,1
5173,159968,0,1,0,0
5174,108063,0,0,0,1
5175,211796,0,1,1,0
5176,290645,1,0,0,0
5177,123333,0,1,0,0
5178,108860,0,1,1,0
5179,230564,0,1,0,1
5180,114466,1,0,0,0
5181,2329,0,1,0,0
5182,52389,1,0,0,0
5183,239041,1,0,0,1
5184,52618,0,1,0,0
5185,207083,1,0,0,0
5186,222280,1,0,0,0
5187,244643,0,1,0,0
5188,22398,1,0,0,1
5189,113906,1,0,0,0
5190,16700,1,0,0,1
5191,100133,0,1,1,0
5192,134410,0,1,0,0
5193,110546,1,0,0,0
5194,84895,1,0,0,0
5195,169623,0,1,0,0
5196,115477,0,1,0,1
5197,190861,1,0,0,0
5198,47696,0,1,1,0
5199,253767,0,1,0,0
5200,68932,0,1,0,1
5201,211062,1,0,0,0
5202,81577,0,1,0,0
5203,156308,0,1,1,0
5204,205118,0,0,0,1
5205,152019,1,0,0,0
5206,28382,0,1,0,0
5207,254400,1,0,0,0
5208,17085,0,1,0,0
5209,116019,0,1,0,0
5210,151028,1,0,0,0
5211,50095,0,0,0,1
5212,212139,0,1,1,0
5213,27835,0,1,0,0
5214,39526,1,0,0,0
5215,237831,0,1,0,0
5216,201491,1,0,0,1
5217,7034,1,0,0,0
5218,156637,0,1,0,1
5219,4121,0,1,0,0
5220,239428,0,1,1,0
5221,44602,0,1,1,0
5222,11191,1,0,0,1
5223,253622,1,0,0,0
5224,200959,0,1,0,1
5225,203148,0,1,0,0
5226,60063,0,1,1,0
5227,18731,1,0,0,0
5228,215430,0,1,0,0
5229,51162,0,0,0,1
5230,53288,0,1,1,0
5231,216535,0,1,1,0
5232,189009,0,1,0,0
5233,107884,1,0,0,0
5234,228846,1,0,0,0
5235,149197,0,1,0,0
5236,210011,1,0,0,1
5237,84040,1,0,0,0
5238,91865,0,1,0,0
5239,181075,0,0,0,1
5240,91355,1,0,0,0
5241,210847,0,1,1,0
5242,16978,1,0,0,1
5243,252670,0,1,0,0
5244,4016,0,1,0,1
5245,80840,1,0,0,0
5246,185755,0,1,0,0
5247,139919,1,0,0,0
5248,81451,1,0,0,1
5249,10133,0,1,0,0
5250,210908,0,1,1,0
5251,118474,1,0,0,0
5252,231924,1,0,0,1
5253,15840,0,1,0,0
5254,272951,1,0,0,1
5255,30340,1,0,0,0
5256,107047,1,0,0,1
5257,124405,0,1,0,0
5258,17712,1,0,0,0
5259,124162,0,0,0,1
5260,30817,1,0,0,0
5261,79089,0,1,0,0
5262,272182,0,0,0,1
5263,178659,0,1,1,0
5264,21418,1,0,0,0
5265,140557,0,1,0,0
5266,66997,1,0,0,0
5267,226662,0,1,0,1
5268,4048,0,1,0,0
5269,140697,1,0,0,0
5270,142003,0,1,0,1
5271,100381,1,0,0,0
5272,292016,0,1,1,0
5273,29794,0,1,1,0
5274,102041,0,1,0,0
5275,231146,0,1,1,0
5276,83700,1,0,0,0
5277,24688,0,1,0,0
5278,170987,1,0,0,0
5279,8969,0,1,0,1
5280,21109,0,1,0,0
5281,247226,0,1,1,0
5282,55572,1,0,0,0
5283,133145,0,1,0,0
5284,110272,0,1,0,1
5285,269793,0,1,1,0
5286,125770,1,0,0,0
5287,122064,0,1,0,0
5288,191665,0,0,0,1
5289,215556,1,0,0,0
5290,108434,0,1,0,1
5291,248580,0,1,0,0
5292,150315,1,0,0,0
5293,208546,0,1,1,0
5294,70782,1,0,0,1
5295,30120,1,0,0,0
5296,233295,0,1,0,0
5297,18091,1,0,0,0
5298,134586,0,1,0,0
5299,208195,0,0,0,1
5300,14561,1,0,0,0
5301,181537,0,1,1,0
5302,163031,0,1,0,0
5303,219894,1,0,0,0
5304,186007,0,1,0,0
5305,174938,1,0,0,0
5306,128697,1,0,0,0
5307,233849,0,1,0,0
5308,144558,1,0,0,1
5309,269396,1,0,0,0
5310,13748,0,1,0,1
5311,28085,0,1,0,0
5312,124073,1,0,0,0
5313,10194,0,1,0,1
5314,183676,0,1,0,0
5315,116297,1,0,0,0
5316,164583,0,1,1,0
5317,252425,0,0,0,1
5318,136224,1,0,0,0
5319,218504,0,1,0,0
5320,195132,0,1,1,0
5321,82385,1,0,0,0
5322,24490,0,1,0,0
5323,257328,0,0,0,1
5324,40891,1,0,0,0
5325,238611,0,1,0,0
5326,65917,0,1,1,0
5327,61480,0,0,0,1
5328,134782,0,1,1,0
5329,86621,1,0,0,0
5330,20590,0,1,0,1
5331,190514,0,1,0,0
5332,254657,1,0,0,0
5333,186910,0,1,0,0
5334,89793,1,0,0,1
5335,114205,0,1,1,0
5336,142790,0,1,1,0
5337,95879,1,0,0,0
5338,129827,0,1,0,0
5339,19686,0,1,1,0
5340,227742,1,0,0,0
5341,74877,0,1,1,0
5342,151895,0,0,0,1
5343,61915,0,1,0,0
5344,81626,1,0,0,1
5345,1869,1,0,0,0
5346,4182,0,1,1,0
5347,138393,0,1,0,0
5348,240812,1,0,0,0
5349,236009,0,1,0,0
5350,59213,1,0,0,0
5351,231464,1,0,0,0
5352,256224,0,1,0,0
5353,213691,0,1,1,0
5354,212758,1,0,0,0
5355,68769,0,1,0,0
5356,62110,1,0,0,0
5357,235815,0,1,0,0
5358,47514,0,1,1,0
5359,185108,1,0,0,0
5360,28502,0,1,0,0
5361,14329,1,0,0,0
5362,208167,0,1,0,0
5363,159748,1,0,0,0
5364,170251,1,0,0,1
5365,76160,0,1,0,0
5366,158940,1,0,0,0
5367,44272,1,0,0,0
5368,279107,0,1,0,0
5369,161583,0,1,1,0
5370,252422,0,1,0,1
5371,180902,0,1,1,0
5372,253120,0,1,1,0
5373,136782,1,0,0,1
5374,198270,0,1,1,0
5375,71265,1,0,0,0
5376,41444,0,1,0,0
5377,87152,0,1,0,1
5378,125160,0,1,0,1
5379,150031,0,1,1,0
5380,62147,1,0,0,0
5381,151432,0,1,0,0
5382,53259,0,1,1,0
5383,175554,0,1,0,0
5384,33503,1,0,0,0
5385,177207,0,1,1,0
5386,57580,1,0,0,0
5387,219417,0,1,0,0
5388,277863,0,1,0,1
5389,29984,1,0,0,0
5390,224394,0,1,1,0
5391,16555,0,1,0,0
5392,186795,1,0,0,0
5393,161366,1,0,0,0
5394,200968,0,1,0,0
5395,8318,1,0,0,1
5396,69481,1,0,0,0
5397,44375,1,0,0,1
5398,129882,0,1,0,0
5399,192518,1,0,0,0
5400,24792,0,1,1,0
5401,164876,1,0,0,1
5402,39612,0,1,0,0
5403,269744,1,0,0,0
5404,92611,0,1,1,0
5405,64319,1,0,0,0
5406,226027,0,1,0,0
5407,195825,0,1,0,1
5408,134021,1,0,0,1
5409,79111,0,1,0,0
5410,28415,1,0,0,0
5411,93676,0,1,1,0
5412,70393,1,0,0,0
5413,260443,0,1,0,0
5414,279787,0,1,0,1
5415,56365,0,1,1,0
5416,162529,0,1,1,0
5417,261713,1,0,0,0
5418,289536,0,1,0,0
5419,140263,1,0,0,0
5420,129518,0,1,0,1
5421,77060,0,1,0,0
5422,284848,1,0,0,0
5423,92222,0,1,0,1
5424,78723,1,0,0,0
5425,277860,0,1,0,0
5426,40102,1,0,0,0
5427,135685,1,0,0,1
5428,241501,0,1,1,0
5429,144924,0,1,0,0
5430,217842,1,0,0,0
5431,42135,0,1,0,0
5432,55338,0,1,0,1
5433,79612,1,0,0,0
5434,285981,0,1,0,0
5435,117779,0,1,1,0
5436,137114,0,1,0,1
5437,4108,1,0,0,0
5438,103305,0,1,0,0
5439,15524,0,1,1,0
5440,182226,1,0,0,1
5441,54687,1,0,0,0
5442,17534,0,1,0,0
5443,192228,0,1,0,0
5444,286232,1,0,0,0
5445,166639,0,1,1,0
5446,223922,1,0,0,0
5447,71808,0,1,0,0
5448,130744,0,1,0,1
5449,237313,1,0,0,0
5450,8050,0,1,0,0
5451,22528,1,0,0,1
5452,247846,1,0,0,0
5453,50068,0,1,0,0
5454,32097,1,0,0,0
5455,97524,0,1,0,1
5456,79128,0,1,1,0
5457,159326,0,1,0,0
5458,235098,1,0,0,0
5459,133265,0,1,0,0
5460,10998,0,1,1,0
5461,162122,1,0,0,0
5462,206586,1,0,0,1
5463,222192,0,1,1,0
5464,282478,0,1,0,0
5465,143856,1,0,0,0
5466,190833,0,1,1,0
5467,95252,0,1,1,0
5468,211928,0,1,0,1
5469,70689,1,0,0,0
5470,240757,0,1,0,0
5471,247860,0,0,0,1
5472,128241,1,0,0,0
5473,173873,0,1,0,0
5474,15774,0,1,1,0
5475,34123,1,0,0,0
5476,134113,0,1,0,0
5477,212470,0,1,1,0
5478,211731,1,0,0,0
5479,38287,0,1,0,0
5480,218414,0,1,0,0
5481,99100,1,0,0,0
5482,270177,1,0,0,1
5483,52217,0,1,1,0
5484,233366,0,1,0,0
5485,246571,1,0,0,0
5486,173439,0,1,0,0
5487,4537,1,0,0,0
5488,129839,0,0,0,1
5489,264594,1,0,0,0
5490,165499,0,1,1,0
5491,57207,0,1,0,0
5492,143324,0,1,1,0
5493,13056,0,1,0,1
5494,224216,0,1,0,1
5495,151919,0,1,0,0
5496,37732,1,0,0,0
5497,232181,1,0,0,1
5498,251943,0,1,0,0
5499,139906,1,0,0,0
5500,264375,1,0,0,0
5501,94842,0,1,0,0
5502,57742,0,1,1,0
5503,154126,1,0,0,0
5504,93757,0,1,0,0
5505,30410,1,0,0,0
5506,57942,0,1,0,0
5507,37110,1,0,0,0
5508,73630,0,1,0,1
5509,89897,1,0,0,0
5510,148872,0,1,0,0
5511,213964,0,1,1,0
5512,186402,0,1,0,0
5513,232130,1,0,0,0
5514,54671,0,1,0,1
5515,46288,0,0,0,1
5516,17163,0,1,0,0
5517,90345,0,1,1,0
5518,223015,1,0,0,0
5519,172308,0,1,0,0
5520,71847,0,1,1,0
5521,78092,1,0,0,0
5522,255577,1,0,0,0
5523,38726,0,1,0,0
5524,84679,0,1,0,1
5525,179907,1,0,0,0
5526,190862,0,1,0,0
5527,68353,1,0,0,1
5528,172159,1,0,0,0
5529,53561,0,1,0,0
5530,76972,0,1,1,0
5531,265274,1,0,0,0
5532,196614,0,1,0,0
5533,117724,0,1,0,1
5534,132948,0,1,0,0
5535,112483,0,1,1,0
5536,45493,0,1,1,0
5537,117649,1,0,0,0
5538,182142,0,1,0,1
5539,80682,0,1,1,0
5540,170312,0,1,0,0
5541,220059,1,0,0,0
5542,289822,0,1,0,1
5543,235172,1,0,0,0
5544,226263,0,1,0,0
5545,86207,0,1,1,0
5546,79094,0,1,1,0
5547,200892,1,0,0,0
5548,168072,0,1,0,0
5549,18742,0,1,1,0
5550,166769,1,0,0,0
5551,120634,0,1,1,0
5552,719,0,1,0,0
5553,58255,0,1,1,0
5554,17482,0,1,0,1
5555,165710,0,1,1,0
5556,114201,1,0,0,0
5557,23671,0,1,0,0
5558,211966,1,0,0,0
5559,265628,1,0,0,1
5560,14717,0,1,1,0
5561,72255,0,1,0,0
5562,295063,1,0,0,0
5563,163459,0,1,0,0
5564,185513,1,0,0,0
5565,101567,0,1,1,0
5566,10787,0,1,0,0
5567,60303,1,0,0,0
5568,254455,0,1,1,0
5569,29859,0,1,0,0
5570,132790,1,0,0,0
5571,232438,0,0,0,1
5572,2171,0,1,0,0
5573,49342,1,0,0,0
5574,121685,0,1,1,0
5575,14832,0,1,0,0
5576,229947,0,1,1,0
5577,227280,0,1,1,0
5578,259725,1,0,0,0
5579,170408,0,1,1,0
5580,70181,0,1,0,0
5581,237846,0,1,1,0
5582,209713,1,0,0,0
5583,236518,0,1,0,1
5584,91164,1,0,0,0
5585,212572,0,1,0,0
5586,107724,0,1,0,1
5587,158272,0,1,1,0
5588,79222,1,0,0,0
5589,4859,0,1,0,0
5590,249231,1,0,0,0
5591,185231,0,1,0,0
5592,241933,0,1,0,1
5593,275531,0,1,1,0
5594,223895,0,1,0,0
5595,237343,1,0,0,0
5596,245453,0,1,0,0
5597,237159,0,1,1,0
5598,129618,1,0,0,0
5599,280488,0,1,1,0
5600,102929,0,1,0,0
5601,109933,1,0,0,0
5602,50430,0,1,0,1
5603,215512,1,0,0,0
5604,206847,0,1,0,0
5605,188946,0,1,0,1
5606,1419,1,0,0,0
5607,21444,0,1,0,0
5608,7239,1,0,0,0
5609,291268,0,1,0,1
5610,218255,0,1,0,1
5611,173898,1,0,0,1
5612,205096,0,1,0,0
5613,276230,1,0,0,0
5614,89342,0,1,1,0
5615,118573,1,0,0,1
5616,5499,0,1,0,0
5617,239215,0,0,0,1
5618,5319,1,0,0,0
5619,70765,0,1,1,0
5620,54662,1,0,0,1
5621,134383,0,1,1,0
5622,245507,0,1,0,0
5623,124408,1,0,0,0
5624,293979,0,1,0,0
5625,151506,1,0,0,0
5626,176342,0,1,1,0
5627,7453,0,1,1,0
5628,9372,1,0,0,0
5629,235666,0,1,0,0
5630,224210,0,1,0,1
5631,87694,0,1,1,0
5632,23252,1,0,0,0
5633,205121,0,1,0,1
5634,220962,0,1,0,0
5635,192812,1,0,0,0
5636,207749,0,1,0,0
5637,70768,1,0,0,0
5638,26712,0,1,1,0
5639,238236,1,0,0,0
5640,126627,0,1,0,0
5641,73142,1,0,0,0
5642,176258,1,0,0,1
5643,135094,0,1,0,0
5644,243430,1,0,0,0
5645,209067,0,1,1,0
5646,69268,1,0,0,1
5647,141351,0,1,0,1
5648,213889,1,0,0,0
5649,167084,0,1,0,0
5650,11930,0,0,0,1
5651,21642,1,0,0,0
5652,193071,0,1,0,0
5653,113604,1,0,0,0
5654,151675,0,1,0,0
5655,167774,1,0,0,0
5656,167316,0,1,0,0
5657,277576,1,0,0,0
5658,224156,0,1,0,1
5659,138427,0,1,0,1
5660,84612,0,1,0,0
5661,81076,1,0,0,0
5662,119253,1,0,0,0
5663,263229,0,1,0,0
5664,57605,0,1,0,0
5665,54226,1,0,0,0
5666,48693,1,0,0,1
5667,215540,0,1,0,0
5668,178029,1,0,0,0
5669,140543,1,0,0,0
5670,2863,0,1,0,1
5671,118395,1,0,0,1
5672,168466,0,1,0,0
5673,140994,1,0,0,0
5674,107669,0,1,1,0
5675,45507,1,0,0,1
5676,33181,0,0,0,1
5677,259640,1,0,0,0
5678,79257,0,1,0,0
5679,85232,0,1,0,1
5680,128163,0,1,0,0
5681,34460,0,1,1,0
5682,198019,1,0,0,0
5683,177332,1,0,0,1
5684,271042,1,0,0,0
5685,99981,0,1,0,0
5686,84521,0,0,0,1
5687,244743,0,1,1,0
5688,245740,1,0,0,0
5689,123263,0,1,0,0
5690,247636,1,0,0,0
5691,132079,0,1,0,0
5692,97306,1,0,0,0
5693,34394,0,1,0,0
5694,211850,0,0,0,1
5695,269075,1,0,0,0
5696,44766,0,1,0,0
5697,199583,0,0,0,1
5698,268227,1,0,0,1
5699,270350,0,1,1,0
5700,150703,1,0,0,0
5701,209069,0,1,1,0
5702,21629,0,1,1,0
5703,188642,0,1,0,0
5704,8130,0,1,1,0
5705,91853,0,1,1,0
5706,256228,1,0,0,0
5707,45973,0,0,0,1
5708,186501,0,1,0,1
5709,105601,1,0,0,0
5710,16863,0,1,0,0
5711,168305,1,0,0,0
5712,130438,1,0,0,1
5713,179861,0,1,0,0
5714,248675,1,0,0,0
5715,2514,0,1,0,0
5716,231759,0,1,0,1
5717,79771,0,1,0,0
5718,275593,1,0,0,0
5719,133552,0,1,1,0
5720,106150,1,0,0,1
5721,131077,0,1,0,0
5722,269045,1,0,0,0
5723,221921,0,1,0,0
5724,89505,1,0,0,1
5725,115549,1,0,0,0
5726,179047,0,1,1,0
5727,102525,1,0,0,0
5728,71511,0,1,0,0
5729,122144,0,1,1,0
5730,148779,0,1,1,0
5731,49734,1,0,0,0
5732,177,0,1,1,0
5733,191836,0,1,0,0
5734,9420,1,0,0,0
5735,140288,0,1,1,0
5736,213348,0,1,0,0
5737,33756,0,1,0,1
5738,91932,1,0,0,0
5739,90465,1,0,0,1
5740,34226,0,1,0,0
5741,107078,0,1,0,1
5742,86419,1,0,0,0
5743,88262,0,1,1,0
5744,118005,0,1,0,1
5745,160379,0,1,1,0
5746,237771,0,1,1,0
5747,15691,0,1,0,0
5748,172149,1,0,0,0
5749,9976,1,0,0,1
5750,18425,0,1,0,1
5751,276232,0,1,0,0
5752,275438,0,1,1,0
5753,61995,1,0,0,0
5754,59259,0,1,0,0
5755,174527,1,0,0,1
5756,102223,1,0,0,0
5757,86530,0,1,0,0
5758,130313,1,0,0,0
5759,186513,0,1,0,0
5760,86660,1,0,0,0
5761,185651,0,0,0,1
5762,136852,0,1,0,0
5763,20873,0,1,1,0
5764,216389,1,0,0,0
5765,35717,0,1,0,0
5766,80882,1,0,0,0
5767,53345,0,1,0,1
5768,263599,0,1,0,0
5769,288415,1,0,0,0
5770,37463,0,1,0,0
5771,210885,1,0,0,0
5772,69519,1,0,0,1
5773,160192,0,1,0,1
5774,200725,0,1,0,0
5775,139534,1,0,0,0
5776,131820,1,0,0,1
5777,88542,0,1,1,0
5778,141676,0,1,0,0
5779,269857,1,0,0,0
5780,91536,0,1,1,0
5781,43773,0,1,0,1
5782,275873,1,0,0,0
5783,141694,0,1,0,0
5784,27258,1,0,0,1
5785,80750,0,1,1,0
5786,242499,1,0,0,0
5787,83561,0,1,0,0
5788,179766,0,1,0,1
5789,263509,1,0,0,0
5790,270240,1,0,0,1
5791,81088,0,1,0,0
5792,11203,0,1,1,0
5793,236905,0,1,1,0
5794,270361,1,0,0,0
5795,85438,0,1,0,0
5796,221566,1,0,0,1
5797,90056,1,0,0,0
5798,83340,0,1,0,1
5799,223016,0,1,0,0
5800,235484,0,1,1,0
5801,229035,1,0,0,0
5802,178009,1,0,0,0
5803,31838,0,1,0,0
5804,209280,0,1,0,1
5805,182121,0,1,1,0
5806,252426,1,0,0,0
5807,79499,0,1,0,0
5808,223585,0,1,0,1
5809,183856,1,0,0,0
5810,105798,0,1,1,0
5811,190855,0,1,0,0
5812,201885,1,0,0,0
5813,10078,0,1,0,0
5814,263403,1,0,0,0
5815,159058,0,1,1,0
5816,145654,0,1,0,1
5817,82957,0,1,0,0
5818,91771,1,0,0,0
5819,213701,0,1,0,0
5820,84861,1,0,0,0
5821,91725,1,0,0,1
5822,115014,1,0,0,0
5823,15582,0,1,0,0
5824,89168,0,1,0,1
5825,142062,0,1,1,0
5826,31017,1,0,0,0
5827,39402,0,1,0,0
5828,277896,1,0,0,0
5829,148707,1,0,0,0
5830,245605,0,1,0,1
5831,52500,0,1,0,0
5832,155899,1,0,0,0
5833,97078,0,1,0,0
5834,106719,1,0,0,0
5835,240827,1,0,0,0
5836,111377,0,1,0,0
5837,268342,1,0,0,1
5838,132825,0,1,0,1
5839,224220,1,0,0,0
5840,102298,0,1,0,0
5841,72225,1,0,0,0
5842,38118,0,1,1,0
5843,124535,1,0,0,1
5844,214386,0,1,0,0
5845,54664,1,0,0,0
5846,105488,0,1,0,0
5847,181851,1,0,0,0
5848,198908,0,0,0,1
5849,68440,0,1,0,0
5850,7066,0,1,1,0
5851,12073,0,1,1,0
5852,232097,1,0,0,0
5853,62886,0,1,0,0
5854,136151,1,0,0,1
5855,16417,0,1,1,0
5856,1872,1,0,0,0
5857,97677,0,1,1,0
5858,119326,0,1,0,0
5859,44193,1,0,0,0
5860,3274,1,0,0,1
5861,109254,0,1,0,0
5862,84789,1,0,0,0
5863,102921,0,1,0,1
5864,263737,0,1,1,0
5865,263087,1,0,0,0
5866,154053,0,1,0,0
5867,244148,0,1,1,0
5868,1011,1,0,0,0
5869,133720,0,1,1,0
5870,132530,0,1,0,0
5871,240913,1,0,0,0
5872,149829,0,1,1,0
5873,48367,1,0,0,0
5874,291887,0,1,1,0
5875,50005,0,1,0,0
5876,234708,1,0,0,1
5877,263299,0,1,0,0
5878,98784,0,1,1,0
5879,154127,1,0,0,0
5880,22931,0,1,1,0
5881,184334,0,1,0,0
5882,237719,1,0,0,0
5883,196968,0,1,1,0
5884,199408,0,0,0,1
5885,85390,0,1,1,0
5886,213987,1,0,0,0
5887,194862,0,1,0,0
5888,73223,1,0,0,0
5889,93529,0,1,0,0
5890,25043,0,1,1,0
5891,85195,0,1,1,0
5892,46886,1,0,0,0
5893,155155,0,1,1,0
5894,256217,0,1,0,0
5895,2602,1,0,0,0
5896,49549,0,1,0,0
5897,278120,0,1,1,0
5898,110912,0,1,1,0
5899,93680,0,1,0,1
5900,129325,1,0,0,1
5901,209128,0,1,0,0
5902,211839,0,1,1,0
5903,177811,1,0,0,0
5904,15329,0,1,0,0
5905,98067,1,0,0,0
5906,124137,0,1,0,0
5907,135715,0,1,0,1
5908,211830,1,0,0,0
5909,229769,0,1,0,0
5910,162701,1,0,0,0
5911,15602,0,1,0,0
5912,14775,1,0,0,0
5913,35156,1,0,0,1
5914,229661,1,0,0,0
5915,260174,0,1,0,0
5916,205918,1,0,0,1
5917,4092,0,0,0,1
5918,109318,1,0,0,1
5919,73412,0,1,1,0
5920,12301,1,0,0,0
5921,65599,0,1,1,0
5922,211150,0,1,1,0
5923,56160,0,1,0,0
5924,28596,1,0,0,0
5925,135523,0,1,1,0
5926,119389,1,0,0,0
5927,51613,0,1,0,1
5928,173031,0,1,1,0
5929,105968,0,1,0,0
5930,221316,1,0,0,1
5931,77720,0,1,0,0
5932,240294,1,0,0,0
5933,92612,1,0,0,0
5934,193264,0,1,0,0
5935,113566,1,0,0,0
5936,111399,0,1,0,1
5937,45541,0,1,0,0
5938,252263,1,0,0,0
5939,294351,0,1,1,0
5940,124257,0,1,0,1
5941,150401,0,1,0,0
5942,175096,1,0,0,0
5943,145548,0,1,1,0
5944,161189,1,0,0,0
5945,287353,1,0,0,1
5946,270271,0,1,0,0
5947,157619,1,0,0,0
5948,111521,0,1,0,0
5949,128363,1,0,0,0
5950,126800,0,0,0,1
5951,231692,0,1,0,1
5952,98310,0,1,0,1
5953,112960,1,0,0,0
5954,5516,0,1,0,0
5955,284685,0,1,0,1
5956,277100,1,0,0,0
5957,101368,0,1,0,0
5958,31815,1,0,0,1
5959,59088,0,1,0,0
5960,230160,0,1,1,0
5961,173785,1,0,0,0
5962,20949,0,1,1,0
5963,134296,1,0,0,1
5964,129969,0,1,0,0
5965,261876,1,0,0,0
5966,132209,1,0,0,0
5967,129609,1,0,0,1
5968,39368,0,1,0,0
5969,195211,1,0,0,0
5970,94508,0,1,0,0
5971,198152,0,0,0,1
5972,64499,1,0,0,0
5973,55689,0,1,1,0
5974,132583,0,1,0,0
5975,182218,1,0,0,1
5976,140386,1,0,0,0
5977,91768,0,1,1,0
5978,173301,0,1,1,0
5979,16277,0,1,0,0
5980,124991,0,1,1,0
5981,233409,1,0,0,0
5982,169811,0,1,0,0
5983,51114,0,1,1,0
5984,115148,0,1,1,0
5985,121239,1,0,0,0
5986,181980,0,1,1,0
5987,44214,0,1,0,0
5988,152527,0,1,1,0
5989,167128,0,1,0,1
5990,79301,1,0,0,0
5991,121823,1,0,0,1
5992,45338,0,1,0,0
5993,67246,1,0,0,0
5994,103515,0,1,0,1
5995,116357,0,1,0,0
5996,168935,1,0,0,0
5997,55920,0,1,0,1
5998,69594,0,1,0,0
5999,69292,0,0,0,1
6000,126523,0,1,0,0
6001,287949,1,0,0,0
6002,34248,1,0,0,1
6003,244998,0,1,1,0
6004,266486,1,0,0,0
6005,198333,0,1,0,0
6006,144026,1,0,0,0
6007,282764,0,1,0,0
6008,97740,1,0,0,0
6009,218344,1,0,0,0
6010,58376,0,1,0,0
6011,117020,1,0,0,1
6012,138089,0,1,0,0
6013,221308,0,1,0,1
6014,45208,1,0,0,0
6015,176574,0,1,0,1
6016,160191,0,0,0,1
6017,229578,1,0,0,0
6018,151336,0,1,0,0
6019,132245,0,0,0,1
6020,212923,1,0,0,0
6021,76910,1,0,0,1
6022,47444,0,1,0,0
6023,234907,0,1,0,1
6024,60899,1,0,0,0
6025,35678,0,0,0,1
6026,264991,0,1,0,0
6027,87209,1,0,0,0
6028,126193,0,1,0,1
6029,61174,0,1,0,0
6030,153273,1,0,0,1
6031,253260,1,0,0,0
6032,50994,0,1,0,0
6033,101111,1,0,0,0
6034,76895,0,1,0,1
6035,35690,0,1,1,0
6036,125650,0,1,0,0
6037,70668,0,1,0,1
6038,55302,1,0,0,0
6039,7230,0,1,1,0
6040,191291,0,1,0,0
6041,46638,1,0,0,0
6042,200995,1,0,0,1
6043,282351,1,0,0,0
6044,233649,0,1,0,0
6045,217485,1,0,0,1
6046,261391,1,0,0,0
6047,100476,0,1,0,0
6048,157810,0,1,0,1
6049,126984,1,0,0,0
6050,168781,0,1,0,0
6051,13727,0,0,0,1
6052,156091,1,0,0,0
6053,208755,0,1,0,1
6054,206009,0,1,0,0
6055,125362,1,0,0,0
6056,155385,0,1,0,0
6057,224505,0,1,0,1
6058,196284,1,0,0,0
6059,43627,0,1,0,1
6060,167265,0,1,0,0
6061,197878,1,0,0,0
6062,226998,0,1,0,1
6063,139138,0,1,0,0
6064,163898,0,1,1,0
6065,5527,0,1,0,0
6066,152985,0,1,1,0
6067,178302,1,0,0,0
6068,112107,0,1,1,0
6069,34670,0,1,1,0
6070,129809,0,1,0,0
6071,101702,1,0,0,0
6072,41683,0,1,0,0
6073,237670,0,0,0,1
6074,67912,1,0,0,0
6075,44257,0,1,1,0
6076,49542,1,0,0,1
6077,15445,0,1,0,0
6078,52965,1,0,0,0
6079,176295,0,1,0,1
6080,18437,1,0,0,0
6081,236381,0,1,0,0
6082,250405,1,0,0,1
6083,197079,1,0,0,0
6084,193691,0,1,0,0
6085,86776,0,1,1,0
6086,243857,1,0,0,1
6087,11509,0,1,1,0
6088,260748,1,0,0,0
6089,24786,0,1,0,0
6090,215002,0,1,1,0
6091,62459,0,0,0,1
6092,4449,1,0,0,0
6093,125493,0,1,0,1
6094,233127,0,1,0,0
6095,77471,1,0,0,0
6096,103789,1,0,0,0
6097,14204,0,1,0,0
6098,287045,0,1,1,0
6099,122796,1,0,0,1
6100,253397,0,1,0,0
6101,40611,1,0,0,1
6102,109394,1,0,0,0
6103,19084,0,1,0,0
6104,19210,1,0,0,1
6105,1690,0,1,1,0
6106,244008,0,1,1,0
6107,84608,0,0,0,1
6108,203646,0,1,0,0
6109,95080,1,0,0,0
6110,165873,0,0,0,1
6111,102590,1,0,0,0
6112,234006,0,1,0,0
6113,73454,0,1,0,1
6114,158857,0,0,0,1
6115,174239,1,0,0,0
6116,75949,0,1,0,0
6117,148680,0,1,0,0
6118,110045,1,0,0,0
6119,106946,0,1,1,0
6120,193763,1,0,0,1
6121,199009,1,0,0,0
6122,61866,0,1,0,0
6123,232805,0,1,1,0
6124,135106,1,0,0,0
6125,4911,0,1,0,1
6126,11995,0,1,1,0
6127,56290,0,1,0,1
6128,252130,1,0,0,0
6129,288427,0,1,0,0
6130,159149,0,1,1,0
6131,86139,0,1,0,0
6132,70405,1,0,0,0
6133,47042,0,1,0,1
6134,221344,0,1,0,0
6135,73510,0,1,1,0
6136,116248,0,1,0,1
6137,98032,1,0,0,0
6138,140525,0,1,1,0
6139,74592,0,1,0,1
6140,56526,0,1,0,0
6141,272911,1,0,0,0
6142,46749,0,1,0,1
6143,205755,1,0,0,0
6144,154511,0,1,0,0
6145,63089,1,0,0,1
6146,52991,1,0,0,0
6147,197795,0,1,0,0
6148,47184,0,0,0,1
6149,154775,0,1,1,0
6150,18187,1,0,0,0
6151,251464,0,1,0,1
6152,181804,0,1,1,0
6153,289065,0,1,0,0
6154,207214,1,0,0,0
6155,77656,0,1,1,0
6156,152790,1,0,0,1
6157,37771,0,1,0,0
6158,207938,1,0,0,0
6159,244156,0,1,0,1
6160,264874,1,0,0,0
6161,54993,0,1,0,0
6162,2226,1,0,0,0
6163,290366,0,1,0,0
6164,207538,0,1,1,0
6165,46502,1,0,0,0
6166,195219,0,1,0,1
6167,112301,0,1,0,0
6168,252717,1,0,0,0
6169,134140,0,1,0,1
6170,9883,0,1,0,0
6171,224111,0,1,1,0
6172,170086,1,0,0,0
6173,29962,0,1,0,1
6174,52065,0,1,1,0
6175,187348,0,1,1,0
6176,135620,0,1,0,0
6177,219742,1,0,0,0
6178,36835,0,1,0,0
6179,55646,0,1,1,0
6180,119887,1,0,0,0
6181,151062,0,1,0,1
6182,58979,0,1,0,0
6183,271035,1,0,0,0
6184,62810,1,0,0,1
6185,231783,0,1,0,0
6186,78090,1,0,0,0
6187,53984,0,1,1,0
6188,192443,0,1,0,1
6189,83864,0,1,0,1
6190,62269,0,1,0,0
6191,213146,1,0,0,1
6192,64346,0,1,0,1
6193,125610,1,0,0,0
6194,74203,0,1,1,0
6195,104073,0,1,0,0
6196,159837,1,0,0,0
6197,188387,0,1,1,0
6198,64713,1,0,0,0
6199,56883,0,1,0,0
6200,149317,0,1,1,0
6201,49227,1,0,0,0
6202,121405,0,1,1,0
6203,15246,0,1,0,0
6204,272117,1,0,0,0
6205,19201,0,1,0,0
6206,150879,1,0,0,0
6207,77524,0,1,0,0
6208,123851,0,1,0,1
6209,211892,1,0,0,0
6210,127878,0,0,0,1
6211,34393,0,1,0,0
6212,211481,1,0,0,0
6213,237909,1,0,0,1
6214,99688,0,1,0,0
6215,232224,1,0,0,0
6216,63802,1,0,0,1
6217,235374,1,0,0,0
6218,177161,0,1,0,0
6219,179763,1,0,0,1
6220,249715,0,1,1,0
6221,97470,1,0,0,1
6222,34751,1,0,0,0
6223,57367,0,1,0,0
6224,211769,0,1,1,0
6225,238522,1,0,0,0
6226,25017,0,1,1,0
6227,65655,0,1,0,1
6228,8957,0,0,0,1
6229,125407,1,0,0,0
6230,240157,0,1,0,0
6231,247350,1,0,0,0
6232,109060,1,0,0,1
6233,67919,0,1,0,0
6234,158775,0,1,0,1
6235,29763,1,0,0,0
6236,135652,0,1,0,0
6237,217396,0,1,0,1
6238,139298,1,0,0,0
6239,199451,1,0,0,1
6240,174777,0,1,1,0
6241,167639,0,1,0,0
6242,49645,1,0,0,0
6243,187862,0,1,0,0
6244,23681,1,0,0,0
6245,80012,0,1,0,1
6246,82614,0,1,0,0
6247,80499,1,0,0,0
6248,243293,1,0,0,0
6249,67921,0,1,0,0
6250,193139,0,1,0,1
6251,10204,0,1,1,0
6252,239900,1,0,0,0
6253,192561,0,1,0,0
6254,34143,1,0,0,1
6255,31760,0,1,1,0
6256,272528,1,0,0,0
6257,103085,0,1,0,0
6258,56763,1,0,0,1
6259,237910,1,0,0,1
6260,121412,1,0,0,0
6261,85955,0,1,0,0
6262,231136,0,1,0,1
6263,101599,0,1,0,0
6264,271033,1,0,0,0
6265,247647,0,0,0,1
6266,4015,1,0,0,0
6267,91307,0,1,0,1
6268,127568,0,1,1,0
6269,181961,0,1,0,0
6270,135814,1,0,0,0
6271,58318,1,0,0,1
6272,138496,0,1,0,0
6273,167580,1,0,0,0
6274,54488,0,1,0,1
6275,196410,0,1,0,0
6276,154965,1,0,0,0
6277,230706,0,1,0,0
6278,110751,0,1,1,0
6279,95584,0,1,1,0
6280,174951,0,1,1,0
6281,90852,1,0,0,0
6282,172381,0,1,0,0
6283,33130,0,1,0,1
6284,122643,1,0,0,0
6285,192330,0,1,0,0
6286,169967,0,1,1,0
6287,135936,0,0,0,1
6288,123920,1,0,0,1
6289,160740,1,0,0,0
6290,6997,0,1,1,0
6291,244243,0,1,0,1
6292,13350,0,1,0,0
6293,110757,1,0,0,1
6294,59668,1,0,0,0
6295,151882,0,1,0,1
6296,255048,1,0,0,0
6297,13036,0,1,0,0
6298,149570,1,0,0,0
6299,258125,1,0,0,1
6300,88255,0,1,0,0
6301,181124,1,0,0,0
6302,136269,1,0,0,1
6303,47279,1,0,0,0
6304,46208,0,1,0,0
6305,108840,0,1,0,0
6306,161519,1,0,0,0
6307,194783,1,0,0,1
6308,259907,0,1,0,0
6309,53706,1,0,0,0
6310,136286,0,1,0,1
6311,200985,0,1,1,0
6312,231271,0,1,0,1
6313,36559,1,0,0,0
6314,134875,0,1,0,0
6315,277742,0,1,1,0
6316,188606,0,1,1,0
6317,240169,0,1,0,0
6318,272793,1,0,0,0
6319,133250,0,0,0,1
6320,217828,0,1,1,0
6321,137844,1,0,0,0
6322,123531,0,1,0,0
6323,223835,0,1,0,1
6324,132314,1,0,0,0
6325,4696,0,1,1,0
6326,206497,0,1,0,0
6327,101907,1,0,0,0
6328,223816,1,0,0,1
6329,211461,1,0,0,0
6330,163808,0,1,0,0
6331,285840,0,1,1,0
6332,28135,1,0,0,0
6333,128625,0,1,0,0
6334,128475,1,0,0,0
6335,61813,1,0,0,1
6336,18497,0,1,0,0
6337,257611,1,0,0,0
6338,167333,1,0,0,0
6339,242761,1,0,0,1
6340,218841,0,1,1,0
6341,31747,0,1,0,0
6342,126232,0,1,0,1
6343,1351,1,0,0,0
6344,235117,0,1,0,0
6345,266873,1,0,0,0
6346,110920,0,1,0,0
6347,32478,1,0,0,0
6348,53545,1,0,0,0
6349,167640,0,1,0,0
6350,229156,0,1,1,0
6351,223023,0,1,0,0
6352,168989,0,1,1,0
6353,264820,1,0,0,0
6354,198928,0,1,0,1
6355,164801,1,0,0,1
6356,261998,1,0,0,0
6357,240540,0,1,0,0
6358,177841,0,1,0,0
6359,93538,1,0,0,0
6360,289286,0,1,0,0
6361,233033,1,0,0,0
6362,113603,0,1,1,0
6363,1094,0,1,0,1
6364,132642,1,0,0,0
6365,35871,0,1,0,0
6366,82501,1,0,0,0
6367,52326,0,1,1,0
6368,83063,0,1,0,0
6369,52824,0,1,1,0
6370,139869,1,0,0,0
6371,220340,0,1,0,1
6372,203817,0,1,0,0
6373,251345,1,0,0,0
6374,16237,1,0,0,1
6375,208060,0,1,0,0
6376,66940,1,0,0,0
6377,112249,0,1,0,0
6378,216243,1,0,0,0
6379,48705,0,0,0,1
6380,185856,1,0,0,0
6381,104010,0,1,0,0
6382,57761,0,1,0,0
6383,112645,0,1,1,0
6384,203118,1,0,0,1
6385,33291,0,1,1,0
6386,224703,1,0,0,0
6387,291089,0,1,0,0
6388,114564,0,1,0,0
6389,248643,1,0,0,0
6390,17555,0,1,0,0
6391,177777,0,1,0,1
6392,90725,1,0,0,0
6393,237978,0,1,0,0
6394,165231,1,0,0,0
6395,10498,0,1,1,0
6396,22667,0,1,0,1
6397,218771,0,1,1,0
6398,239933,0,1,0,0
6399,171848,1,0,0,0
6400,220238,0,1,0,1
6401,245674,1,0,0,0
6402,49408,0,1,0,0
6403,167447,1,0,0,0
6404,245146,0,1,0,0
6405,172757,0,1,1,0
6406,204573,1,0,0,0
6407,230480,0,1,0,0
6408,31132,0,0,0,1
6409,60685,0,1,1,0
6410,217714,1,0,0,0
6411,139912,0,1,1,0
6412,235732,1,0,0,0
6413,4551,0,1,0,0
6414,174057,1,0,0,0
6415,645,0,0,0,1
6416,177672,0,1,0,0
6417,43969,0,1,1,0
6418,11348,0,1,0,1
6419,15903,1,0,0,0
6420,41852,0,1,1,0
6421,38809,0,0,0,1
6422,218692,0,1,0,0
6423,126714,1,0,0,0
6424,212570,0,1,0,0
6425,267738,1,0,0,1
6426,135279,1,0,0,0
6427,226123,1,0,0,1
6428,7747,0,1,0,0
6429,9854,1,0,0,0
6430,267845,1,0,0,0
6431,60151,0,1,0,0
6432,3352,0,1,0,1
6433,205968,1,0,0,0
6434,52438,0,1,0,0
6435,34801,0,1,0,1
6436,256071,1,0,0,0
6437,170597,0,1,0,0
6438,193998,0,0,0,1
6439,88404,1,0,0,0
6440,18776,0,1,1,0
6441,168340,0,1,1,0
6442,80525,0,1,0,1
6443,279209,0,1,1,0
6444,709,0,1,0,0
6445,201116,1,0,0,0
6446,94847,0,1,1,0
6447,86381,0,1,0,1
6448,88497,0,1,1,0
6449,233198,0,1,1,0
6450,183955,1,0,0,0
6451,12857,0,1,0,0
6452,82054,0,1,0,1
6453,55124,1,0,0,0
6454,66951,0,1,0,0
6455,233808,1,0,0,1
6456,59878,1,0,0,1
6457,113150,1,0,0,0
6458,6967,0,1,0,0
6459,93791,1,0,0,0
6460,203995,0,1,1,0
6461,286482,0,1,0,0
6462,120917,0,1,0,1
6463,44284,0,1,1,0
6464,30953,1,0,0,0
6465,10651,0,1,1,0
6466,235202,1,0,0,0
6467,74328,0,1,0,0
6468,247170,1,0,0,0
6469,159193,0,1,1,0
6470,144604,0,1,0,0
6471,231312,1,0,0,1
6472,165996,1,0,0,0
6473,191226,0,1,0,0
6474,123826,0,1,1,0
6475,13753,0,1,0,1
6476,117208,1,0,0,0
6477,97343,0,1,0,0
6478,191138,1,0,0,0
6479,76788,1,0,0,1
6480,249491,0,1,0,0
6481,97784,1,0,0,0
6482,37402,0,1,1,0
6483,156476,0,1,0,0
6484,114582,1,0,0,0
6485,114909,1,0,0,0
6486,216848,0,1,0,0
6487,226444,0,0,0,1
6488,90603,1,0,0,0
6489,252886,0,1,0,0
6490,148598,0,1,0,1
6491,186637,1,0,0,0
6492,141814,0,1,0,0
6493,87643,1,0,0,1
6494,60122,1,0,0,0
6495,270283,0,1,0,0
6496,200174,0,1,0,1
6497,197847,0,1,1,0
6498,140452,1,0,0,0
6499,237002,0,1,1,0
6500,163504,0,1,0,0
6501,34480,1,0,0,1
6502,81410,1,0,0,0
6503,120928,0,1,0,0
6504,224226,1,0,0,0
6505,198950,1,0,0,1
6506,239599,0,1,0,0
6507,102339,1,0,0,0
6508,93640,1,0,0,0
6509,96734,0,1,0,0
6510,189359,1,0,0,1
6511,268233,1,0,0,0
6512,280125,0,1,1,0
6513,106047,1,0,0,1
6514,263585,0,1,1,0
6515,95258,1,0,0,0
6516,138142,0,1,0,0
6517,255671,0,1,1,0
6518,211550,0,0,0,1
6519,272504,1,0,0,0
6520,139491,0,1,0,0
6521,215176,1,0,0,0
6522,176680,0,1,0,1
6523,201109,0,1,0,0
6524,23469,0,1,1,0
6525,97377,0,1,1,0
6526,185317,1,0,0,0
6527,114851,0,1,0,0
6528,1689,1,0,0,1
6529,16587,0,1,0,0
6530,216936,1,0,0,0
6531,207755,0,1,1,0
6532,73069,0,1,0,0
6533,94644,1,0,0,0
6534,172456,1,0,0,1
6535,19131,0,1,0,1
6536,111067,0,1,0,0
6537,255604,1,0,0,0
6538,4353,0,0,0,1
6539,96308,0,1,0,0
6540,221708,1,0,0,0
6541,230806,0,1,1,0
6542,115871,0,1,1,0
6543,169613,1,0,0,1
6544,7022,1,0,0,0
6545,175969,0,1,0,0
6546,124956,1,0,0,1
6547,245240,0,1,0,1
6548,177734,1,0,0,0
6549,20381,0,1,0,0
6550,112880,1,0,0,1
6551,52783,1,0,0,0
6552,121450,1,0,0,1
6553,99958,0,1,1,0
6554,272456,0,1,1,0
6555,41353,0,1,0,0
6556,165428,1,0,0,0
6557,9542,0,1,0,0
6558,167241,1,0,0,0
6559,179220,1,0,0,1
6560,3385,0,1,0,1
6561,1146,0,1,0,0
6562,255047,1,0,0,0
6563,98374,0,1,0,0
6564,133148,1,0,0,1
6565,115336,1,0,0,0
6566,27260,0,1,0,0
6567,265553,1,0,0,0
6568,115696,0,1,0,0
6569,74797,1,0,0,0
6570,138367,0,1,0,1
6571,224047,0,1,1,0
6572,140584,0,1,0,0
6573,96810,0,1,0,1
6574,279393,1,0,0,0
6575,168678,0,1,0,0
6576,20714,0,1,1,0
6577,92335,1,0,0,0
6578,23708,0,1,1,0
6579,177099,0,1,1,0
6580,240759,0,1,0,0
6581,123079,1,0,0,1
6582,174422,1,0,0,0
6583,24531,1,0,0,1
6584,160611,0,1,0,0
6585,132261,0,1,1,0
6586,83047,0,1,1,0
6587,113379,1,0,0,0
6588,100941,0,1,1,0
6589,201768,0,1,0,0
6590,70915,1,0,0,0
6591,224574,0,1,1,0
6592,50411,1,0,0,0
6593,31678,0,1,0,0
6594,118110,1,0,0,0
6595,145115,1,0,0,0
6596,181539,0,1,0,0
6597,53638,1,0,0,0
6598,63096,0,1,1,0
6599,234971,1,0,0,1
6600,207084,0,1,0,0
6601,53746,0,1,1,0
6602,238485,1,0,0,0
6603,248115,0,1,0,0
6604,125685,1,0,0,0
6605,213543,0,1,1,0
6606,242598,0,1,0,0
6607,16164,1,0,0,1
6608,181641,1,0,0,0
6609,30467,0,1,0,0
6610,77358,1,0,0,1
6611,19410,1,0,0,0
6612,229448,0,1,0,1
6613,79436,0,1,1,0
6614,109150,0,1,0,0
6615,150000,1,0,0,0
6616,282567,1,0,0,1
6617,116008,0,1,0,0
6618,194287,1,0,0,0
6619,208238,1,0,0,1
6620,101158,1,0,0,0
6621,89573,0,1,0,0
6622,6800,0,1,1,0
6623,47017,0,1,0,1
6624,250649,1,0,0,0
6625,57124,0,1,0,0
6626,196451,0,1,1,0
6627,124112,0,1,1,0
6628,151365,0,0,0,1
6629,66677,0,1,0,0
6630,52811,1,0,0,0
6631,119362,0,1,0,0
6632,141539,1,0,0,0
6633,85997,0,0,0,1
6634,196382,1,0,0,0
6635,245164,0,1,0,0
6636,198490,1,0,0,1
6637,204108,1,0,0,0
6638,98335,0,1,0,0
6639,281616,0,1,0,1
6640,56405,0,1,0,1
6641,67644,0,1,0,0
6642,118380,1,0,0,0
6643,205227,1,0,0,1
6644,140824,1,0,0,1
6645,265384,1,0,0,0
6646,76623,0,1,0,0
6647,160849,0,1,1,0
6648,165307,1,0,0,1
6649,223899,0,1,0,0
6650,15692,1,0,0,0
6651,169124,1,0,0,1
6652,184929,0,0,0,1
6653,217762,0,1,0,0
6654,60719,1,0,0,0
6655,86802,0,1,0,1
6656,138008,0,1,0,0
6657,34734,0,1,0,1
6658,19234,1,0,0,0
6659,49860,0,1,1,0
6660,160254,1,0,0,0
6661,143427,0,1,0,0
6662,45804,0,1,0,1
6663,243804,0,1,1,0
6664,102713,0,1,1,0
6665,285376,0,1,0,0
6666,7499,1,0,0,0
6667,143295,0,1,0,0
6668,227589,1,0,0,0
6669,38966,0,1,1,0
6670,135982,1,0,0,1
6671,98417,1,0,0,1
6672,230748,0,1,0,0
6673,232443,1,0,0,0
6674,193223,1,0,0,1
6675,187702,0,1,0,0
6676,124958,0,1,0,1
6677,173158,1,0,0,0
6678,280999,0,1,0,0
6679,144536,1,0,0,0
6680,63301,1,0,0,0
6681,164607,0,1,0,0
6682,90636,0,1,0,0
6683,85766,1,0,0,0
6684,13860,0,1,0,1
6685,196489,0,1,0,0
6686,22790,1,0,0,0
6687,137612,0,1,0,0
6688,256386,1,0,0,0
6689,77582,0,1,0,1
6690,8155,1,0,0,0
6691,143937,0,1,0,0
6692,65722,1,0,0,0
6693,208968,0,1,0,1
6694,105354,0,1,0,0
6695,55474,0,1,0,1
6696,289766,1,0,0,0
6697,135491,0,1,1,0
6698,288245,0,1,0,0
6699,112689,0,1,1,0
6700,251230,1,0,0,0
6701,180104,0,1,0,1
6702,239752,0,1,0,0
6703,216125,0,1,1,0
6704,36170,0,1,1,0
6705,233463,0,0,0,1
6706,252809,1,0,0,0
6707,91787,0,1,0,0
6708,73072,1,0,0,0
6709,195108,1,0,0,1
6710,123757,0,1,0,0
6711,17597,0,1,0,1
6712,193517,1,0,0,0
6713,119413,0,1,0,1
6714,16275,0,1,0,0
6715,138233,1,0,0,0
6716,52859,0,1,0,0
6717,186770,0,1,0,1
6718,140066,1,0,0,0
6719,206349,0,1,1,0
6720,176942,0,1,0,0
6721,243807,1,0,0,0
6722,50301,0,0,0,1
6723,224980,0,1,0,0
6724,207291,1,0,0,0
6725,223718,0,1,0,1
6726,213991,0,1,0,0
6727,66363,1,0,0,0
6728,200013,0,1,0,0
6729,215986,1,0,0,0
6730,55822,1,0,0,1
6731,38082,0,1,0,0
6732,183542,1,0,0,0
6733,285441,0,1,0,0
6734,60820,1,0,0,0
6735,204181,0,1,0,1
6736,36130,1,0,0,0
6737,121933,0,1,0,0
6738,181221,0,1,0,1
6739,149535,0,1,1,0
6740,108236,0,1,1,0
6741,122868,1,0,0,0
6742,151701,0,1,0,0
6743,59751,0,1,1,0
6744,186039,1,0,0,0
6745,92041,0,1,0,1
6746,233732,0,1,0,1
6747,101701,0,0,0,1
6748,285141,1,0,0,0
6749,217633,0,1,0,0
6750,67964,0,1,1,0
6751,258215,1,0,0,0
6752,196902,0,1,0,0
6753,65097,1,0,0,0
6754,102515,0,1,0,1
6755,208349,0,1,1,0
6756,195442,1,0,0,0
6757,8149,0,1,0,0
6758,185970,0,1,0,1
6759,199008,0,1,1,0
6760,242663,0,1,0,1
6761,21667,1,0,0,0
6762,83416,0,1,0,0
6763,73990,1,0,0,0
6764,22067,0,1,1,0
6765,217120,0,1,0,0
6766,129931,0,1,0,1
6767,168268,1,0,0,0
6768,239441,1,0,0,1
6769,68794,0,1,0,0
6770,183642,1,0,0,0
6771,24351,0,0,0,1
6772,237777,0,1,0,0
6773,234515,1,0,0,0
6774,135582,0,1,0,1
6775,235247,0,1,0,1
6776,76011,1,0,0,0
6777,74212,0,1,0,0
6778,11437,1,0,0,0
6779,252,0,1,0,0
6780,246690,1,0,0,0
6781,197585,0,1,1,0
6782,91304,0,1,1,0
6783,127392,0,1,0,0
6784,24664,0,1,1,0
6785,21563,1,0,0,0
6786,205148,0,1,0,0
6787,84859,1,0,0,0
6788,64818,0,1,0,1
6789,160507,1,0,0,0
6790,222765,0,1,0,0
6791,58526,0,0,0,1
6792,255250,1,0,0,0
6793,122359,0,1,0,0
6794,26005,1,0,0,0
6795,154472,0,1,0,1
6796,234799,0,1,0,0
6797,244321,1,0,0,1
6798,78947,1,0,0,0
6799,208283,0,1,1,0
6800,239839,1,0,0,0
6801,181848,0,1,0,0
6802,263566,1,0,0,0
6803,102968,0,1,0,1
6804,116118,0,1,0,1
6805,98713,1,0,0,0
6806,41632,0,1,0,0
6807,90418,1,0,0,1
6808,269079,1,0,0,0
6809,183973,0,1,1,0
6810,53661,0,1,0,0
6811,99604,1,0,0,0
6812,131511,1,0,0,1
6813,21361,1,0,0,0
6814,190769,0,1,0,0
6815,109991,1,0,0,0
6816,244882,0,1,1,0
6817,23097,0,1,1,0
6818,119803,0,1,0,1
6819,124883,0,1,0,1
6820,83834,0,1,0,0
6821,291811,1,0,0,0
6822,158100,0,1,0,1
6823,190630,0,0,0,1
6824,27605,1,0,0,0
6825,41678,0,1,0,0
6826,116409,0,1,1,0
6827,149242,1,0,0,0
6828,99268,0,1,0,0
6829,174618,1,0,0,0
6830,131958,0,0,0,1
6831,180972,0,1,0,1
6832,213031,1,0,0,0
6833,243639,0,1,0,0
6834,60537,0,1,0,1
6835,46581,0,1,1,0
6836,26670,0,0,0,1
6837,172667,1,0,0,0
6838,84542,0,1,0,0
6839,139159,1,0,0,0
6840,121802,0,1,0,0
6841,26562,1,0,0,0
6842,38823,0,1,0,0
6843,49947,1,0,0,0
6844,185340,0,1,1,0
6845,194052,0,0,0,1
6846,14573,0,1,0,0
6847,226004,0,1,1,0
6848,228448,0,1,1,0
6849,157530,0,1,1,0
6850,241620,1,0,0,0
6851,179637,0,1,0,0
6852,127109,1,0,0,0
6853,238037,0,1,0,1
6854,201001,0,1,0,0
6855,255051,1,0,0,0
6856,278106,1,0,0,0
6857,30223,0,1,0,0
6858,239491,0,1,0,0
6859,133309,1,0,0,0
6860,32441,1,0,0,1
6861,188089,1,0,0,1
6862,229569,0,1,1,0
6863,167510,1,0,0,0
6864,214714,0,1,0,1
6865,152436,0,1,0,0
6866,190856,0,1,1,0
6867,205621,1,0,0,0
6868,281919,0,1,0,1
6869,15293,0,1,0,0
6870,62241,1,0,0,0
6871,64265,0,1,0,0
6872,252996,1,0,0,0
6873,128247,0,1,0,0
6874,201218,0,1,1,0
6875,22565,1,0,0,1
6876,224911,0,1,0,0
6877,204726,1,0,0,0
6878,113349,0,1,1,0
6879,40827,1,0,0,0
6880,243442,0,1,0,0
6881,238378,1,0,0,1
6882,279117,1,0,0,0
6883,98865,0,1,0,1
6884,64704,0,1,0,0
6885,111245,0,1,0,1
6886,279080,1,0,0,0
6887,219277,0,1,0,0
6888,220904,1,0,0,0
6889,97958,0,1,0,0
6890,216614,0,1,1,0
6891,89310,0,1,1,0
6892,171404,0,0,0,1
6893,282334,0,1,1,0
6894,80061,1,0,0,0
6895,97940,0,1,0,0
6896,50361,0,1,1,0
6897,132802,1,0,0,1
6898,176648,0,1,1,0
6899,223412,1,0,0,0
6900,114709,1,0,0,1
6901,70878,0,1,0,0
6902,170306,1,0,0,0
6903,219623,0,1,1,0
6904,139892,1,0,0,0
6905,198883,0,1,0,1
6906,259446,0,1,0,0
6907,194953,1,0,0,1
6908,26606,0,1,1,0
6909,167562,1,0,0,0
6910,125487,0,1,0,0
6911,52769,0,1,0,1
6912,219131,1,0,0,1
6913,281315,1,0,0,0
6914,25967,0,1,0,0
6915,203086,1,0,0,0
6916,37802,1,0,0,1
6917,3345,0,1,0,0
6918,200563,0,1,1,0
6919,156209,1,0,0,0
6920,24767,0,1,0,1
6921,167202,0,1,1,0
6922,189195,0,1,0,0
6923,252633,1,0,0,0
6924,87201,0,1,0,0
6925,144882,1,0,0,1
6926,254564,1,0,0,0
6927,200913,0,1,0,0
6928,134076,1,0,0,0
6929,165757,0,1,0,0
6930,26672,1,0,0,1
6931,14997,1,0,0,0
6932,88739,0,1,0,0
6933,88642,1,0,0,1
6934,215533,1,0,0,0
6935,65158,0,1,0,1
6936,242469,1,0,0,0
6937,276062,0,1,0,0
6938,112169,0,1,1,0
6939,185142,0,1,1,0
6940,156486,1,0,0,0
6941,26058,0,1,0,0
6942,63406,0,1,1,0
6943,41986,0,1,1,0
6944,38735,1,0,0,0
6945,115897,1,0,0,1
6946,84724,0,1,0,0
6947,38803,1,0,0,0
6948,55070,0,1,0,0
6949,269786,0,1,0,1
6950,216547,1,0,0,0
6951,97788,0,1,1,0
6952,5385,0,1,0,0
6953,211277,0,0,0,1
6954,208789,1,0,0,0
6955,121429,0,1,0,1
6956,123915,0,1,1,0
6957,132401,0,1,0,0
6958,77770,1,0,0,0
6959,191774,0,1,0,1
6960,131744,0,1,0,0
6961,248903,0,1,0,1
6962,12206,1,0,0,0
6963,160061,0,1,1,0
6964,174766,1,0,0,0
6965,207236,0,1,0,0
6966,234879,0,1,0,1
6967,85526,0,1,0,0
6968,86833,1,0,0,0
6969,183588,0,1,0,1
6970,280007,0,1,0,0
6971,185754,1,0,0,0
6972,69878,0,1,1,0
6973,222092,0,1,1,0
6974,114116,0,1,1,0
6975,157933,0,1,0,1
6976,15712,1,0,0,0
6977,64459,0,1,0,0
6978,177932,0,1,0,1
6979,74485,1,0,0,0
6980,92606,0,1,0,1
6981,95277,0,1,0,0
6982,197082,1,0,0,0
6983,138044,0,1,1,0
6984,243983,0,1,0,0
6985,173131,1,0,0,0
6986,69517,1,0,0,1
6987,57889,0,1,0,0
6988,157057,1,0,0,1
6989,24165,1,0,0,0
6990,23061,0,1,0,0
6991,36867,0,0,0,1
6992,92080,1,0,0,0
6993,72106,0,1,1,0
6994,157746,0,1,0,0
6995,64226,1,0,0,1
6996,131381,0,1,0,1
6997,59671,1,0,0,0
6998,236146,1,0,0,1
6999,143428,0,1,0,0
7000,160259,1,0,0,0
7001,73265,0,1,1,0
7002,261041,0,1,0,0
7003,77086,1,0,0,0
7004,213295,0,1,0,0
7005,148349,0,1,0,1
7006,20900,1,0,0,0
7007,134280,1,0,0,1
7008,130672,0,1,0,0
7009,99488,1,0,0,0
7010,188138,1,0,0,0
7011,45052,0,0,0,1
7012,206417,0,1,0,0
7013,188973,1,0,0,0
7014,39830,0,1,1,0
7015,5169,0,1,0,0
7016,88043,1,0,0,0
7017,193828,0,1,1,0
7018,231329,0,1,0,1
7019,236542,0,1,0,0
7020,215798,1,0,0,0
7021,136606,0,1,0,0
7022,252142,0,1,0,1
7023,280385,1,0,0,0
7024,198966,1,0,0,1
7025,219879,0,0,0,1
7026,37642,0,1,0,0
7027,259287,1,0,0,0
7028,47136,0,1,0,0
7029,52591,1,0,0,0
7030,62765,1,0,0,0
7031,196459,0,1,0,0
7032,192972,0,1,1,0
7033,54027,1,0,0,1
7034,156726,0,1,0,0
7035,198301,1,0,0,0
7036,48033,1,0,0,1
7037,96853,1,0,0,0
7038,223337,0,1,0,1
7039,247532,0,1,0,0
7040,172339,1,0,0,0
7041,36548,0,0,0,1
7042,44867,0,0,0,1
7043,74224,0,1,0,0
7044,260814,1,0,0,0
7045,141056,0,1,0,1
7046,78897,0,1,0,0
7047,276219,1,0,0,0
7048,31633,0,1,0,1
7049,38975,0,1,0,0
7050,27256,0,0,0,1
7051,3793,1,0,0,0
7052,71498,0,1,0,0
7053,57187,1,0,0,0
7054,122576,0,1,1,0
7055,245875,0,1,0,0
7056,114634,1,0,0,0
7057,180993,0,1,0,1
7058,60132,0,1,0,0
7059,149325,1,0,0,1
7060,83128,0,1,1,0
7061,88726,1,0,0,0
7062,961,0,1,0,0
7063,156321,1,0,0,1
7064,17946,0,1,1,0
7065,287033,1,0,0,0
7066,104019,0,1,0,0
7067,24871,0,0,0,1
7068,259761,1,0,0,1
7069,170235,1,0,0,0
7070,67266,0,1,0,1
7071,111896,0,1,1,0
7072,273853,0,1,0,0
7073,56156,1,0,0,0
7074,110019,0,1,1,0
7075,62947,0,1,0,0
7076,277646,1,0,0,0
7077,218222,0,1,0,1
7078,32939,0,1,0,1
7079,170944,0,1,0,0
7080,8356,0,1,0,1
7081,201549,1,0,0,0
7082,271211,1,0,0,1
7083,224070,1,0,0,1
7084,240558,1,0,0,0
7085,214205,0,1,0,0
7086,166701,1,0,0,1
7087,271722,1,0,0,1
7088,217737,1,0,0,0
7089,11025,0,1,0,0
7090,27976,0,1,1,0
7091,263596,1,0,0,1
7092,125078,1,0,0,0
7093,74199,0,1,1,0
7094,142292,0,1,0,0
7095,204188,1,0,0,0
7096,138740,0,1,0,1
7097,165922,0,1,0,0
7098,108251,0,1,1,0
7099,130980,1,0,0,0
7100,239805,0,1,0,0
7101,131955,1,0,0,0
7102,191438,0,1,0,1
7103,78618,0,1,1,0
7104,214012,0,1,1,0
7105,34397,0,1,0,0
7106,230116,0,0,0,1
7107,220211,1,0,0,0
7108,135669,0,0,0,1
7109,220916,0,1,0,0
7110,121844,1,0,0,0
7111,134683,0,1,0,0
7112,44116,1,0,0,0
7113,77950,1,0,0,1
7114,238536,0,1,0,0
7115,51178,1,0,0,0
7116,182171,1,0,0,1
7117,34573,0,1,0,1
7118,222350,1,0,0,0
7119,243334,0,1,0,0
7120,59703,0,1,1,0
7121,250788,1,0,0,0
7122,110800,0,1,1,0
7123,131806,0,1,1,0
7124,123745,1,0,0,0
7125,66230,1,0,0,1
7126,49226,0,1,0,0
7127,245475,0,1,0,1
7128,9865,1,0,0,0
7129,141586,0,1,1,0
7130,73189,0,1,0,0
7131,99289,0,1,1,0
7132,223187,1,0,0,0
7133,59068,0,1,0,1
7134,228299,0,1,0,0
7135,57208,1,0,0,0
7136,83879,0,1,0,0
7137,226102,1,0,0,0
7138,227588,0,1,0,1
7139,131434,0,1,0,0
7140,3034,0,1,1,0
7141,134628,1,0,0,1
7142,134361,0,1,0,0
7143,64179,1,0,0,0
7144,36377,0,1,1,0
7145,99522,0,0,0,1
7146,110508,0,1,0,0
7147,94435,1,0,0,0
7148,5467,0,1,1,0
7149,74531,0,1,0,0
7150,84758,0,1,1,0
7151,118503,1,0,0,0
7152,27922,0,0,0,1
7153,224408,0,1,1,0
7154,236126,0,1,0,0
7155,51245,0,1,1,0
7156,97072,1,0,0,0
7157,176678,0,1,1,0
7158,237501,1,0,0,0
7159,199876,0,0,0,1
7160,287752,1,0,0,1
7161,98757,0,1,0,0
7162,39145,1,0,0,0
7163,109173,0,1,0,0
7164,219051,0,0,0,1
7165,152200,1,0,0,0
7166,177910,0,1,1,0
7167,138789,0,1,0,0
7168,34017,0,1,0,1
7169,182204,1,0,0,0
7170,234265,0,1,0,0
7171,34769,0,1,1,0
7172,90945,1,0,0,0
7173,81372,0,1,0,0
7174,222483,1,0,0,0
7175,17349,0,1,0,0
7176,120227,1,0,0,0
7177,117948,0,0,0,1
7178,263368,1,0,0,0
7179,50058,0,1,1,0
7180,164845,0,0,0,1
7181,107923,0,1,0,0
7182,115544,0,1,1,0
7183,56253,0,1,1,0
7184,239578,1,0,0,0
7185,32871,0,1,0,0
7186,215068,0,1,1,0
7187,238637,0,0,0,1
7188,175590,1,0,0,0
7189,228446,1,0,0,1
7190,220660,0,1,0,0
7191,75397,1,0,0,0
7192,79690,0,1,0,0
7193,259447,1,0,0,0
7194,112967,1,0,0,1
7195,25083,0,1,1,0
7196,144762,0,1,0,0
7197,142429,1,0,0,0
7198,221600,0,1,1,0
7199,142179,0,0,0,1
7200,181404,1,0,0,1
7201,211368,0,1,0,0
7202,262017,1,0,0,0
7203,33928,1,0,0,1
7204,120035,0,1,0,0
7205,46007,1,0,0,1
7206,140155,1,0,0,0
7207,128464,0,1,0,0
7208,122568,0,1,0,1
7209,123505,1,0,0,0
7210,164401,0,0,0,1
7211,31145,0,1,0,0
7212,62421,1,0,0,0
7213,115852,1,0,0,1
7214,123834,1,0,0,1
7215,253916,1,0,0,0
7216,210962,0,1,0,1
7217,130925,0,1,1,0
7218,135301,0,1,0,0
7219,135078,0,1,1,0
7220,158237,1,0,0,0
7221,195746,0,1,0,0
7222,196644,0,1,1,0
7223,154305,1,0,0,1
7224,220656,0,1,1,0
7225,32427,1,0,0,0
7226,93168,0,1,0,0
7227,9479,0,0,0,1
7228,103872,1,0,0,0
7229,118189,1,0,0,1
7230,58491,0,1,0,0
7231,265098,1,0,0,0
7232,279137,0,1,0,0
7233,255809,1,0,0,0
7234,239873,1,0,0,1
7235,205263,0,1,0,1
7236,249617,0,1,0,0
7237,208209,1,0,0,0
7238,111276,0,1,1,0
7239,12263,1,0,0,0
7240,63777,0,1,0,0
7241,181428,1,0,0,0
7242,165656,0,1,0,0
7243,144322,1,0,0,1
7244,27945,1,0,0,0
7245,3780,1,0,0,1
7246,136767,0,1,0,1
7247,95591,0,1,0,0
7248,164212,1,0,0,0
7249,282413,0,1,0,0
7250,97164,0,1,1,0
7251,60726,1,0,0,0
7252,223365,0,1,0,1
7253,65211,0,1,0,0
7254,219562,0,1,1,0
7255,26640,1,0,0,0
7256,57972,0,1,1,0
7257,826,0,1,0,0
7258,19571,0,1,1,0
7259,78794,0,1,0,1
7260,78064,1,0,0,0
7261,87257,0,1,0,0
7262,41349,0,1,1,0
7263,59402,1,0,0,0
7264,168470,0,1,0,0
7265,106884,1,0,0,1
7266,31839,1,0,0,0
7267,14209,0,1,0,0
7268,261368,0,0,0,1
7269,187449,1,0,0,0
7270,175098,0,1,0,0
7271,42367,0,1,1,0
7272,62999,0,1,1,0
7273,63093,0,1,1,0
7274,54629,1,0,0,0
7275,178543,0,1,0,0
7276,205751,1,0,0,0
7277,107032,0,0,0,1
7278,25413,0,1,0,0
7279,154606,1,0,0,0
7280,15515,1,0,0,1
7281,94470,0,1,1,0
7282,194583,1,0,0,1
7283,3467,0,1,0,0
7284,173019,0,1,0,1
7285,222317,1,0,0,0
7286,198262,0,1,1,0
7287,140612,0,1,1,0
7288,253343,0,1,0,0
7289,96688,1,0,0,0
7290,121459,1,0,0,1
7291,125760,0,1,0,0
7292,69796,1,0,0,0
7293,89521,0,1,1,0
7294,95485,1,0,0,1
7295,190522,0,1,0,0
7296,52974,1,0,0,0
7297,19903,1,0,0,1
7298,211006,1,0,0,0
7299,130638,0,0,0,1
7300,80741,0,1,0,0
7301,166523,0,1,1,0
7302,236301,1,0,0,0
7303,229760,0,1,1,0
7304,25928,0,1,1,0
7305,86970,0,1,1,0
7306,248203,0,1,0,0
7307,173220,0,1,0,1
7308,253138,1,0,0,0
7309,102524,0,1,0,0
7310,152214,1,0,0,0
7311,183554,1,0,0,1
7312,253754,1,0,0,1
7313,98569,1,0,0,0
7314,285279,0,1,0,0
7315,164961,1,0,0,1
7316,179210,0,1,0,1
7317,18818,1,0,0,0
7318,133174,0,1,0,0
7319,179279,1,0,0,0
7320,220212,0,1,0,0
7321,219898,1,0,0,0
7322,243191,0,0,0,1
7323,57768,0,1,0,1
7324,20321,0,1,0,0
7325,112657,1,0,0,0
7326,139612,0,1,0,0
7327,74497,1,0,0,0
7328,63075,1,0,0,1
7329,221709,1,0,0,1
7330,237601,1,0,0,0
7331,18232,0,1,1,0
7332,181119,0,1,0,0
7333,220100,1,0,0,1
7334,126836,1,0,0,0
7335,72189,0,1,0,0
7336,10540,0,1,1,0
7337,13131,0,1,1,0
7338,71124,0,1,0,0
7339,238778,1,0,0,0
7340,7945,0,1,0,0
7341,115466,1,0,0,0
7342,187982,0,1,1,0
7343,222168,0,1,0,1
7344,134098,0,1,0,0
7345,210782,0,1,0,1
7346,154783,1,0,0,0
7347,109253,0,1,1,0
7348,164506,0,1,0,1
7349,206733,1,0,0,0
7350,65989,0,1,1,0
7351,222726,1,0,0,1
7352,125306,0,1,0,0
7353,31833,0,1,0,1
7354,90321,1,0,0,0
7355,165841,0,1,1,0
7356,193409,0,1,0,0
7357,96094,1,0,0,0
7358,259790,0,0,0,1
7359,231218,0,1,0,0
7360,262080,1,0,0,0
7361,46211,0,1,0,0
7362,24474,1,0,0,0
7363,51130,0,1,0,1
7364,13164,0,1,0,0
7365,159088,1,0,0,0
7366,198890,0,1,0,1
7367,93720,0,1,0,0
7368,14130,1,0,0,0
7369,97308,1,0,0,1
7370,223035,0,1,0,0
7371,54866,1,0,0,0
7372,183622,0,1,1,0
7373,139859,0,1,0,0
7374,157878,1,0,0,0
7375,181938,1,0,0,1
7376,245059,1,0,0,1
7377,71001,0,1,0,0
7378,149913,1,0,0,0
7379,36326,0,1,0,1
7380,144853,1,0,0,0
7381,79504,0,1,0,0
7382,20862,1,0,0,1
7383,277978,0,1,0,1
7384,121400,0,1,1,0
7385,37086,0,1,1,0
7386,194796,1,0,0,0
7387,151910,0,1,0,0
7388,16729,0,1,0,1
7389,177426,0,1,1,0
7390,243268,1,0,0,0
7391,200768,0,1,0,0
7392,75789,0,1,1,0
7393,135589,0,1,0,1
7394,80935,0,1,0,0
7395,184485,1,0,0,0
7396,293540,0,1,0,0
7397,230066,0,0,0,1
7398,188731,1,0,0,0
7399,228424,0,1,1,0
7400,186608,0,1,0,1
7401,253471,1,0,0,0
7402,121575,0,1,0,0
7403,58858,1,0,0,1
7404,195261,1,0,0,0
7405,69344,0,1,0,0
7406,165090,1,0,0,1
7407,290004,1,0,0,0
7408,253337,0,1,0,1
7409,237956,0,1,0,0
7410,285714,0,1,0,1
7411,243180,1,0,0,0
7412,20864,0,1,0,0
7413,243285,0,1,0,1
7414,38142,0,1,0,0
7415,1785,1,0,0,0
7416,221334,1,0,0,0
7417,204035,1,0,0,1
7418,8968,0,1,0,0
7419,38413,1,0,0,0
7420,18972,1,0,0,1
7421,24733,0,1,0,0
7422,39654,0,0,0,1
7423,50586,1,0,0,1
7424,218270,1,0,0,1
7425,19228,1,0,0,0
7426,181248,0,0,0,1
7427,56367,1,0,0,0
7428,136590,0,1,0,0
7429,40576,1,0,0,1
7430,119682,0,1,1,0
7431,12277,0,1,0,0
7432,88505,1,0,0,0
7433,241497,0,1,0,1
7434,155695,0,1,0,0
7435,47443,1,0,0,0
7436,5193,0,1,0,0
7437,63288,1,0,0,0
7438,135177,0,1,0,1
7439,16427,1,0,0,0
7440,121263,0,1,0,0
7441,2491,1,0,0,0
7442,151299,0,1,0,0
7443,10243,0,1,1,0
7444,89910,1,0,0,0
7445,271374,0,1,0,1
7446,17347,0,1,0,0
7447,287522,0,1,1,0
7448,227290,1,0,0,0
7449,3296,0,1,0,0
7450,267098,0,1,0,1
7451,257615,1,0,0,0
7452,235898,0,1,1,0
7453,30077,1,0,0,1
7454,159023,0,1,0,0
7455,6943,1,0,0,0
7456,59964,0,1,0,0
7457,15461,1,0,0,1
7458,252839,1,0,0,0
7459,58814,0,1,0,0
7460,150672,1,0,0,0
7461,231824,0,1,0,0
7462,3108,0,1,1,0
7463,12163,0,1,0,1
7464,3229,1,0,0,0
7465,69275,0,1,0,0
7466,124034,1,0,0,1
7467,252501,1,0,0,0
7468,41443,1,0,0,0
7469,177993,0,1,0,0
7470,111141,1,0,0,1
7471,16566,0,1,1,0
7472,83563,1,0,0,0
7473,206697,0,1,0,0
7474,183930,0,1,0,1
7475,217361,0,1,1,0
7476,17665,0,1,1,0
7477,95636,1,0,0,0
7478,226758,0,1,0,0
7479,236609,0,1,1,0
7480,97794,0,1,0,0
7481,165838,1,0,0,0
7482,186904,1,0,0,0
7483,59038,0,0,0,1
7484,160113,0,1,0,0
7485,106964,1,0,0,0
7486,164868,0,1,1,0
7487,215660,0,1,1,0
7488,135499,0,1,1,0
7489,229279,0,1,1,0
7490,82980,0,1,0,0
7491,195097,1,0,0,1
7492,156225,1,0,0,0
7493,224575,0,0,0,1
7494,93956,0,1,1,0
7495,53539,1,0,0,0
7496,72782,0,1,0,0
7497,90456,1,0,0,0
7498,64698,0,1,0,0
7499,246007,1,0,0,1
7500,174533,0,0,0,1
7501,124067,0,1,1,0
7502,71156,0,1,1,0
7503,103043,0,1,0,0
7504,30033,0,1,0,1
7505,8520,0,1,1,0
7506,259858,0,1,1,0
7507,70518,1,0,0,0
7508,92280,0,1,0,0
7509,77458,0,1,0,1
7510,245138,1,0,0,0
7511,882,0,1,1,0
7512,1428,1,0,0,0
7513,17862,0,1,0,0
7514,191952,1,0,0,1
7515,211720,0,1,1,0
7516,7154,1,0,0,1
7517,152841,1,0,0,0
7518,271650,0,1,0,0
7519,125065,0,1,1,0
7520,271425,1,0,0,0
7521,53085,0,1,0,1
7522,288354,0,1,0,0
7523,127844,0,0,0,1
7524,73231,1,0,0,0
7525,178548,0,1,1,0
7526,115063,0,1,0,0
7527,3822,1,0,0,0
7528,208682,0,1,0,1
7529,201583,0,1,1,0
7530,145095,0,1,1,0
7531,121356,0,1,0,1
7532,163293,1,0,0,0
7533,73652,0,1,0,0
7534,87304,0,0,0,1
7535,206241,0,1,0,1
7536,125311,0,1,0,0
7537,129238,1,0,0,0
7538,68799,0,1,1,0
7539,139633,0,1,1,0
7540,241060,1,0,0,0
7541,25124,0,1,0,0
7542,26820,0,1,0,1
7543,164923,1,0,0,0
7544,220346,0,1,0,0
7545,219268,0,0,0,1
7546,209774,1,0,0,1
7547,134803,0,1,1,0
7548,45217,1,0,0,0
7549,138766,0,1,0,0
7550,30203,0,1,1,0
7551,84357,1,0,0,0
7552,212587,0,1,1,0
7553,149531,0,1,0,0
7554,175134,1,0,0,0
7555,10315,0,1,0,1
7556,220071,0,1,0,0
7557,83533,1,0,0,0
7558,178663,0,1,1,0
7559,64538,0,1,1,0
7560,79032,0,1,0,0
7561,55297,1,0,0,0
7562,164075,0,1,0,1
7563,185855,1,0,0,0
7564,6728,0,1,0,0
7565,204113,1,0,0,0
7566,159310,0,1,1,0
7567,35494,0,1,0,1
7568,149934,0,1,0,1
7569,89270,0,1,0,0
7570,212260,1,0,0,0
7571,68718,0,1,0,0
7572,37368,0,1,0,1
7573,227846,1,0,0,1
7574,192209,1,0,0,0
7575,38353,0,1,1,0
7576,9190,0,1,0,0
7577,64911,1,0,0,0
7578,234322,0,0,0,1
7579,84297,0,0,0,1
7580,26246,1,0,0,0
7581,30408,0,1,0,0
7582,270525,0,1,0,1
7583,67466,0,1,1,0
7584,166469,1,0,0,0
7585,249045,0,1,0,0
7586,220542,1,0,0,0
7587,138414,0,1,0,0
7588,91434,0,1,1,0
7589,135691,1,0,0,1
7590,80621,1,0,0,0
7591,69306,0,1,0,0
7592,208986,1,0,0,0
7593,143543,0,1,1,0
7594,24617,0,1,0,0
7595,90696,1,0,0,1
7596,91406,1,0,0,0
7597,249587,1,0,0,1
7598,257087,0,1,0,0
7599,165865,0,1,1,0
7600,3470,1,0,0,0
7601,129967,1,0,0,1
7602,45033,0,1,0,0
7603,53679,1,0,0,0
7604,15586,1,0,0,0
7605,258659,0,1,0,0
7606,171732,0,1,0,1
7607,127001,0,1,1,0
7608,176057,0,1,0,0
7609,288775,1,0,0,0
7610,167996,0,1,1,0
7611,13195,1,0,0,0
7612,77786,0,1,0,0
7613,221133,1,0,0,1
7614,22989,1,0,0,0
7615,56878,0,1,1,0
7616,68156,0,1,0,0
7617,71648,1,0,0,0
7618,170401,0,1,0,1
7619,177292,0,1,0,1
7620,205540,1,0,0,0
7621,263050,0,1,0,0
7622,291006,0,1,0,1
7623,276677,1,0,0,0
7624,174099,0,1,1,0
7625,39438,0,1,0,0
7626,46196,0,1,0,1
7627,9447,1,0,0,0
7628,7579,1,0,0,1
7629,151467,0,1,0,0
7630,60255,1,0,0,0
7631,203578,0,1,1,0
7632,226197,0,1,0,0
7633,196415,1,0,0,0
7634,177519,0,1,0,1
7635,67791,1,0,0,1
7636,153188,1,0,0,0
7637,64525,0,1,1,0
7638,172240,0,1,0,0
7639,218954,0,1,1,0
7640,222658,0,0,0,1
7641,87055,1,0,0,0
7642,38261,0,1,0,0
7643,210210,0,1,1,0
7644,241897,1,0,0,0
7645,181001,0,1,0,1
7646,66582,0,1,1,0
7647,233196,0,1,0,0
7648,21771,1,0,0,0
7649,75016,0,1,0,1
7650,133945,0,1,0,0
7651,155349,1,0,0,0
7652,29939,0,1,0,1
7653,117690,0,1,0,1
7654,275897,0,1,0,0
7655,92501,1,0,0,0
7656,5175,1,0,0,1
7657,119860,0,1,0,0
7658,227724,1,0,0,0
7659,294761,0,1,0,0
7660,246425,1,0,0,0
7661,137444,0,1,1,0
7662,22900,0,1,1,0
7663,52847,0,1,0,0
7664,238136,1,0,0,1
7665,212804,1,0,0,0
7666,122082,0,1,0,0
7667,268127,1,0,0,0
7668,237489,0,1,1,0
7669,229832,1,0,0,0
7670,21423,0,1,0,0
7671,49181,0,1,1,0
7672,244318,1,0,0,0
7673,10136,0,1,0,0
7674,65464,1,0,0,0
7675,25102,0,1,1,0
7676,67065,0,1,0,1
7677,283580,0,1,1,0
7678,164010,0,1,1,0
7679,108981,1,0,0,0
7680,145649,0,1,0,0
7681,121448,0,1,1,0
7682,155370,0,1,0,1
7683,232915,0,1,0,0
7684,80521,1,0,0,0
7685,1997,1,0,0,0
7686,236252,0,1,0,0
7687,175530,0,1,1,0
7688,78377,1,0,0,0
7689,123542,0,1,0,0
7690,140083,1,0,0,0
7691,150297,0,1,1,0
7692,68630,0,1,0,1
7693,120485,0,1,0,0
7694,23775,0,1,1,0
7695,116266,1,0,0,1
7696,92173,1,0,0,0
7697,78899,0,1,0,0
7698,134424,0,1,1,0
7699,260913,1,0,0,0
7700,115083,0,1,0,1
7701,188610,0,1,0,0
7702,102043,0,0,0,1
7703,166098,0,1,1,0
7704,163415,1,0,0,0
7705,220266,0,1,0,0
7706,179469,0,1,0,1
7707,200544,0,0,0,1
7708,32235,1,0,0,1
7709,241981,1,0,0,0
7710,74933,0,1,1,0
7711,261232,0,1,0,0
7712,200676,0,1,0,1
7713,74327,1,0,0,0
7714,82123,0,1,0,0
7715,233681,0,1,1,0
7716,227783,1,0,0,0
7717,69684,0,1,1,0
7718,238711,0,1,0,0
7719,267044,1,0,0,0
7720,214008,1,0,0,0
7721,37600,0,1,0,1
7722,223960,0,1,0,0
7723,110446,0,1,1,0
7724,12741,1,0,0,0
7725,170734,0,1,0,1
7726,231875,0,1,0,0
7727,1395,1,0,0,0
7728,185263,0,1,1,0
7729,66299,0,1,1,0
7730,38188,0,1,0,0
7731,260161,1,0,0,1
7732,272404,0,1,1,0
7733,57892,1,0,0,0
7734,225342,0,1,1,0
7735,134697,0,1,0,0
7736,247536,1,0,0,0
7737,115187,1,0,0,1
7738,66128,1,0,0,0
7739,385,0,0,0,1
7740,235694,0,1,0,0
7741,159121,1,0,0,0
7742,149140,1,0,0,0
7743,158135,0,0,0,1
7744,143053,0,1,0,0
7745,74060,0,1,0,1
7746,45189,1,0,0,0
7747,63222,0,0,0,1
7748,126433,0,1,0,0
7749,244702,1,0,0,0
7750,116974,0,1,1,0
7751,149117,0,1,0,0
7752,255576,1,0,0,0
7753,262261,1,0,0,1
7754,82595,0,1,0,1
7755,251410,1,0,0,0
7756,40148,0,1,0,0
7757,214691,1,0,0,0
7758,199777,1,0,0,1
7759,245133,1,0,0,1
7760,160695,1,0,0,0
7761,220318,0,1,0,1
7762,43696,0,1,0,0
7763,238309,1,0,0,0
7764,264388,0,1,0,0
7765,129847,0,0,0,1
7766,214818,1,0,0,0
7767,17394,0,1,1,0
7768,110454,0,1,0,1
7769,241107,1,0,0,1
7770,66891,1,0,0,0
7771,186687,0,1,0,0
7772,98185,1,0,0,1
7773,103710,1,0,0,1
7774,244266,1,0,0,0
7775,246726,0,1,0,0
7776,72093,1,0,0,1
7777,39363,1,0,0,0
7778,24343,0,1,0,0
7779,192791,0,1,1,0
7780,284960,1,0,0,0
7781,174178,0,1,1,0
7782,137980,0,1,0,0
7783,196368,0,1,0,1
7784,26496,1,0,0,0
7785,158227,0,1,1,0
7786,82640,1,0,0,0
7787,105452,0,1,1,0
7788,233058,0,1,0,0
7789,142636,0,1,0,1
7790,28721,1,0,0,0
7791,252378,1,0,0,1
7792,216138,0,1,0,0
7793,187305,1,0,0,0
7794,32347,1,0,0,1
7795,51948,0,1,0,0
7796,42275,0,1,1,0
7797,32826,1,0,0,0
7798,162792,0,1,0,0
7799,244375,0,1,0,1
7800,11069,0,1,0,0
7801,19777,1,0,0,0
7802,179194,0,1,1,0
7803,234533,1,0,0,0
7804,59041,0,1,0,1
7805,4802,0,1,0,0
7806,142757,1,0,0,1
7807,229484,1,0,0,0
7808,56001,1,0,0,1
7809,111110,0,1,0,0
7810,59390,1,0,0,0
7811,116424,0,1,0,1
7812,190899,0,1,1,0
7813,234762,0,1,0,0
7814,68944,1,0,0,0
7815,4455,1,0,0,1
7816,214882,0,1,1,0
7817,205618,1,0,0,0
7818,107973,0,1,0,0
7819,289656,0,1,1,0
7820,90978,1,0,0,0
7821,45812,0,1,0,0
7822,253020,1,0,0,0
7823,216190,0,1,1,0
7824,67335,0,1,0,0
7825,119989,1,0,0,1
7826,205635,1,0,0,0
7827,208409,0,1,0,0
7828,157666,1,0,0,0
7829,231837,1,0,0,1
7830,114367,0,1,1,0
7831,62087,0,1,0,0
7832,124062,1,0,0,0
7833,90102,0,1,0,0
7834,222614,1,0,0,0
7835,157756,0,0,0,1
7836,251608,0,1,0,0
7837,242757,0,1,1,0
7838,242656,1,0,0,0
7839,41953,0,1,0,0
7840,73779,0,1,1,0
7841,185312,1,0,0,0
7842,171966,0,1,1,0
7843,230696,1,0,0,1
7844,294667,0,1,0,0
7845,18454,1,0,0,1
7846,60328,1,0,0,0
7847,93598,0,1,0,0
7848,865,1,0,0,0
7849,271470,1,0,0,1
7850,268590,0,1,0,0
7851,108687,1,0,0,0
7852,30249,0,1,0,1
7853,3382,0,1,1,0
7854,35639,0,1,0,0
7855,250084,1,0,0,0
7856,85802,1,0,0,1
7857,148930,0,1,0,0
7858,252225,1,0,0,0
7859,144349,1,0,0,1
7860,226071,1,0,0,0
7861,34786,0,1,1,0
7862,231546,0,1,0,0
7863,51347,0,1,1,0
7864,137239,0,1,0,1
7865,203195,1,0,0,1
7866,236630,0,1,0,1
7867,104087,1,0,0,0
7868,49818,0,1,0,0
7869,62561,0,1,1,0
7870,184323,1,0,0,0
7871,112140,0,1,0,0
7872,183737,0,1,0,1
7873,153210,1,0,0,0
7874,207963,0,1,0,0
7875,210320,1,0,0,1
7876,113945,1,0,0,0
7877,227594,0,1,1,0
7878,57222,0,0,0,1
7879,73613,0,1,0,0
7880,31641,0,1,0,1
7881,274169,1,0,0,0
7882,133514,0,1,0,1
7883,96501,1,0,0,0
7884,75619,0,1,0,0
7885,167258,0,1,1,0
7886,181652,0,1,0,0
7887,213736,1,0,0,0
7888,266838,0,1,0,1
7889,172228,0,1,0,0
7890,91901,1,0,0,0
7891,34676,0,0,0,1
7892,132582,0,1,1,0
7893,11582,0,1,0,0
7894,161838,1,0,0,0
7895,134473,1,0,0,0
7896,64023,0,1,1,0
7897,244619,0,1,0,0
7898,209896,0,1,1,0
7899,152732,0,1,0,1
7900,215795,0,0,0,1
7901,208697,0,1,0,0
7902,243043,0,1,0,1
7903,142599,1,0,0,0
7904,223039,0,1,0,1
7905,62752,0,1,0,0
7906,267527,1,0,0,0
7907,51091,0,1,0,1
7908,177640,1,0,0,0
7909,173337,0,1,0,0
7910,290817,1,0,0,1
7911,89339,0,1,1,0
7912,131324,0,1,1,0
7913,8555,1,0,0,0
7914,12181,0,1,0,0
7915,144928,0,1,0,0
7916,88421,1,0,0,0
7917,53799,0,1,1,0
7918,187210,0,1,0,0
7919,22938,0,1,1,0
7920,10366,1,0,0,0
7921,133351,0,1,0,1
7922,161409,0,1,1,0
7923,209856,0,1,0,0
7924,260787,1,0,0,0
7925,192879,0,1,0,1
7926,256051,0,1,0,1
7927,93716,0,0,0,1
7928,259470,1,0,0,0
7929,180611,0,1,0,0
7930,173597,1,0,0,0
7931,143971,0,1,0,0
7932,253960,1,0,0,1
7933,15257,1,0,0,0
7934,115563,0,1,0,0
7935,242512,1,0,0,0
7936,4582,0,1,0,0
7937,66576,0,0,0,1
7938,246503,0,1,1,0
7939,208171,0,1,0,1
7940,66826,1,0,0,0
7941,212088,0,1,1,0
7942,114863,0,0,0,1
7943,149113,1,0,0,1
7944,14778,0,1,0,0
7945,119968,1,0,0,0
7946,242260,0,0,0,1
7947,148635,0,0,0,1
7948,178475,1,0,0,0
7949,103125,0,1,0,0
7950,140081,0,1,0,0
7951,48547,1,0,0,1
7952,63959,0,0,0,1
7953,46587,1,0,0,0
7954,10665,0,1,0,0
7955,232921,1,0,0,0
7956,164437,0,1,0,1
7957,137686,1,0,0,0
7958,37184,0,1,0,0
7959,169997,1,0,0,0
7960,238227,0,1,1,0
7961,240305,0,1,0,0
7962,5106,1,0,0,1
7963,184037,0,1,1,0
7964,294191,1,0,0,0
7965,238114,1,0,0,1
7966,256370,0,1,0,0
7967,47624,1,0,0,0
7968,253306,0,1,1,0
7969,207108,0,1,0,0
7970,26526,0,1,0,1
7971,133961,1,0,0,0
7972,41059,1,0,0,1
7973,166333,0,1,0,0
7974,14880,1,0,0,1
7975,185333,1,0,0,0
7976,241593,1,0,0,0
7977,75097,0,1,0,0
7978,1933,1,0,0,0
7979,12115,0,1,0,0
7980,39268,0,1,0,1
7981,162052,1,0,0,0
7982,76693,1,0,0,1
7983,74738,0,1,0,0
7984,8740,0,1,1,0
7985,20763,0,1,0,1
7986,128903,0,1,1,0
7987,76559,1,0,0,0
7988,57980,0,0,0,1
7989,47164,0,1,0,0
7990,61239,0,1,1,0
7991,232762,1,0,0,0
7992,24967,0,1,0,0
7993,227016,1,0,0,1
7994,27861,0,1,0,0
7995,36869,1,0,0,0
7996,208414,1,0,0,1
7997,17073,0,1,1,0
7998,278680,1,0,0,0
7999,11249,0,1,0,1
8000,174630,0,0,0,1
8001,6618,0,1,0,0
8002,235830,1,0,0,0
8003,200753,0,1,0,1
8004,239931,0,1,0,0
8005,56666,1,0,0,0
8006,201743,0,1,1,0
8007,293989,1,0,0,0
8008,249425,0,0,0,1
8009,187945,0,1,0,0
8010,248534,1,0,0,1
8011,170965,0,0,0,1
8012,98690,1,0,0,1
8013,106616,1,0,0,0
8014,239323,0,1,0,0
8015,24963,1,0,0,0
8016,49136,1,0,0,1
8017,181771,0,1,0,0
8018,154930,1,0,0,0
8019,221565,0,0,0,1
8020,174225,1,0,0,1
8021,18115,0,0,0,1
8022,241678,0,0,0,1
8023,115438,0,1,0,0
8024,167384,1,0,0,0
8025,101824,1,0,0,1
8026,82151,0,1,1,0
8027,278700,0,1,0,0
8028,99015,1,0,0,0
8029,51878,0,1,0,0
8030,78519,0,1,0,1
8031,232742,1,0,0,0
8032,62512,0,1,0,0
8033,130812,0,0,0,1
8034,123260,0,1,0,1
8035,18522,1,0,0,0
8036,216286,0,0,0,1
8037,245318,0,1,0,0
8038,88786,1,0,0,0
8039,159022,0,1,0,1
8040,129025,0,1,1,0
8041,17669,0,1,1,0
8042,238946,0,1,0,0
8043,245659,1,0,0,0
8044,203732,0,1,1,0
8045,131397,1,0,0,0
8046,101896,0,1,0,0
8047,197492,0,1,0,1
8048,254773,1,0,0,0
8049,15955,0,1,0,0
8050,173102,0,0,0,1
8051,14558,1,0,0,0
8052,76901,0,1,0,0
8053,90563,0,1,0,0
8054,65634,1,0,0,0
8055,111557,0,1,1,0
8056,92777,1,0,0,1
8057,99423,0,1,0,0
8058,23900,1,0,0,0
8059,151037,0,1,0,1
8060,54041,0,1,1,0
8061,257756,0,1,1,0
8062,20267,0,1,1,0
8063,20160,0,1,0,0
8064,23417,1,0,0,0
8065,206418,0,1,0,1
8066,188987,0,1,0,1
8067,160771,0,1,1,0
8068,125665,0,1,0,0
8069,154776,1,0,0,0
8070,229269,0,1,1,0
8071,72052,0,1,1,0
8072,127740,0,1,0,0
8073,219207,1,0,0,0
8074,22964,0,1,0,1
8075,165147,0,1,0,0
8076,281393,1,0,0,0
8077,163068,1,0,0,1
8078,188960,0,1,0,0
8079,239525,1,0,0,0
8080,108162,1,0,0,1
8081,211070,1,0,0,0
8082,187085,0,1,0,0
8083,61585,1,0,0,1
8084,89663,1,0,0,0
8085,55466,0,1,0,0
8086,6670,0,1,1,0
8087,160056,1,0,0,1
8088,114337,1,0,0,0
8089,206061,0,1,0,1
8090,24137,0,1,0,0
8091,8505,1,0,0,0
8092,133340,0,1,0,0
8093,244911,1,0,0,0
8094,17096,0,1,0,1
8095,224559,1,0,0,0
8096,30810,0,1,0,0
8097,56869,1,0,0,1
8098,277329,0,1,1,0
8099,118618,0,1,1,0
8100,25537,1,0,0,0
8101,129648,0,1,0,1
8102,106309,0,1,0,0
8103,69252,1,0,0,0
8104,127466,0,1,1,0
8105,37064,1,0,0,1
8106,255502,0,1,0,0
8107,177516,1,0,0,0
8108,114035,0,1,0,1
8109,71171,0,1,1,0
8110,179133,0,1,0,0
8111,210363,1,0,0,0
8112,244938,0,1,0,0
8113,98634,0,1,0,0
8114,247956,1,0,0,0
8115,204991,1,0,0,0
8116,71279,0,1,0,0
8117,58775,1,0,0,0
8118,67208,0,1,1,0
8119,29760,0,1,0,1
8120,125034,0,1,0,0
8121,154633,0,1,1,0
8122,121787,1,0,0,0
8123,157420,0,0,0,1
8124,53579,0,1,0,0
8125,173874,0,0,0,1
8126,90091,1,0,0,0
8127,95013,0,1,0,0
8128,182479,0,1,0,1
8129,121910,1,0,0,1
8130,59962,1,0,0,0
8131,51586,0,1,0,0
8132,4834,1,0,0,0
8133,102155,0,1,0,1
8134,240155,0,1,0,0
8135,9268,0,1,1,0
8136,111690,1,0,0,0
8137,138329,0,1,0,0
8138,128914,0,1,1,0
8139,173736,0,0,0,1
8140,4547,1,0,0,0
8141,138852,1,0,0,1
8142,50988,0,1,1,0
8143,231970,0,1,1,0
8144,107395,1,0,0,0
8145,124680,1,0,0,1
8146,112544,0,1,0,0
8147,144421,0,1,1,0
8148,250915,0,1,1,0
8149,97656,1,0,0,1
8150,46516,0,1,1,0
8151,193753,0,1,0,0
8152,267829,0,0,0,1
8153,154827,1,0,0,0
8154,56936,0,1,0,1
8155,47985,0,1,0,0
8156,258413,1,0,0,0
8157,99010,0,1,0,1
8158,126552,0,1,0,0
8159,200239,0,1,1,0
8160,255997,1,0,0,0
8161,226233,0,1,0,0
8162,123730,0,1,0,1
8163,198330,1,0,0,0
8164,75481,0,1,0,0
8165,93523,0,1,1,0
8166,187114,0,1,0,1
8167,145357,1,0,0,0
8168,228903,0,1,0,0
8169,93732,0,1,0,1
8170,134561,0,1,0,0
8171,1532,0,1,0,1
8172,254119,1,0,0,0
8173,124078,0,1,0,0
8174,144980,0,1,1,0
8175,216275,1,0,0,0
8176,57674,1,0,0,1
8177,49672,0,1,0,0
8178,172640,1,0,0,0
8179,70411,0,1,0,1
8180,34498,1,0,0,0
8181,214676,0,1,0,0
8182,222294,0,1,1,0
8183,85589,1,0,0,0
8184,115555,0,1,0,0
8185,49588,1,0,0,1
8186,80505,0,1,0,1
8187,19079,0,1,0,1
8188,46560,1,0,0,0
8189,163345,0,1,0,0
8190,180940,0,1,0,0
8191,115819,0,1,0,1
8192,58987,1,0,0,0
8193,120910,1,0,0,1
8194,230262,0,1,0,0
8195,177214,1,0,0,0
8196,74886,0,0,0,1
8197,244826,0,1,0,0
8198,145479,1,0,0,0
8199,124656,0,1,1,0
8200,60455,0,1,0,0
8201,276696,0,1,0,1
8202,181168,1,0,0,0
8203,171157,0,1,1,0
8204,26265,0,1,1,0
8205,208062,1,0,0,0
8206,226018,0,1,0,0
8207,12038,0,1,1,0
8208,76221,1,0,0,1
8209,160621,0,1,0,0
8210,231279,1,0,0,0
8211,194748,0,1,0,1
8212,274375,0,1,0,0
8213,87240,0,1,1,0
8214,194774,1,0,0,0
8215,39199,0,0,0,1
8216,83364,0,1,0,0
8217,49479,1,0,0,0
8218,228067,0,1,1,0
8219,75616,0,1,0,0
8220,127957,0,1,1,0
8221,163221,0,1,1,0
8222,64417,1,0,0,0
8223,9851,0,1,0,0
8224,47509,1,0,0,0
8225,190634,1,0,0,1
8226,201005,0,1,1,0
8227,117077,1,0,0,0
8228,235387,0,1,0,0
8229,273263,1,0,0,0
8230,90513,0,1,0,0
8231,287965,1,0,0,1
8232,209089,0,1,0,1
8233,102318,0,1,0,0
8234,6957,1,0,0,0
8235,270218,0,1,0,0
8236,184156,0,1,1,0
8237,50480,1,0,0,0
8238,196137,1,0,0,1
8239,128931,0,1,1,0
8240,47019,0,1,0,0
8241,34838,1,0,0,1
8242,257703,1,0,0,0
8243,85349,0,1,1,0
8244,227351,1,0,0,1
8245,85627,0,1,0,0
8246,174516,1,0,0,0
8247,25927,0,1,0,0
8248,11743,1,0,0,0
8249,165548,0,1,0,0
8250,5099,0,1,0,1
8251,134698,1,0,0,0
8252,158815,0,1,0,0
8253,196594,1,0,0,0
8254,101682,1,0,0,1
8255,73675,0,1,0,0
8256,12863,1,0,0,0
8257,216975,0,0,0,1
8258,161799,0,1,0,1
8259,44910,0,1,0,0
8260,98215,1,0,0,0
8261,192464,0,0,0,1
8262,262986,1,0,0,0
8263,257156,0,1,0,0
8264,192337,1,0,0,0
8265,86950,1,0,0,1
8266,91306,0,1,0,0
8267,120073,1,0,0,0
8268,189160,0,0,0,1
8269,226003,0,1,0,0
8270,276043,1,0,0,0
8271,56407,0,1,1,0
8272,94105,0,1,1,0
8273,18864,0,1,0,1
8274,56170,0,1,0,0
8275,99677,0,1,0,1
8276,42073,1,0,0,0
8277,2852,1,0,0,1
8278,21872,0,1,0,0
8279,21562,1,0,0,0
8280,81142,0,1,1,0
8281,39845,1,0,0,0
8282,93584,0,1,0,0
8283,176483,0,0,0,1
8284,186754,0,1,1,0
8285,255709,1,0,0,0
8286,57312,0,1,0,1
8287,55720,0,1,0,0
8288,98568,1,0,0,0
8289,191125,0,1,1,0
8290,213365,0,1,0,0
8291,90619,1,0,0,0
8292,200983,1,0,0,0
8293,206680,0,1,0,0
8294,95005,0,1,0,1
8295,34293,1,0,0,0
8296,209144,0,1,0,0
8297,174852,1,0,0,0
8298,47606,0,1,0,0
8299,110523,1,0,0,0
8300,68017,0,1,0,0
8301,144247,0,1,1,0
8302,51887,1,0,0,0
8303,81305,1,0,0,1
8304,90319,0,1,1,0
8305,265690,0,1,0,0
8306,63836,0,1,0,1
8307,221128,1,0,0,0
8308,120864,1,0,0,1
8309,206986,0,1,0,0
8310,81495,1,0,0,0
8311,266160,0,0,0,1
8312,36492,1,0,0,0
8313,191102,0,1,0,0
8314,91312,0,1,0,1
8315,178696,1,0,0,0
8316,18733,0,1,0,0
8317,63008,0,1,0,1
8318,54289,0,1,1,0
8319,167933,1,0,0,0
8320,67007,1,0,0,1
8321,76234,0,1,0,0
8322,260775,1,0,0,1
8323,232510,1,0,0,0
8324,65405,0,1,1,0
8325,75924,0,1,1,0
8326,60661,0,1,1,0
8327,150475,0,1,1,0
8328,149530,0,1,0,0
8329,46302,1,0,0,0
8330,114528,0,0,0,1
8331,103589,0,1,1,0
8332,77446,1,0,0,0
8333,8722,0,1,0,0
8334,15320,0,1,0,1
8335,238839,1,0,0,0
8336,46651,1,0,0,1
8337,117094,0,0,0,1
8338,3066,0,1,0,0
8339,125913,0,1,1,0
8340,124635,1,0,0,0
8341,52781,0,1,1,0
8342,47086,1,0,0,0
8343,131604,0,1,0,0
8344,153036,0,0,0,1
8345,281411,1,0,0,0
8346,197618,0,1,0,0
8347,211739,1,0,0,1
8348,13027,1,0,0,0
8349,53008,0,1,0,0
8350,194499,0,1,1,0
8351,178367,1,0,0,1
8352,127767,1,0,0,0
8353,89632,1,0,0,1
8354,247475,0,1,0,0
8355,39427,1,0,0,1
8356,210152,1,0,0,0
8357,108086,1,0,0,0
8358,203955,0,1,0,0
8359,21396,1,0,0,1
8360,24751,1,0,0,0
8361,234897,0,1,0,1
8362,229803,0,1,0,0
8363,139471,1,0,0,1
8364,263041,1,0,0,0
8365,115932,0,1,0,0
8366,185336,1,0,0,1
8367,46752,0,1,0,1
8368,218579,0,1,1,0
8369,53194,1,0,0,0
8370,281902,0,1,0,0
8371,75341,1,0,0,0
8372,173047,0,1,0,0
8373,156351,1,0,0,0
8374,262366,1,0,0,1
8375,119782,1,0,0,0
8376,65716,0,1,0,0
8377,106178,1,0,0,0
8378,46341,0,1,0,0
8379,100461,1,0,0,0
8380,134618,1,0,0,1
8381,76636,1,0,0,0
8382,154820,1,0,0,1
8383,118194,0,1,0,0
8384,48912,1,0,0,0
8385,103925,0,1,0,0
8386,242514,1,0,0,0
8387,47166,0,0,0,1
8388,166860,0,1,0,0
8389,183458,1,0,0,1
8390,159929,0,1,1,0
8391,164565,1,0,0,0
8392,210261,0,1,0,1
8393,93576,0,1,0,0
8394,270957,1,0,0,0
8395,40715,0,1,0,1
8396,65450,0,1,1,0
8397,72901,1,0,0,0
8398,199715,0,1,0,0
8399,49138,0,1,1,0
8400,3133,0,1,0,1
8401,93968,0,1,0,1
8402,47521,0,1,0,0
8403,74703,1,0,0,0
8404,117058,0,1,1,0
8405,24642,1,0,0,1
8406,107151,0,1,0,0
8407,113080,1,0,0,0
8408,74610,0,1,0,0
8409,197570,1,0,0,0
8410,255866,0,1,0,0
8411,32568,0,1,1,0
8412,180971,1,0,0,1
8413,112110,0,1,1,0
8414,169222,1,0,0,0
8415,102631,0,1,0,0
8416,81283,0,1,0,1
8417,122208,1,0,0,0
8418,227584,0,1,1,0
8419,176230,0,1,0,0
8420,221137,0,1,1,0
8421,270260,1,0,0,0
8422,10142,0,1,1,0
8423,190643,0,1,0,1
8424,67461,0,1,0,1
8425,59894,0,1,0,0
8426,282550,1,0,0,0
8427,167470,0,1,0,0
8428,117163,1,0,0,0
8429,119003,0,1,0,1
8430,20324,0,1,1,0
8431,55944,0,1,0,0
8432,281734,1,0,0,0
8433,110794,0,1,1,0
8434,253002,1,0,0,0
8435,288880,0,1,0,0
8436,282196,0,1,1,0
8437,115741,0,1,1,0
8438,248828,0,1,0,0
8439,8562,1,0,0,0
8440,219926,1,0,0,1
8441,114168,0,1,1,0
8442,50791,0,1,0,1
8443,191169,0,1,0,0
8444,256414,1,0,0,0
8445,219233,0,1,0,0
8446,96733,1,0,0,0
8447,223270,0,1,1,0
8448,23565,0,1,0,1
8449,165073,0,1,0,0
8450,69927,1,0,0,0
8451,76515,1,0,0,1
8452,139953,0,1,0,0
8453,243600,1,0,0,0
8454,59272,0,1,0,1
8455,248569,0,1,0,0
8456,12730,1,0,0,0
8457,82795,0,0,0,1
8458,251412,1,0,0,0
8459,65911,0,1,0,0
8460,118227,0,1,0,1
8461,111643,1,0,0,1
8462,120885,1,0,0,0
8463,10495,0,1,0,0
8464,230428,1,0,0,0
8465,124114,0,1,0,0
8466,287929,1,0,0,1
8467,102793,1,0,0,0
8468,243599,0,1,0,0
8469,212178,1,0,0,0
8470,154968,0,0,0,1
8471,89518,0,1,1,0
8472,123859,0,1,0,0
8473,126494,0,1,1,0
8474,265388,0,0,0,1
8475,222616,1,0,0,0
8476,97049,0,1,0,0
8477,124211,1,0,0,0
8478,198743,0,0,0,1
8479,64679,0,1,0,0
8480,182348,1,0,0,0
8481,199957,0,1,0,0
8482,198608,1,0,0,1
8483,230456,1,0,0,0
8484,277230,1,0,0,0
8485,74007,0,1,0,0
8486,77807,0,1,1,0
8487,12904,1,0,0,0
8488,50890,0,1,0,0
8489,227165,0,1,1,0
8490,167493,1,0,0,0
8491,173762,1,0,0,1
8492,176786,0,1,1,0
8493,56517,0,1,0,0
8494,75583,0,0,0,1
8495,247966,1,0,0,0
8496,12257,0,1,0,0
8497,53125,1,0,0,0
8498,186195,0,1,0,0
8499,143743,0,1,1,0
8500,197797,1,0,0,0
8501,68519,0,1,0,0
8502,108620,1,0,0,0
8503,41069,0,1,0,0
8504,214347,1,0,0,1
8505,203694,1,0,0,0
8506,64271,0,1,0,0
8507,128471,0,1,1,0
8508,95182,1,0,0,0
8509,37849,0,1,0,0
8510,63557,0,1,1,0
8511,277062,1,0,0,0
8512,213897,0,0,0,1
8513,223297,0,1,0,1
8514,41273,0,1,0,0
8515,236364,0,1,0,0
8516,233311,1,0,0,0
8517,124177,0,1,0,1
8518,115724,1,0,0,0
8519,107273,0,1,0,0
8520,38175,0,1,0,0
8521,252929,1,0,0,0
8522,229432,1,0,0,1
8523,176651,0,1,0,0
8524,67805,1,0,0,0
8525,90452,0,1,0,1
8526,230623,1,0,0,0
8527,170830,0,1,0,0
8528,32952,0,0,0,1
8529,223593,0,1,1,0
8530,179589,1,0,0,0
8531,79970,0,1,1,0
8532,290381,0,1,0,1
8533,254091,0,1,0,0
8534,153798,1,0,0,1
8535,973,0,1,0,0
8536,38076,0,1,0,1
8537,65254,1,0,0,0
8538,220628,0,1,0,1
8539,263572,1,0,0,0
8540,266945,0,1,0,0
8541,286415,0,1,0,1
8542,80041,1,0,0,0
8543,238931,1,0,0,1
8544,157426,0,0,0,1
8545,236917,0,1,0,0
8546,224801,1,0,0,0
8547,238976,1,0,0,1
8548,288317,0,1,0,0
8549,110086,0,1,0,1
8550,247875,1,0,0,0
8551,286454,0,1,1,0
8552,232232,0,1,0,0
8553,54716,1,0,0,0
8554,97721,0,0,0,1
8555,132061,0,1,0,0
8556,45697,0,1,1,0
8557,192152,0,0,0,1
8558,234780,1,0,0,0
8559,84455,0,1,0,0
8560,243276,0,1,1,0
8561,134269,1,0,0,0
8562,9993,0,1,0,1
8563,184225,0,1,0,0
8564,1936,0,1,0,1
8565,183896,0,1,0,1
8566,208033,0,1,0,1
8567,23936,1,0,0,0
8568,230785,0,1,0,0
8569,168192,0,1,0,1
8570,94402,1,0,0,1
8571,105440,1,0,0,0
8572,150851,0,1,0,0
8573,119732,1,0,0,0
8574,235553,0,1,0,0
8575,240670,0,1,0,1
8576,155351,1,0,0,0
8577,140302,0,1,0,1
8578,265111,0,1,0,0
8579,83506,1,0,0,0
8580,30878,0,1,1,0
8581,198095,0,1,0,0
8582,235842,1,0,0,0
8583,35721,0,1,0,0
8584,276602,1,0,0,0
8585,151075,0,1,1,0
8586,272494,0,1,0,0
8587,122223,1,0,0,0
8588,209995,0,1,0,1
8589,178864,0,0,0,1
8590,183760,1,0,0,0
8591,84300,0,1,0,0
8592,249435,1,0,0,1
8593,82904,0,1,1,0
8594,294946,1,0,0,0
8595,106276,0,1,0,0
8596,256452,1,0,0,0
8597,83029,0,1,1,0
8598,108865,0,1,0,1
8599,9762,0,1,0,0
8600,57190,1,0,0,0
8601,26602,0,1,1,0
8602,192515,1,0,0,1
8603,61647,0,1,0,0
8604,14339,0,1,1,0
8605,195741,1,0,0,0
8606,35226,0,0,0,1
8607,259575,1,0,0,1
8608,252193,0,1,0,0
8609,163785,0,1,0,1
8610,169260,1,0,0,0
8611,203684,0,1,0,0
8612,164865,0,1,1,0
8613,59034,0,1,0,0
8614,171422,1,0,0,0
8615,66217,1,0,0,0
8616,213770,0,0,0,1
8617,133842,0,1,0,0
8618,216199,1,0,0,0
8619,98482,0,1,0,0
8620,242236,1,0,0,0
8621,109301,0,1,1,0
8622,65876,0,1,0,0
8623,53176,0,1,1,0
8624,193480,0,1,0,1
8625,185187,1,0,0,0
8626,237933,0,0,0,1
8627,188495,0,1,0,0
8628,1130,1,0,0,0
8629,219543,0,1,0,0
8630,207741,1,0,0,0
8631,138844,1,0,0,1
8632,197261,0,1,0,0
8633,171959,0,1,1,0
8634,271697,1,0,0,0
8635,133882,0,1,0,0
8636,175031,1,0,0,0
8637,67446,0,1,0,0
8638,243967,0,1,1,0
8639,270702,1,0,0,0
8640,259147,0,1,0,0
8641,239423,1,0,0,1
8642,39760,0,1,1,0
8643,239328,1,0,0,0
8644,222104,1,0,0,1
8645,86453,0,1,0,0
8646,192273,1,0,0,0
8647,40226,1,0,0,1
8648,95694,0,1,1,0
8649,261103,0,1,0,1
8650,219644,0,1,1,0
8651,276932,0,1,0,0
8652,8468,1,0,0,0
8653,182060,0,1,0,1
8654,252682,1,0,0,0
8655,11871,0,1,0,0
8656,95697,1,0,0,0
8657,28263,0,1,0,0
8658,48796,0,0,0,1
8659,142587,1,0,0,0
8660,45523,0,1,0,0
8661,41432,1,0,0,0
8662,267790,0,1,0,0
8663,4238,1,0,0,1
8664,151598,0,1,0,0
8665,108049,1,0,0,0
8666,20986,0,1,0,1
8667,287449,0,0,0,1
8668,128388,1,0,0,0
8669,154967,0,0,0,1
8670,234626,0,1,1,0
8671,215363,0,1,1,0
8672,193730,0,1,0,0
8673,23016,0,1,1,0
8674,65007,1,0,0,0
8675,28720,1,0,0,1
8676,245531,0,1,0,0
8677,220289,1,0,0,1
8678,46868,1,0,0,1
8679,204380,1,0,0,0
8680,123814,0,1,0,0
8681,218207,1,0,0,1
8682,156527,0,0,0,1
8683,228134,1,0,0,0
8684,256124,1,0,0,1
8685,260739,0,1,1,0
8686,154110,1,0,0,1
8687,58345,0,1,0,0
8688,67018,1,0,0,0
8689,189155,0,1,1,0
8690,201784,1,0,0,0
8691,215885,0,1,0,0
8692,238355,1,0,0,0
8693,162919,0,1,1,0
8694,109496,0,1,0,0
8695,89612,1,0,0,0
8696,183833,0,1,0,0
8697,107569,0,1,1,0
8698,165938,1,0,0,0
8699,131053,0,0,0,1
8700,96809,0,1,0,0
8701,63293,0,0,0,1
8702,187466,1,0,0,0
8703,12284,0,1,1,0
8704,174513,0,1,0,0
8705,40414,0,1,0,1
8706,123944,0,1,0,0
8707,47010,1,0,0,0
8708,13831,1,0,0,1
8709,194406,0,1,1,0
8710,19773,1,0,0,0
8711,78536,0,1,0,0
8712,206405,0,1,1,0
8713,88707,1,0,0,0
8714,254901,0,0,0,1
8715,82125,0,1,0,0
8716,191187,1,0,0,0
8717,251208,1,0,0,1
8718,213759,0,1,0,1
8719,172222,0,1,0,0
8720,144521,1,0,0,1
8721,140772,1,0,0,0
8722,507,0,1,0,1
8723,172732,0,1,0,1
8724,196738,1,0,0,0
8725,29724,0,1,0,1
8726,70885,0,1,0,0
8727,131974,0,1,1,0
8728,251154,1,0,0,0
8729,250435,0,1,0,0
8730,23950,0,0,0,1
8731,196677,0,1,1,0
8732,69040,1,0,0,0
8733,154699,0,1,1,0
8734,53165,0,1,1,0
8735,17573,0,1,1,0
8736,127104,0,1,0,0
8737,226057,1,0,0,0
8738,52573,0,1,0,0
8739,80381,0,0,0,1
8740,176064,1,0,0,0
8741,117904,1,0,0,1
8742,25959,0,1,0,0
8743,59240,0,1,1,0
8744,107927,1,0,0,0
8745,114782,1,0,0,1
8746,140027,0,1,0,0
8747,257231,1,0,0,0
8748,82913,0,1,0,0
8749,65581,0,1,1,0
8750,160751,0,1,1,0
8751,145057,1,0,0,0
8752,111178,1,0,0,1
8753,227556,0,1,0,0
8754,34931,1,0,0,0
8755,166583,1,0,0,1
8756,12575,0,1,0,0
8757,114792,1,0,0,0
8758,22620,0,1,1,0
8759,99675,0,1,1,0
8760,216663,0,0,0,1
8761,149226,1,0,0,0
8762,192839,0,1,0,0
8763,132254,0,1,1,0
8764,218752,1,0,0,1
8765,95029,1,0,0,0
8766,158274,0,1,0,0
8767,287640,1,0,0,0
8768,78314,0,0,0,1
8769,228460,0,0,0,1
8770,128066,1,0,0,1
8771,266456,1,0,0,0
8772,176668,0,1,0,0
8773,136126,0,1,1,0
8774,100946,1,0,0,0
8775,121355,0,1,0,0
8776,51608,0,1,0,0
8777,223355,0,1,1,0
8778,27820,1,0,0,0
8779,102229,0,1,1,0
8780,81386,0,1,0,1
8781,198896,0,1,1,0
8782,45925,0,1,0,1
8783,109787,0,1,0,0
8784,254289,1,0,0,0
8785,62262,0,1,0,0
8786,105737,1,0,0,1
8787,258895,1,0,0,0
8788,201303,0,1,0,0
8789,102453,0,0,0,1
8790,234096,0,1,1,0
8791,293883,1,0,0,0
8792,171287,0,1,0,0
8793,241262,0,1,1,0
8794,258412,1,0,0,0
8795,251429,1,0,0,1
8796,215884,0,1,0,0
8797,15244,1,0,0,0
8798,265329,1,0,0,1
8799,148339,0,1,1,0
8800,137589,0,1,0,0
8801,194134,1,0,0,0
8802,135314,0,1,1,0
8803,127688,1,0,0,1
8804,82964,0,1,0,0
8805,4438,1,0,0,1
8806,82847,1,0,0,0
8807,115713,0,1,0,1
8808,136811,0,1,0,0
8809,225879,1,0,0,0
8810,291411,0,1,0,0
8811,123404,0,1,1,0
8812,15595,1,0,0,0
8813,287002,0,1,0,1
8814,98016,0,1,0,0
8815,1525,0,1,1,0
8816,291534,1,0,0,0
8817,174420,0,1,0,1
8818,245237,0,1,0,0
8819,22374,1,0,0,0
8820,35015,0,1,0,1
8821,106270,0,1,0,0
8822,266810,1,0,0,0
8823,210349,0,1,0,0
8824,154631,1,0,0,0
8825,205502,1,0,0,1
8826,159321,0,1,0,0
8827,164008,0,1,1,0
8828,215726,0,1,0,1
8829,143184,1,0,0,0
8830,208495,0,1,1,0
8831,128150,0,1,0,0
8832,254788,1,0,0,0
8833,220740,1,0,0,1
8834,133558,0,1,0,1
8835,240816,0,1,0,0
8836,2794,1,0,0,0
8837,2286,1,0,0,0
8838,178929,0,1,0,0
8839,112586,0,1,1,0
8840,188471,1,0,0,0
8841,119862,0,1,0,0
8842,50581,1,0,0,1
8843,137956,1,0,0,0
8844,169620,1,0,0,1
8845,221496,0,1,0,0
8846,238272,0,1,1,0
8847,246640,1,0,0,0
8848,48806,1,0,0,1
8849,63188,0,1,0,0
8850,223923,1,0,0,0
8851,180656,1,0,0,1
8852,52168,1,0,0,0
8853,176088,0,1,0,0
8854,139832,0,1,1,0
8855,135516,1,0,0,0
8856,119266,0,1,0,0
8857,140154,0,1,0,1
8858,92221,0,1,0,0
8859,60525,1,0,0,0
8860,30420,0,0,0,1
8861,208797,0,1,1,0
8862,70836,0,0,0,1
8863,289466,0,1,0,0
8864,106606,1,0,0,0
8865,101596,0,1,1,0
8866,3858,1,0,0,1
8867,28603,0,1,0,0
8868,44122,1,0,0,0
8869,86145,0,1,0,1
8870,122496,0,1,0,1
8871,101168,1,0,0,1
8872,208424,0,1,1,0
8873,2813,1,0,0,0
8874,208003,0,1,0,0
8875,26977,0,1,1,0
8876,9412,0,1,0,1
8877,220969,0,1,0,0
8878,57521,1,0,0,1
8879,68128,1,0,0,0
8880,116149,0,1,0,0
8881,253537,1,0,0,0
8882,143244,1,0,0,0
8883,193422,0,1,0,0
8884,208458,0,1,1,0
8885,241418,1,0,0,1
8886,108707,0,1,0,0
8887,31054,1,0,0,0
8888,12296,1,0,0,1
8889,133256,0,1,1,0
8890,31312,0,1,0,0
8891,86374,0,1,0,1
8892,37861,1,0,0,0
8893,160801,0,1,0,0
8894,260689,1,0,0,0
8895,186147,0,1,0,0
8896,233435,0,1,0,1
8897,241741,1,0,0,0
8898,44467,1,0,0,1
8899,60856,0,1,0,0
8900,212006,0,1,1,0
8901,30164,1,0,0,0
8902,101106,0,1,0,1
8903,208821,1,0,0,0
8904,74359,0,1,0,0
8905,235446,1,0,0,0
8906,150066,0,1,0,1
8907,169785,1,0,0,0
8908,9228,0,1,0,0
8909,126657,0,0,0,1
8910,233697,0,1,1,0
8911,9580,1,0,0,0
8912,205113,0,1,0,0
8913,57777,0,1,0,1
8914,224148,1,0,0,0
8915,32501,0,1,0,0
8916,19579,1,0,0,1
8917,267683,1,0,0,0
8918,59687,1,0,0,1
8919,119632,0,1,0,0
8920,129872,0,1,1,0
8921,124398,1,0,0,0
8922,75880,0,1,0,1
8923,234203,0,1,0,0
8924,262379,0,1,0,1
8925,73019,0,0,0,1
8926,28486,0,1,1,0
8927,158957,1,0,0,0
8928,257091,0,1,0,0
8929,13288,1,0,0,0
8930,97843,0,1,1,0
8931,42291,0,1,1,0
8932,27614,0,1,0,1
8933,59329,0,1,1,0
8934,142150,0,1,0,0
8935,34473,1,0,0,0
8936,203865,0,1,0,0
8937,248431,1,0,0,1
8938,10428,0,1,1,0
8939,237455,1,0,0,0
8940,75655,1,0,0,1
8941,143910,0,1,0,0
8942,57706,0,1,1,0
8943,211719,1,0,0,0
8944,174544,0,1,0,0
8945,195103,0,1,0,1
8946,95514,1,0,0,0
8947,27165,0,1,0,0
8948,197816,1,0,0,0
8949,8730,0,0,0,1
8950,130889,0,0,0,1
8951,60753,0,1,0,0
8952,211482,1,0,0,1
8953,110134,0,0,0,1
8954,130046,0,1,1,0
8955,243363,1,0,0,0
8956,193381,0,1,0,0
8957,41709,1,0,0,1
8958,227847,0,0,0,1
8959,106184,1,0,0,0
8960,149736,0,1,0,1
8961,160085,0,1,0,0
8962,32622,1,0,0,0
8963,162975,0,1,0,0
8964,266721,1,0,0,0
8965,105471,1,0,0,1
8966,78001,0,1,0,1
8967,196047,0,1,1,0
8968,258494,1,0,0,0
8969,101968,0,0,0,1
8970,54658,0,1,0,0
8971,43707,1,0,0,0
8972,203262,1,0,0,1
8973,85584,1,0,0,0
8974,256599,0,1,0,0
8975,254604,0,0,0,1
8976,81692,1,0,0,0
8977,132594,0,1,0,0
8978,149341,0,1,0,1
8979,256374,1,0,0,0
8980,12922,0,1,0,1
8981,238448,0,1,0,0
8982,204169,0,1,1,0
8983,231854,1,0,0,1
8984,228796,1,0,0,0
8985,9900,0,1,0,1
8986,639,0,1,0,0
8987,139477,1,0,0,0
8988,104026,0,1,0,1
8989,88658,0,1,0,0
8990,21283,1,0,0,1
8991,159325,1,0,0,1
8992,100857,1,0,0,0
8993,1101,0,1,1,0
8994,9049,1,0,0,1
8995,27960,0,0,0,1
8996,123067,1,0,0,0
8997,187705,0,1,1,0
8998,277049,0,1,0,0
8999,21133,1,0,0,0
9000,8719,0,1,1,0
9001,170409,0,1,0,0
9002,256095,1,0,0,1
9003,88835,0,1,1,0
9004,40117,1,0,0,0
9005,41191,0,1,0,0
9006,101844,0,1,1,0
9007,97572,0,1,0,1
9008,12420,1,0,0,0
9009,121815,0,1,0,0
9010,76177,0,1,0,0
9011,118789,0,1,1,0
9012,167311,0,1,1,0
9013,115016,1,0,0,0
9014,260599,0,1,1,0
9015,16607,0,1,0,1
9016,90610,0,1,0,0
9017,162887,1,0,0,0
9018,157562,1,0,0,1
9019,212904,0,1,1,0
9020,179282,1,0,0,0
9021,99045,1,0,0,1
9022,181954,0,1,0,0
9023,294459,1,0,0,0
9024,106643,0,1,1,0
9025,138587,0,1,0,0
9026,18092,0,1,1,0
9027,210734,1,0,0,0
9028,175605,0,1,1,0
9029,253558,0,1,0,0
9030,97058,1,0,0,0
9031,98533,0,1,1,0
9032,24449,0,1,1,0
9033,50198,0,1,0,0
9034,185846,0,1,1,0
9035,32406,0,0,0,1
9036,101868,1,0,0,0
9037,84115,0,1,0,0
9038,75759,0,1,0,1
9039,128687,1,0,0,0
9040,17835,0,1,1,0
9041,41105,0,1,0,0
9042,16954,0,1,1,0
9043,217169,1,0,0,0
9044,289769,0,1,0,0
9045,5557,1,0,0,1
9046,48851,1,0,0,1
9047,90073,1,0,0,0
9048,86013,0,1,1,0
9049,182173,0,1,1,0
9050,208846,0,1,0,1
9051,101881,1,0,0,0
9052,99396,0,1,0,0
9053,252793,0,0,0,1
9054,81329,1,0,0,0
9055,170851,1,0,0,1
9056,80103,0,1,0,0
9057,31109,1,0,0,0
9058,83938,0,1,0,0
9059,277701,1,0,0,1
9060,218400,1,0,0,0
9061,7896,0,1,0,0
9062,1017,1,0,0,0
9063,49743,1,0,0,0
9064,270778,0,1,0,0
9065,210371,1,0,0,1
9066,52979,1,0,0,0
9067,132283,0,1,0,0
9068,27849,0,1,0,1
9069,254353,0,1,1,0
9070,77982,0,1,1,0
9071,98250,0,1,0,0
9072,5390,1,0,0,0
9073,148386,1,0,0,1
9074,263569,1,0,0,1
9075,181277,0,1,0,0
9076,109108,1,0,0,0
9077,77362,0,1,0,0
9078,47280,1,0,0,0
9079,71044,1,0,0,1
9080,230522,1,0,0,0
9081,83045,0,1,0,0
9082,138582,1,0,0,1
9083,257853,1,0,0,0
9084,265325,0,1,0,0
9085,105758,0,1,1,0
9086,42198,1,0,0,0
9087,251795,1,0,0,1
9088,157739,0,1,0,0
9089,18320,0,1,1,0
9090,49696,0,1,0,1
9091,52301,1,0,0,0
9092,122493,0,1,1,0
9093,265004,1,0,0,1
9094,41724,0,1,0,0
9095,79315,1,0,0,0
9096,237369,0,1,0,1
9097,279172,0,1,0,1
9098,72906,0,1,0,0
9099,277331,1,0,0,0
9100,183403,1,0,0,0
9101,196414,0,1,0,0
9102,94350,1,0,0,1
9103,60775,1,0,0,0
9104,214896,0,1,0,0
9105,92351,1,0,0,1
9106,159339,0,1,1,0
9107,122086,1,0,0,0
9108,211951,0,1,0,0
9109,212794,0,1,0,1
9110,258555,1,0,0,0
9111,118740,0,1,1,0
9112,46889,0,1,0,0
9113,207817,1,0,0,0
9114,98298,0,0,0,1
9115,50003,1,0,0,1
9116,25075,0,1,1,0
9117,152052,0,1,0,0
9118,262359,1,0,0,0
9119,125985,1,0,0,1
9120,26416,0,1,0,0
9121,184826,0,1,1,0
9122,248354,0,0,0,1
9123,196544,1,0,0,0
9124,100494,0,1,1,0
9125,152822,0,1,1,0
9126,185820,0,1,0,0
9127,15868,1,0,0,0
9128,68480,0,1,0,1
9129,236819,0,1,1,0
9130,53190,1,0,0,1
9131,31887,1,0,0,0
9132,33699,0,1,0,0
9133,260065,0,0,0,1
9134,175232,1,0,0,1
9135,577,0,1,1,0
9136,3906,1,0,0,0
9137,163199,0,1,1,0
9138,163948,0,1,0,0
9139,116391,1,0,0,0
9140,220233,0,1,0,0
9141,181987,0,1,0,1
9142,231493,0,1,1,0
9143,16191,0,1,1,0
9144,111846,1,0,0,1
9145,5241,0,1,0,0
9146,275052,0,1,0,1
9147,276269,1,0,0,0
9148,75553,0,1,0,1
9149,37341,1,0,0,0
9150,223600,0,1,0,0
9151,222091,0,1,1,0
9152,4148,1,0,0,0
9153,53393,0,1,0,0
9154,16797,0,1,0,1
9155,100708,0,1,0,0
9156,111864,0,1,1,0
9157,245221,1,0,0,0
9158,223090,0,1,0,1
9159,129695,0,1,1,0
9160,197865,1,0,0,0
9161,201094,0,1,0,1
9162,128195,0,0,0,1
9163,41997,1,0,0,0
9164,32075,0,1,0,0
9165,206345,0,1,0,1
9166,246374,1,0,0,0
9167,95044,1,0,0,1
9168,242387,0,1,0,1
9169,254219,0,1,1,0
9170,232387,0,1,0,0
9171,23893,1,0,0,0
9172,24286,0,0,0,1
9173,242755,0,1,0,1
9174,145384,1,0,0,0
9175,194293,0,1,0,0
9176,19459,1,0,0,0
9177,25676,0,1,0,0
9178,22746,1,0,0,0
9179,223731,0,1,0,0
9180,193948,0,1,1,0
9181,217752,0,1,0,1
9182,24762,0,1,1,0
9183,49973,1,0,0,1
9184,76637,1,0,0,0
9185,160484,0,1,0,0
9186,194233,1,0,0,0
9187,294,1,0,0,1
9188,39202,0,1,0,0
9189,256415,1,0,0,0
9190,210299,1,0,0,1
9191,20909,0,1,0,0
9192,58348,1,0,0,0
9193,193737,0,1,0,1
9194,207450,0,1,0,0
9195,31982,0,1,1,0
9196,267548,1,0,0,0
9197,62057,1,0,0,1
9198,122126,0,1,1,0
9199,181036,1,0,0,0
9200,209487,0,1,0,0
9201,81965,1,0,0,1
9202,79384,0,0,0,1
9203,261272,1,0,0,0
9204,59145,0,1,0,0
9205,148237,0,1,0,1
9206,39913,1,0,0,0
9207,282233,0,1,1,0
9208,29816,1,0,0,1
9209,81163,1,0,0,0
9210,98350,0,1,1,0
9211,20017,0,1,1,0
9212,9857,0,1,0,0
9213,58149,1,0,0,0
9214,102521,0,1,0,0
9215,225994,1,0,0,1
9216,36641,1,0,0,0
9217,51799,0,1,0,1
9218,13301,0,1,0,0
9219,37162,1,0,0,1
9220,51653,1,0,0,0
9221,213229,0,1,0,0
9222,87042,1,0,0,0
9223,195494,1,0,0,1
9224,4384,0,1,0,0
9225,135996,1,0,0,0
9226,267268,0,1,0,0
9227,112579,0,1,1,0
9228,10316,0,1,0,0
9229,25098,1,0,0,0
9230,131041,0,0,0,1
9231,133947,0,1,0,1
9232,122691,1,0,0,0
9233,199907,0,1,0,0
9234,117906,0,1,1,0
9235,80726,0,1,0,1
9236,172140,0,1,1,0
9237,27495,1,0,0,0
9238,62578,0,1,0,0
9239,23096,0,1,0,1
9240,54291,1,0,0,0
9241,45655,0,1,0,0
9242,195084,0,1,1,0
9243,169073,1,0,0,0
9244,132776,1,0,0,1
9245,126985,0,1,0,0
9246,225424,0,1,1,0
9247,139058,1,0,0,1
9248,136933,0,1,1,0
9249,238494,0,1,0,0
9250,194533,1,0,0,0
9251,160628,0,1,1,0
9252,247850,0,1,0,0
9253,245355,1,0,0,0
9254,4820,0,1,0,1
9255,264378,0,1,1,0
9256,291219,0,1,0,0
9257,113096,0,1,1,0
9258,213286,1,0,0,0
9259,70054,0,1,0,1
9260,69628,0,1,0,0
9261,148551,1,0,0,0
9262,140603,1,0,0,0
9263,161665,0,1,0,0
9264,97222,0,1,0,1
9265,223739,1,0,0,0
9266,51846,0,1,0,0
9267,280030,1,0,0,0
9268,119014,1,0,0,1
9269,76162,0,1,0,0
9270,38098,1,0,0,0
9271,32418,0,1,0,0
9272,210980,1,0,0,1
9273,225979,1,0,0,0
9274,183465,0,1,0,1
9275,168537,1,0,0,0
9276,12258,0,1,0,0
9277,156327,0,1,0,1
9278,156361,0,1,1,0
9279,113153,0,1,1,0
9280,169471,0,1,0,0
9281,160541,1,0,0,0
9282,242717,0,1,0,1
9283,209711,0,1,0,0
9284,54813,1,0,0,0
9285,2796,0,0,0,1
9286,143670,0,1,1,0
9287,164362,0,1,0,0
9288,222149,1,0,0,0
9289,157955,0,1,0,1
9290,68177,0,1,0,0
9291,133014,0,1,0,1
9292,77673,1,0,0,0
9293,111312,1,0,0,1
9294,230443,0,1,0,0
9295,119663,1,0,0,0
9296,80123,0,1,0,0
9297,272752,1,0,0,0
9298,144087,0,1,0,0
9299,233334,1,0,0,0
9300,166739,0,1,1,0
9301,35224,0,1,0,0
9302,184344,1,0,0,0
9303,244211,0,0,0,1
9304,219442,0,1,0,0
9305,286567,1,0,0,0
9306,62962,1,0,0,1
9307,65048,0,1,1,0
9308,282540,0,1,1,0
9309,251883,0,1,0,1
9310,175190,0,1,1,0
9311,273836,1,0,0,0
9312,136660,0,1,0,0
9313,58023,0,1,0,1
9314,102541,1,0,0,0
9315,109802,0,1,0,0
9316,79420,1,0,0,0
9317,108889,0,1,0,1
9318,126529,0,1,0,0
9319,99846,0,1,0,1
9320,191680,1,0,0,0
9321,167290,0,1,0,0
9322,210818,0,1,1,0
9323,135064,0,1,1,0
9324,25031,0,1,0,0
9325,70625,1,0,0,0
9326,54996,0,1,0,0
9327,195714,1,0,0,0
9328,232164,0,1,1,0
9329,59226,0,1,0,0
9330,113748,1,0,0,0
9331,254193,0,0,0,1
9332,25540,0,1,0,0
9333,33502,1,0,0,0
9334,127762,0,1,1,0
9335,180875,1,0,0,1
9336,219096,1,0,0,1
9337,76770,0,1,0,0
9338,279119,1,0,0,0
9339,219750,0,1,1,0
9340,172693,0,1,0,1
9341,264796,1,0,0,0
9342,106569,0,1,0,0
9343,33811,1,0,0,1
9344,66325,0,1,1,0
9345,188923,1,0,0,1
9346,62959,1,0,0,0
9347,176746,0,1,0,0
9348,168414,1,0,0,0
9349,176860,0,1,0,0
9350,37767,1,0,0,1
9351,250422,1,0,0,1
9352,122357,1,0,0,0
9353,238135,0,1,1,0
9354,17143,0,1,0,0
9355,131799,0,1,0,1
9356,125903,0,1,0,1
9357,170331,0,1,0,0
9358,159758,1,0,0,0
9359,141741,0,1,0,0
9360,220412,1,0,0,0
9361,119220,0,1,0,0
9362,174610,1,0,0,0
9363,98499,0,1,0,0
9364,6632,0,1,0,1
9365,42047,1,0,0,0
9366,154842,0,1,0,1
9367,137741,0,1,0,0
9368,229440,1,0,0,0
9369,127373,0,1,1,0
9370,3004,0,1,1,0
9371,64007,0,1,1,0
9372,163632,1,0,0,1
9373,95191,0,1,0,0
9374,32906,1,0,0,0
9375,18463,0,1,0,0
9376,283447,0,1,0,1
9377,103649,1,0,0,0
9378,34672,0,1,0,0
9379,93483,0,1,1,0
9380,91056,1,0,0,0
9381,88667,0,1,0,0
9382,112189,1,0,0,0
9383,254302,1,0,0,1
9384,85603,0,1,0,0
9385,164209,1,0,0,1
9386,178712,0,1,1,0
9387,171200,1,0,0,0
9388,106536,0,1,1,0
9389,128071,0,1,0,0
9390,160800,1,0,0,0
9391,136777,0,1,0,1
9392,19501,0,0,0,1
9393,67264,1,0,0,0
9394,190553,0,1,0,0
9395,113065,1,0,0,0
9396,127534,0,1,1,0
9397,137151,0,1,0,0
9398,173500,1,0,0,0
9399,89476,0,1,0,1
9400,209657,0,1,0,0
9401,99861,1,0,0,0
9402,170280,0,1,1,0
9403,86771,0,0,0,1
9404,5315,0,1,1,0
9405,227535,0,1,1,0
9406,22354,0,1,1,0
9407,205814,0,1,0,0
9408,291572,0,1,1,0
9409,198432,1,0,0,0
9410,69482,1,0,0,1
9411,196431,1,0,0,0
9412,241754,0,1,0,0
9413,156301,1,0,0,0
9414,277803,0,1,0,0
9415,156197,0,0,0,1
9416,31745,0,1,1,0
9417,40505,0,1,0,0
9418,22187,1,0,0,1
9419,10034,1,0,0,0
9420,49677,0,1,1,0
9421,60834,0,1,0,0
9422,228520,1,0,0,0
9423,83251,1,0,0,1
9424,209011,0,1,1,0
9425,184246,0,1,0,0
9426,41669,0,1,0,1
9427,200996,1,0,0,0
9428,222030,0,1,1,0
9429,172172,0,1,1,0
9430,201719,0,1,0,0
9431,291590,1,0,0,0
9432,110745,1,0,0,1
9433,65965,1,0,0,1
9434,178030,0,1,0,0
9435,17704,1,0,0,0
9436,150223,0,1,0,1
9437,195931,0,1,0,0
9438,184828,1,0,0,0
9439,151799,1,0,0,0
9440,256144,0,1,0,0
9441,18021,1,0,0,1
9442,156610,1,0,0,0
9443,84327,1,0,0,1
9444,140817,0,1,0,1
9445,69651,0,1,1,0
9446,150699,1,0,0,0
9447,43670,0,1,0,0
9448,105994,0,1,0,1
9449,193414,0,1,0,0
9450,64701,1,0,0,0
9451,216611,1,0,0,0
9452,62725,0,1,0,0
9453,16132,0,1,1,0
9454,251468,1,0,0,0
9455,84740,0,1,0,1
9456,275074,0,1,0,0
9457,156830,1,0,0,0
9458,163215,1,0,0,1
9459,58465,1,0,0,0
9460,61401,0,1,0,0
9461,263622,1,0,0,0
9462,114132,1,0,0,1
9463,122014,0,1,1,0
9464,288547,1,0,0,1
9465,134111,0,0,0,1
9466,220098,0,1,0,0
9467,128660,1,0,0,0
9468,123740,0,1,1,0
9469,167453,0,1,0,0
9470,248649,0,0,0,1
9471,255292,1,0,0,0
9472,121330,0,1,0,1
9473,95127,0,1,0,0
9474,282466,1,0,0,0
9475,101552,0,1,0,0
9476,223757,0,0,0,1
9477,239589,0,1,1,0
9478,58610,1,0,0,0
9479,228516,0,0,0,1
9480,152092,0,1,0,0
9481,206556,1,0,0,0
9482,56614,1,0,0,1
9483,125813,0,1,0,0
9484,163879,1,0,0,0
9485,264550,0,1,0,1
9486,190549,1,0,0,1
9487,265057,0,1,0,0
9488,184241,1,0,0,0
9489,60619,0,1,0,1
9490,185771,1,0,0,0
9491,278768,0,1,0,0
9492,61542,1,0,0,1
9493,1267,1,0,0,0
9494,181543,0,1,0,0
9495,160643,1,0,0,0
9496,210578,0,1,1,0
9497,255919,0,1,0,0
9498,195522,1,0,0,0
9499,200430,0,1,0,0
9500,18708,0,1,1,0
9501,117643,0,1,1,0
9502,168031,1,0,0,0
9503,197206,0,1,1,0
9504,12775,0,1,0,0
9505,72232,1,0,0,0
9506,238671,0,1,0,0
9507,270445,1,0,0,0
9508,95642,0,0,0,1
9509,156896,1,0,0,1
9510,90250,0,1,1,0
9511,275110,0,1,1,0
9512,160977,0,1,0,1
9513,39057,0,1,0,1
9514,34119,0,1,0,0
9515,70814,1,0,0,0
9516,89178,0,0,0,1
9517,245945,0,1,0,0
9518,97051,0,1,1,0
9519,150467,1,0,0,1
9520,54799,0,1,0,1
9521,166387,1,0,0,0
9522,205216,0,1,1,0
9523,194805,0,1,0,0
9524,116421,1,0,0,0
9525,86393,0,1,0,0
9526,89171,0,0,0,1
9527,116037,1,0,0,0
9528,224742,0,1,1,0
9529,101651,0,1,0,0
9530,59823,1,0,0,1
9531,77105,1,0,0,1
9532,127138,1,0,0,0
9533,207389,0,1,1,0
9534,172048,0,1,0,0
9535,110606,1,0,0,0
9536,87935,0,1,0,0
9537,73476,0,1,0,1
9538,224940,1,0,0,0
9539,61081,0,1,1,0
9540,15807,0,1,0,0
9541,286549,0,1,1,0
9542,132714,1,0,0,1
9543,54707,1,0,0,0
9544,89157,0,1,0,0
9545,7472,1,0,0,1
9546,103122,0,1,0,1
9547,227899,1,0,0,1
9548,52970,1,0,0,0
9549,37943,0,1,0,0
9550,51804,1,0,0,0
9551,145220,0,1,0,0
9552,212070,0,1,0,1
9553,55060,1,0,0,0
9554,111963,1,0,0,1
9555,210372,1,0,0,1
9556,94601,1,0,0,1
9557,199703,0,1,0,0
9558,249308,1,0,0,0
9559,135892,0,1,0,1
9560,275901,0,1,0,0
9561,52295,1,0,0,1
9562,204987,0,1,0,1
9563,82903,1,0,0,0
9564,52237,0,1,1,0
9565,25533,0,1,0,0
9566,47994,1,0,0,0
9567,206817,1,0,0,1
9568,222278,0,1,0,0
9569,165484,1,0,0,1
9570,168343,1,0,0,0
9571,23609,0,1,0,0
9572,163542,1,0,0,1
9573,45327,0,1,0,0
9574,262283,1,0,0,0
9575,232985,1,0,0,1
9576,246659,1,0,0,0
9577,211225,0,1,1,0
9578,10542,0,1,0,0
9579,166135,1,0,0,1
9580,81932,1,0,0,0
9581,122198,0,1,0,0
9582,141436,1,0,0,0
9583,94379,1,0,0,0
9584,236671,0,1,0,0
9585,13841,1,0,0,1
9586,175013,0,1,0,0
9587,222230,1,0,0,0
9588,207248,1,0,0,0
9589,94437,0,1,0,0
9590,209721,1,0,0,1
9591,174184,0,1,0,0
9592,136908,0,1,1,0
9593,239650,1,0,0,0
9594,59352,0,0,0,1
9595,150621,1,0,0,1
9596,165157,0,1,0,0
9597,163517,0,0,0,1
9598,151940,1,0,0,0
9599,218894,0,1,0,0
9600,179564,0,1,0,1
9601,161047,1,0,0,0
9602,58241,0,1,0,0
9603,153236,0,1,0,1
9604,184712,1,0,0,0
9605,128685,1,0,0,1
9606,61163,0,1,0,1
9607,200556,0,1,0,0
9608,135018,1,0,0,1
9609,213237,1,0,0,0
9610,44875,0,1,0,1
9611,49123,0,1,0,0
9612,226201,0,1,0,1
9613,74827,1,0,0,0
9614,20660,0,1,1,0
9615,34952,0,1,1,0
9616,61775,0,1,0,0
9617,218790,0,1,1,0
9618,194798,1,0,0,0
9619,261943,0,1,0,1
9620,216762,0,1,0,0
9621,294725,0,1,1,0
9622,126220,1,0,0,1
9623,227329,1,0,0,1
9624,203394,1,0,0,0
9625,171441,1,0,0,0
9626,238478,0,1,0,0
9627,97264,1,0,0,1
9628,80472,0,1,1,0
9629,68524,0,1,1,0
9630,36452,0,1,0,1
9631,216480,0,1,0,0
9632,110346,1,0,0,0
9633,274642,0,1,1,0
9634,182263,0,1,1,0
9635,164709,1,0,0,1
9636,197249,0,1,0,0
9637,109766,0,1,1,0
9638,50588,0,0,0,1
9639,178870,1,0,0,0
9640,13628,0,0,0,1
9641,220968,0,1,0,0
9642,111218,1,0,0,0
9643,221368,0,1,1,0
9644,144416,0,1,0,0
9645,7069,1,0,0,1
9646,55868,1,0,0,0
9647,238866,0,1,0,1
9648,51344,1,0,0,1
9649,160182,0,1,0,0
9650,117732,0,1,1,0
9651,68671,1,0,0,0
9652,207610,1,0,0,0
9653,2644,0,1,0,0
9654,269636,1,0,0,1
9655,268483,1,0,0,0
9656,185966,0,1,0,0
9657,256756,1,0,0,0
9658,198568,0,1,0,1
9659,50809,0,1,0,0
9660,212959,0,1,0,1
9661,225805,1,0,0,0
9662,176418,0,1,0,0
9663,233225,0,1,1,0
9664,130070,0,1,0,1
9665,85930,0,0,0,1
9666,111549,1,0,0,0
9667,56959,0,0,0,1
9668,102639,0,1,1,0
9669,224782,0,1,0,0
9670,38437,0,1,1,0
9671,122837,0,1,1,0
9672,241746,1,0,0,1
9673,284779,1,0,0,0
9674,237377,0,1,0,0
9675,23540,0,1,1,0
9676,212032,1,0,0,1
9677,195501,0,1,0,1
9678,190772,1,0,0,0
9679,254688,0,0,0,1
9680,170279,0,1,0,0
9681,10448,1,0,0,1
9682,39694,0,1,0,0
9683,51487,0,0,0,1
9684,241247,1,0,0,0
9685,223785,0,1,0,0
9686,245520,0,1,0,1
9687,161469,1,0,0,0
9688,71206,1,0,0,1
9689,185411,0,1,0,0
9690,252647,1,0,0,0
9691,173955,0,1,0,0
9692,32108,1,0,0,0
9693,53450,0,1,0,1
9694,214216,0,1,1,0
9695,213677,0,1,0,0
9696,244572,0,1,1,0
9697,68891,1,0,0,0
9698,90417,0,1,0,0
9699,207012,0,0,0,1
9700,261617,1,0,0,0
9701,248657,0,0,0,1
9702,34630,1,0,0,0
9703,82710,0,1,0,0
9704,578,0,1,1,0
9705,21005,0,1,0,1
9706,188748,1,0,0,1
9707,4708,1,0,0,0
9708,168225,0,1,0,0
9709,161576,0,1,0,1
9710,262087,1,0,0,0
9711,153873,1,0,0,1
9712,39822,0,1,0,0
9713,160290,1,0,0,0
9714,23416,0,1,0,1
9715,112724,0,0,0,1
9716,60145,0,1,0,0
9717,152233,1,0,0,0
9718,77418,0,1,0,1
9719,171828,0,1,0,0
9720,86721,1,0,0,0
9721,210968,1,0,0,1
9722,120221,0,1,0,0
9723,203815,1,0,0,0
9724,242685,0,1,1,0
9725,162864,0,1,1,0
9726,105674,1,0,0,0
9727,114375,0,1,0,0
9728,213207,0,1,0,1
9729,26451,0,1,1,0
9730,210176,1,0,0,1
9731,221188,1,0,0,0
9732,126703,0,1,1,0
9733,239640,0,1,0,0
9734,7488,0,0,0,1
9735,94783,1,0,0,0
9736,113631,0,1,0,0
9737,179098,0,1,1,0
9738,36464,1,0,0,0
9739,282268,1,0,0,1
9740,269109,0,0,0,1
9741,197116,0,1,0,0
9742,90736,1,0,0,0
9743,97948,1,0,0,1
9744,58878,0,1,0,0
9745,261666,0,1,0,1
9746,180641,0,1,0,1
9747,309,1,0,0,0
9748,271502,0,1,0,0
9749,258605,0,1,1,0
9750,72871,1,0,0,1
9751,16873,0,1,0,0
9752,195380,1,0,0,0
9753,285067,0,1,1,0
9754,78802,1,0,0,1
9755,82755,0,1,0,0
9756,283914,1,0,0,0
9757,106684,1,0,0,0
9758,151879,0,1,0,0
9759,184401,0,1,1,0
9760,71255,0,0,0,1
9761,288843,1,0,0,0
9762,73092,0,1,0,0
9763,140862,0,1,1,0
9764,200780,0,1,0,1
9765,247743,1,0,0,0
9766,136636,1,0,0,1
9767,211044,0,1,0,0
9768,62924,0,1,0,0
9769,97673,1,0,0,0
9770,118848,0,1,1,0
9771,200187,0,0,0,1
9772,272694,0,1,0,0
9773,129273,0,1,0,1
9774,16291,1,0,0,0
9775,228023,0,1,0,0
9776,286006,0,1,1,0
9777,162278,1,0,0,0
9778,186828,1,0,0,1
9779,89129,0,1,0,0
9780,119072,0,1,1,0
9781,238067,1,0,0,0
9782,213787,0,1,0,1
9783,79408,0,1,0,0
9784,98221,0,1,1,0
9785,71697,1,0,0,1
9786,242097,1,0,0,0
9787,198473,1,0,0,0
9788,241319,0,1,0,0
9789,194852,1,0,0,0
9790,58933,1,0,0,1
9791,78828,0,1,0,0
9792,68189,1,0,0,0
9793,176162,0,1,0,0
9794,88006,0,1,0,1
9795,149762,1,0,0,0
9796,32174,0,1,0,0
9797,171841,1,0,0,1
9798,120748,1,0,0,0
9799,86450,0,1,0,1
9800,157772,1,0,0,0
9801,106494,0,1,0,0
9802,220253,0,1,0,1
9803,112698,1,0,0,0
9804,152960,0,1,0,0
9805,235718,0,1,1,0
9806,136104,0,1,1,0
9807,6936,1,0,0,0
9808,89317,0,1,0,0
9809,56016,0,0,0,1
9810,92055,1,0,0,0
9811,224798,0,1,0,0
9812,76638,1,0,0,0
9813,237698,1,0,0,1
9814,113176,0,1,0,1
9815,232687,0,1,0,0
9816,25789,1,0,0,0
9817,212704,0,1,0,0
9818,10214,1,0,0,0
9819,177874,0,1,0,0
9820,184394,0,1,0,1
9821,65625,0,1,0,0
9822,129129,0,1,0,1
9823,216188,1,0,0,0
9824,95599,0,1,1,0
9825,154343,0,1,0,1
9826,58428,0,1,0,0
9827,38229,1,0,0,0
9828,115026,0,1,1,0
9829,184691,0,1,0,1
9830,35363,0,0,0,1
9831,116820,0,1,1,0
9832,39470,0,1,0,0
9833,154436,0,1,0,1
9834,164781,1,0,0,0
9835,243611,1,0,0,0
9836,169243,0,1,1,0
9837,138102,0,1,0,0
9838,151480,0,1,1,0
9839,40267,0,1,0,1
9840,38180,1,0,0,0
9841,281949,0,1,0,0
9842,71741,1,0,0,1
9843,80751,1,0,0,0
9844,63942,0,1,0,0
9845,241144,0,1,0,1
9846,230560,1,0,0,0
9847,11125,0,1,0,0
9848,186658,1,0,0,0
9849,14757,0,1,1,0
9850,196162,0,0,0,1
9851,166485,0,1,0,0
9852,166749,1,0,0,0
9853,127628,0,1,0,1
9854,150266,0,1,0,0
9855,193279,0,1,1,0
9856,31884,1,0,0,1
9857,260320,1,0,0,0
9858,200602,1,0,0,1
9859,144894,0,1,0,1
9860,265286,0,1,0,0
9861,224445,1,0,0,1
9862,1494,1,0,0,0
9863,164672,0,1,0,1
9864,90081,0,1,0,0
9865,203786,0,1,0,1
9866,151896,1,0,0,0
9867,119063,1,0,0,1
9868,205856,0,1,0,0
9869,87231,0,1,0,1
9870,38665,1,0,0,0
9871,22172,0,1,0,0
9872,206831,1,0,0,0
9873,141488,0,1,0,0
9874,34844,0,1,0,1
9875,15859,1,0,0,0
9876,115379,0,1,1,0
9877,153963,0,0,0,1
9878,82761,0,1,1,0
9879,199887,0,1,0,0
9880,62518,1,0,0,0
9881,181215,1,0,0,1
9882,191194,1,0,0,0
9883,172127,0,1,0,0
9884,18054,0,1,1,0
9885,152377,1,0,0,0
9886,216235,0,1,0,1
9887,271611,0,1,0,0
9888,3082,1,0,0,0
9889,256506,0,1,0,0
9890,161033,0,1,0,1
9891,126826,1,0,0,0
9892,3847,0,1,0,1
9893,76362,0,1,0,0
9894,5111,1,0,0,0
9895,222148,0,1,0,0
9896,238317,1,0,0,0
9897,196361,0,1,0,0
9898,79856,1,0,0,0
9899,60610,0,1,0,0
9900,281449,1,0,0,1
9901,73460,1,0,0,0
9902,17104,0,1,0,0
9903,279079,1,0,0,0
9904,14629,0,1,1,0
9905,98838,0,1,0,1
9906,24022,0,1,0,0
9907,139611,0,1,0,1
9908,212586,1,0,0,0
9909,26154,0,1,0,0
9910,165202,0,1,1,0
9911,80369,1,0,0,1
9912,132679,0,1,1,0
9913,145087,1,0,0,0
9914,249507,0,1,0,0
9915,127547,0,1,0,1
9916,178297,0,1,0,0
9917,12570,1,0,0,0
9918,49918,0,1,0,1
9919,254826,1,0,0,0
9920,47352,0,1,0,0
9921,98922,1,0,0,1
9922,91677,0,1,0,1
9923,69402,1,0,0,0
9924,34146,0,1,0,1
9925,57311,0,1,0,0
9926,142823,0,1,0,1
9927,73655,0,1,1,0
9928,138599,1,0,0,0
9929,96363,1,0,0,0
9930,224023,0,1,0,0
9931,21466,0,1,0,1
9932,113014,0,0,0,1
9933,163965,1,0,0,0
9934,172556,0,1,0,0
9935,213106,0,1,1,0
9936,176765,1,0,0,0
9937,226675,0,1,0,1
9938,179393,0,1,1,0
9939,163137,0,1,0,0
9940,215017,0,1,1,0
9941,144738,1,0,0,0
9942,88256,0,1,0,0
9943,84681,1,0,0,0
9944,97923,0,1,0,0
9945,35557,0,1,0,1
9946,64480,0,1,0,1
9947,260925,1,0,0,0
9948,57970,0,1,0,0
9949,148072,1,0,0,0
9950,110873,1,0,0,1
9951,154559,0,1,0,0
9952,118605,0,1,1,0
9953,254712,1,0,0,0
9954,206202,1,0,0,1
9955,90893,0,1,0,0
9956,291515,0,1,1,0
9957,110570,1,0,0,0
9958,16699,0,1,0,0
9959,181387,1,0,0,0
9960,268688,1,0,0,1
9961,48922,1,0,0,0
9962,139415,1,0,0,1
9963,122092,0,1,0,0
9964,279409,1,0,0,0
9965,114488,0,1,0,0
9966,37690,1,0,0,0
9967,18094,1,0,0,1
9968,133952,0,1,0,0
9969,199003,1,0,0,0
9970,80497,0,1,1,0
9971,11831,1,0,0,0
9972,58350,0,1,1,0
9973,66127,0,1,1,0
9974,112116,1,0,0,1
9975,3604,0,1,0,0
9976,142933,1,0,0,0
9977,232667,0,0,0,1
9978,268160,1,0,0,0
9979,21617,0,1,0,0
9980,177004,0,1,0,0
9981,88919,1,0,0,0
9982,266773,0,1,0,1
9983,91049,0,1,1,0
9984,242183,0,1,1,0
9985,80480,1,0,0,1
9986,95997,1,0,0,0
9987,11525,0,1,0,0
9988,42068,0,1,0,1
9989,253930,0,1,1,0
9990,70558,1,0,0,1
9991,105487,0,1,0,0
9992,233062,0,1,1,0
9993,37142,1,0,0,0
9994,117486,0,1,1,0
9995,203937,1,0,0,1
9996,111398,1,0,0,0
9997,189119,1,0,0,0
9998,74979,0,1,0,0
9999,52587,0,1,0,1
10000,113417,0,1,0,1
10001,33925,0,1,0,0
10002,54372,1,0,0,0
10003,175382,0,1,1,0
10004,211377,0,1,0,0
10005,158216,1,0,0,1
10006,230753,1,0,0,0
10007,1719,0,1,0,0
10008,21123,0,1,0,1
10009,160062,0,1,0,0
10010,48429,1,0,0,0
10011,268665,0,1,1,0
10012,112603,0,1,0,0
10013,161914,0,1,1,0
10014,117036,1,0,0,0
10015,228918,0,1,0,1
10016,294783,0,1,0,0
10017,32922,1,0,0,0
10018,41945,0,1,0,1
10019,10298,1,0,0,0
10020,131493,0,1,0,1
10021,152382,0,1,0,0
10022,66427,1,0,0,0
10023,22876,0,1,0,1
10024,6794,0,0,0,1
10025,130978,1,0,0,0
10026,108641,0,1,0,0
10027,67691,1,0,0,0
10028,81465,0,1,1,0
10029,113981,0,1,1,0
10030,207087,0,1,0,0
10031,133807,1,0,0,1
10032,216942,1,0,0,0
10033,196838,1,0,0,1
10034,245190,1,0,0,1
10035,222877,0,1,0,0
10036,154351,1,0,0,0
10037,245594,1,0,0,1
10038,84988,0,1,0,0
10039,74055,1,0,0,0
10040,158306,1,0,0,1
10041,117280,1,0,0,0
10042,68426,0,1,0,0
10043,38903,0,1,1,0
10044,12915,1,0,0,0
10045,17449,0,1,0,1
10046,257918,0,1,0,0
10047,273056,1,0,0,0
10048,176233,1,0,0,1
10049,10110,1,0,0,1
10050,229509,0,1,1,0
10051,257767,0,1,0,0
10052,144187,1,0,0,0
10053,95193,0,1,0,0
10054,85318,1,0,0,0
10055,230993,0,1,0,1
10056,124716,0,1,0,1
10057,217164,0,0,0,1
10058,154269,1,0,0,0
10059,671,0,1,0,0
10060,143795,1,0,0,0
10061,17913,0,1,0,1
10062,172776,0,1,0,0
10063,119937,1,0,0,0
10064,55007,0,1,0,1
10065,83376,0,1,0,0
10066,252555,1,0,0,0
10067,10654,0,1,1,0
10068,288409,0,1,0,1
10069,195722,0,1,0,0
10070,237931,1,0,0,0
10071,102812,0,1,1,0
10072,270403,1,0,0,0
10073,175188,0,1,0,0
10074,6721,0,1,0,1
10075,156744,1,0,0,0
10076,220681,0,1,1,0
10077,245312,0,1,0,0
10078,86974,1,0,0,0
10079,47236,0,1,0,0
10080,108705,1,0,0,0
10081,245575,0,1,1,0
10082,89018,0,1,1,0
10083,102057,0,0,0,1
10084,179448,1,0,0,0
10085,4916,1,0,0,1
10086,172173,0,1,0,0
10087,186792,0,1,1,0
10088,170297,1,0,0,0
10089,208649,1,0,0,1
10090,199014,0,1,0,0
10091,100846,1,0,0,0
10092,200990,1,0,0,1
10093,14921,0,1,0,1
10094,221200,1,0,0,0
10095,19256,1,0,0,1
10096,86171,0,1,0,0
10097,96883,1,0,0,0
10098,257854,0,1,0,1
10099,199534,1,0,0,0
10100,286208,0,1,0,0
10101,66727,0,1,0,1
10102,79291,1,0,0,1
10103,128782,0,1,1,0
10104,55760,1,0,0,0
10105,226703,0,0,0,1
10106,84093,0,1,0,0
10107,232468,1,0,0,0
10108,256221,0,1,0,1
10109,116695,0,1,0,0
10110,241743,1,0,0,1
10111,53863,1,0,0,0
10112,203938,0,1,1,0
10113,171857,1,0,0,1
10114,6724,0,1,0,0
10115,179635,1,0,0,0
10116,42208,0,1,1,0
10117,289087,0,0,0,1
10118,143127,0,1,0,1
10119,172594,1,0,0,0
10120,148647,0,1,0,0
10121,130734,1,0,0,1
10122,42187,0,1,0,0
10123,212241,1,0,0,1
10124,194049,1,0,0,0
10125,187580,0,1,0,1
10126,110109,0,1,0,0
10127,120895,1,0,0,0
10128,254477,0,1,0,0
10129,191949,0,1,1,0
10130,140224,0,1,0,1
10131,86425,0,1,0,1
10132,111592,1,0,0,0
10133,187246,0,1,0,1
10134,99744,0,1,0,0
10135,173163,0,0,0,1
10136,264613,1,0,0,0
10137,75006,1,0,0,1
10138,100542,0,1,0,0
10139,157413,0,1,1,0
10140,203122,0,1,1,0
10141,5412,1,0,0,0
10142,123875,0,1,0,0
10143,185219,0,1,0,1
10144,266888,1,0,0,0
10145,76214,0,1,0,1
10146,103648,0,1,0,0
10147,109841,1,0,0,0
10148,182067,0,1,1,0
10149,30971,0,1,0,0
10150,260518,1,0,0,0
10151,67083,1,0,0,1
10152,181775,0,0,0,1
10153,61454,0,1,0,1
10154,148534,1,0,0,0
10155,70043,1,0,0,1
10156,73344,0,1,0,0
10157,258568,1,0,0,0
10158,168569,0,1,0,0
10159,60091,0,1,0,1
10160,32959,0,1,1,0
10161,113356,0,1,1,0
10162,235957,0,1,0,0
10163,64059,1,0,0,0
10164,244892,0,1,1,0
10165,65766,1,0,0,1
10166,54530,0,1,1,0
10167,244079,0,1,0,1
10168,185058,1,0,0,1
10169,123882,1,0,0,0
10170,24720,0,1,0,0
10171,229538,0,1,0,1
10172,47872,0,1,0,0
10173,89788,1,0,0,0
10174,211822,0,0,0,1
10175,64122,1,0,0,0
10176,32685,0,0,0,1
10177,272281,0,1,0,0
10178,226327,1,0,0,1
10179,8514,1,0,0,0
10180,177574,0,1,0,0
10181,242925,1,0,0,0
10182,215819,0,1,0,1
10183,145667,0,1,0,1
10184,129569,1,0,0,1
10185,209327,0,1,0,0
10186,14132,1,0,0,0
10187,39228,0,1,1,0
10188,47264,0,1,0,0
10189,59595,0,0,0,1
10190,157765,1,0,0,0
10191,370,0,1,1,0
10192,49042,0,1,0,0
10193,124840,0,1,0,1
10194,208360,1,0,0,0
10195,168965,0,1,0,0
10196,183832,1,0,0,1
10197,49831,1,0,0,0
10198,193037,0,1,0,0
10199,130381,1,0,0,0
10200,24601,0,1,1,0
10201,229955,1,0,0,1
10202,236084,0,1,0,0
10203,233690,1,0,0,0
10204,7257,0,1,1,0
10205,100763,0,1,0,0
10206,100557,1,0,0,0
10207,178106,0,1,0,0
10208,132525,1,0,0,0
10209,285961,0,0,0,1
10210,54156,1,0,0,0
10211,265295,0,1,0,0
10212,8185,1,0,0,0
10213,28178,1,0,0,1
10214,56626,0,1,0,0
10215,185033,1,0,0,0
10216,118233,1,0,0,1
10217,137280,0,1,1,0
10218,267742,0,1,0,0
10219,274961,1,0,0,0
10220,129157,1,0,0,1
10221,156223,0,1,0,0
10222,65868,1,0,0,0
10223,114342,0,1,0,0
10224,179091,0,1,1,0
10225,111843,0,1,0,1
10226,81326,0,1,1,0
10227,133101,0,1,0,0
10228,195558,1,0,0,0
10229,87339,0,1,0,1
10230,118184,1,0,0,0
10231,184317,0,1,0,0
10232,185863,0,1,0,1
10233,31323,0,1,1,0
10234,128237,0,1,0,0
10235,286729,0,1,0,1
10236,12171,1,0,0,0
10237,194821,0,1,1,0
10238,14366,0,1,0,0
10239,280772,0,1,0,1
10240,30280,1,0,0,0
10241,11448,0,1,1,0
10242,61578,1,0,0,0
10243,62117,0,1,0,0
10244,215659,0,1,1,0
10245,150682,0,1,0,1
10246,99901,1,0,0,0
10247,118301,0,1,0,0
10248,166970,1,0,0,0
10249,18098,0,1,0,0
10250,95015,1,0,0,1
10251,36208,1,0,0,0
10252,273810,0,1,1,0
10253,101909,0,1,0,0
10254,84658,1,0,0,0
10255,91081,0,1,0,1
10256,132104,0,1,0,1
10257,135437,0,1,0,0
10258,17194,1,0,0,0
10259,172593,0,1,0,0
10260,176600,1,0,0,0
10261,58966,1,0,0,1
10262,57241,0,1,0,0
10263,117282,0,1,1,0
10264,35555,1,0,0,0
10265,197203,0,1,1,0
10266,12557,0,1,0,0
10267,240367,1,0,0,1
10268,254878,1,0,0,0
10269,268844,0,1,1,0
10270,237849,0,1,0,1
10271,87125,0,1,0,0
10272,90315,1,0,0,1
10273,107758,1,0,0,0
10274,259123,0,1,0,1
10275,226899,0,1,1,0
10276,6596,0,1,0,0
10277,246647,1,0,0,0
10278,93903,0,1,1,0
10279,197243,1,0,0,0
10280,117736,0,1,0,0
10281,87534,0,1,1,0
10282,144263,0,0,0,1
10283,2908,1,0,0,1
10284,256836,1,0,0,0
10285,106845,0,1,0,1
10286,45775,0,1,0,0
10287,125546,0,1,1,0
10288,124699,1,0,0,0
10289,111401,0,0,0,1
10290,193837,0,1,0,0
10291,95582,1,0,0,0
10292,49900,0,1,1,0
10293,50555,0,1,1,0
10294,127471,1,0,0,0
10295,119853,0,1,0,1
10296,28709,0,1,0,0
10297,187544,1,0,0,1
10298,63226,0,1,0,1
10299,200331,1,0,0,0
10300,187364,0,1,1,0
10301,217368,0,1,0,0
10302,222957,0,1,0,1
10303,191120,1,0,0,0
10304,173038,0,1,0,0
10305,63378,1,0,0,0
10306,284977,0,1,1,0
10307,68586,1,0,0,1
10308,39296,0,1,0,0
10309,249994,1,0,0,0
10310,20456,1,0,0,1
10311,85491,0,1,1,0
10312,68889,0,1,0,0
10313,264208,1,0,0,0
10314,118450,0,1,0,0
10315,100648,1,0,0,0
10316,34174,0,1,1,0
10317,230571,0,1,1,0
10318,237510,0,1,1,0
10319,166371,0,1,0,0
10320,243224,0,1,0,1
10321,34712,1,0,0,0
10322,72915,0,1,0,0
10323,11225,0,1,0,1
10324,21616,1,0,0,0
10325,177794,0,1,0,0
10326,137464,0,1,0,1
10327,86741,1,0,0,0
10328,266016,1,0,0,1
10329,47682,1,0,0,0
10330,168393,0,1,0,0
10331,84485,0,1,0,1
10332,204606,0,1,1,0
10333,284842,0,1,1,0
10334,169320,1,0,0,0
10335,135165,0,0,0,1
10336,192422,1,0,0,1
10337,168663,0,1,0,0
10338,58840,1,0,0,0
10339,2910,0,1,0,1
10340,203697,0,1,0,0
10341,232062,0,1,1,0
10342,14730,0,1,1,0
10343,108181,0,1,1,0
10344,153167,0,1,0,1
10345,67858,0,1,0,0
10346,7640,1,0,0,0
10347,184895,0,1,1,0
10348,291973,1,0,0,1
10349,88134,1,0,0,0
10350,141298,0,1,0,0
10351,178637,1,0,0,1
10352,125220,0,1,1,0
10353,256991,0,1,0,0
10354,150020,1,0,0,0
10355,148190,0,1,0,1
10356,208531,0,1,0,1
10357,41186,1,0,0,0
10358,223557,0,1,0,0
10359,49135,1,0,0,0
10360,140364,0,1,0,0
10361,115054,0,0,0,1
10362,62724,1,0,0,0
10363,268292,0,1,0,0
10364,64306,1,0,0,1
10365,193452,0,1,1,0
10366,165954,1,0,0,0
10367,141361,1,0,0,1
10368,44517,0,1,0,0
10369,179824,1,0,0,1
10370,157419,1,0,0,0
10371,166752,0,1,0,0
10372,264325,1,0,0,0
10373,120708,0,1,0,0
10374,31620,0,1,0,1
10375,160623,1,0,0,0
10376,229396,0,1,0,0
10377,114222,0,1,1,0
10378,230664,1,0,0,0
10379,56993,1,0,0,1
10380,109257,0,1,0,0
10381,153494,1,0,0,0
10382,200547,0,1,0,0
10383,195381,1,0,0,0
10384,94415,0,1,0,1
10385,238500,0,1,0,0
10386,148147,1,0,0,0
10387,201162,0,1,0,1
10388,230188,1,0,0,0
10389,241064,0,1,0,0
10390,159196,1,0,0,1
10391,17676,1,0,0,0
10392,127557,0,1,0,0
10393,195292,1,0,0,1
10394,160270,1,0,0,0
10395,206167,0,1,0,0
10396,193292,0,1,0,1
10397,216048,1,0,0,0
10398,25599,1,0,0,1
10399,10958,1,0,0,0
10400,95228,0,1,0,0
10401,186119,1,0,0,0
10402,239487,0,1,0,0
10403,156188,0,1,1,0
10404,96163,0,1,0,1
10405,35744,1,0,0,0
10406,9937,0,1,0,0
10407,100372,1,0,0,1
10408,17308,0,1,1,0
10409,112913,1,0,0,0
10410,81441,0,1,0,0
10411,229603,0,0,0,1
10412,258276,1,0,0,0
10413,255716,0,1,0,0
10414,149452,1,0,0,1
10415,166254,0,1,1,0
10416,268709,1,0,0,0
10417,177922,0,1,0,0
10418,160839,0,0,0,1
10419,60700,0,1,0,0
10420,79601,1,0,0,0
10421,32105,0,1,0,1
10422,210725,0,1,0,0
10423,237607,1,0,0,0
10424,26362,0,1,0,1
10425,106588,0,1,0,1
10426,186947,0,1,0,0
10427,119720,1,0,0,0
10428,189106,0,1,0,0
10429,12107,1,0,0,0
10430,270749,0,1,0,1
10431,247925,0,1,0,0
10432,34756,1,0,0,0
10433,105606,1,0,0,1
10434,21027,0,1,0,0
10435,60522,1,0,0,0
10436,286204,0,1,0,0
10437,95067,0,1,0,1
10438,116683,1,0,0,0
10439,114182,1,0,0,1
10440,143252,0,1,0,0
10441,93893,0,1,0,1
10442,62501,1,0,0,0
10443,246154,0,1,1,0
10444,207395,0,1,0,0
10445,35976,0,1,1,0
10446,52190,0,1,0,0
10447,189314,1,0,0,0
10448,134650,0,0,0,1
10449,204648,0,1,0,0
10450,40091,1,0,0,0
10451,234089,0,1,0,0
10452,90549,1,0,0,0
10453,148543,0,1,0,1
10454,160758,1,0,0,1
10455,181997,1,0,0,0
10456,243431,0,1,0,0
10457,131195,1,0,0,0
10458,68341,0,1,0,1
10459,258587,0,1,0,0
10460,208522,0,0,0,1
10461,110806,0,1,1,0
10462,75766,1,0,0,1
10463,25529,1,0,0,0
10464,133717,0,1,0,0
10465,96134,1,0,0,0
10466,165688,0,1,0,1
10467,90747,1,0,0,0
10468,209580,0,1,0,0
10469,248368,1,0,0,0
10470,17267,0,1,0,0
10471,1377,1,0,0,0
10472,11868,0,1,0,0
10473,74809,0,1,0,1
10474,187966,1,0,0,0
10475,127065,0,1,0,0
10476,58221,0,1,0,1
10477,179568,1,0,0,0
10478,172619,0,1,1,0
10479,18515,0,1,0,0
10480,211491,1,0,0,1
10481,69923,0,1,1,0
10482,188311,0,1,0,0
10483,174173,1,0,0,0
10484,216474,1,0,0,1
10485,75405,1,0,0,1
10486,149070,0,1,0,0
10487,74971,1,0,0,0
10488,290008,0,1,0,0
10489,266151,1,0,0,0
10490,68086,0,1,0,1
10491,235288,0,1,0,1
10492,240512,1,0,0,0
10493,274517,0,1,0,1
10494,40449,0,1,0,0
10495,126592,1,0,0,1
10496,231833,1,0,0,1
10497,92050,1,0,0,0
10498,217146,0,1,0,0
10499,19629,1,0,0,1
10500,89693,0,1,1,0
10501,195884,1,0,0,0
10502,268389,1,0,0,1
10503,265629,0,1,0,0
10504,186532,0,1,0,1
10505,41902,1,0,0,0
10506,171499,0,1,0,0
10507,124208,1,0,0,0
10508,148738,0,1,0,1
10509,37458,0,1,0,0
10510,133936,0,1,0,1
10511,172894,0,1,0,1
10512,270134,1,0,0,0
10513,194312,0,1,1,0
10514,41776,1,0,0,0
10515,223361,0,1,0,0
10516,100776,0,1,0,1
10517,238160,0,1,1,0
10518,84097,1,0,0,0
10519,210450,0,1,1,0
10520,180654,0,1,0,0
10521,168248,0,1,0,1
10522,225295,1,0,0,0
10523,27302,0,1,0,1
10524,31922,0,1,0,0
10525,75115,0,1,0,1
10526,23175,1,0,0,0
10527,100822,0,1,0,0
10528,253288,1,0,0,1
10529,117539,1,0,0,0
10530,144035,0,1,1,0
10531,68007,0,1,1,0
10532,31246,1,0,0,1
10533,113648,1,0,0,0
10534,7699,0,1,0,0
10535,218719,0,0,0,1
10536,113930,0,1,0,1
10537,40853,0,1,0,0
10538,230384,1,0,0,0
10539,35402,0,1,0,1
10540,18535,1,0,0,1
10541,81190,1,0,0,0
10542,84717,0,1,0,0
10543,93232,0,0,0,1
10544,197663,0,0,0,1
10545,95718,0,1,0,0
10546,31863,1,0,0,1
10547,256681,1,0,0,0
10548,156768,0,1,0,0
10549,181636,1,0,0,0
10550,207028,0,1,1,0
10551,55386,0,1,1,0
10552,62996,0,1,0,1
10553,149024,1,0,0,1
10554,241383,0,1,0,0
10555,127828,1,0,0,0
10556,204308,0,1,0,1
10557,148210,0,1,0,0
10558,74141,1,0,0,0
10559,275437,0,1,1,0
10560,243198,1,0,0,0
10561,267216,0,1,0,0
10562,71475,0,0,0,1
10563,177110,1,0,0,0
10564,21890,0,1,0,0
10565,199323,0,1,0,1
10566,251126,1,0,0,0
10567,136550,0,1,0,0
10568,31581,0,1,0,1
10569,179007,1,0,0,0
10570,101094,0,1,1,0
10571,222947,1,0,0,0
10572,30894,1,0,0,1
10573,218461,0,1,0,0
10574,269136,1,0,0,0
10575,212468,0,1,0,0
10576,27247,1,0,0,1
10577,46971,0,1,0,0
10578,60881,1,0,0,0
10579,13972,1,0,0,1
10580,50194,0,1,0,0
10581,156577,0,0,0,1
10582,199719,0,1,1,0
10583,9096,0,1,1,0
10584,178828,1,0,0,0
10585,260795,0,1,0,0
10586,173923,0,1,1,0
10587,24791,1,0,0,0
10588,184801,0,1,0,1
10589,215003,1,0,0,1
10590,1580,1,0,0,0
10591,272298,0,1,0,0
10592,58344,1,0,0,0
10593,264199,0,0,0,1
10594,51758,1,0,0,1
10595,74690,0,1,0,0
10596,112317,1,0,0,0
10597,168186,0,1,1,0
10598,4421,0,1,0,1
10599,105410,0,1,0,0
10600,167305,1,0,0,0
10601,222761,0,1,0,1
10602,276203,1,0,0,1
10603,245495,1,0,0,0
10604,8345,0,1,0,0
10605,43880,1,0,0,0
10606,230453,0,1,0,1
10607,10198,0,1,0,0
10608,5118,0,1,0,1
10609,114046,1,0,0,0
10610,103529,0,1,1,0
10611,195925,0,1,0,0
10612,205049,1,0,0,1
10613,176402,1,0,0,0
10614,117894,0,1,0,0
10615,63880,1,0,0,1
10616,92360,1,0,0,0
10617,186494,0,1,0,0
10618,45232,1,0,0,0
10619,184768,1,0,0,1
10620,54158,0,1,1,0
10621,190581,0,1,0,0
10622,134406,1,0,0,1
10623,76662,0,0,0,1
10624,120335,1,0,0,0
10625,95066,0,1,0,0
10626,106412,0,1,1,0
10627,6521,0,1,0,1
10628,155202,1,0,0,0
10629,60665,0,1,0,0
10630,287386,0,1,0,1
10631,170580,1,0,0,0
10632,96210,0,1,0,0
10633,201640,1,0,0,0
10634,153927,0,1,0,0
10635,180877,0,1,0,1
10636,219821,1,0,0,0
10637,90637,0,1,0,0
10638,263507,1,0,0,0
10639,27088,0,1,0,0
10640,199962,0,1,0,0
10641,181834,1,0,0,1
10642,105680,1,0,0,0
10643,55103,0,1,0,1
10644,196124,0,0,0,1
10645,256642,1,0,0,0
10646,167134,0,1,0,0
10647,110457,0,1,1,0
10648,77501,1,0,0,0
10649,218999,0,1,0,0
10650,203168,0,1,0,1
10651,81799,1,0,0,1
10652,270038,1,0,0,0
10653,225899,0,1,0,0
10654,68143,1,0,0,1
10655,25321,1,0,0,0
10656,220265,0,1,0,0
10657,25088,0,1,1,0
10658,209790,1,0,0,1
10659,64702,0,1,0,0
10660,246439,1,0,0,0
10661,112365,1,0,0,1
10662,38336,1,0,0,1
10663,100383,0,1,0,0
10664,209640,0,1,0,1
10665,102682,1,0,0,0
10666,159695,0,1,0,0
10667,29753,0,1,0,1
10668,223868,0,0,0,1
10669,165553,1,0,0,0
10670,285128,0,1,0,0
10671,66163,0,1,0,1
10672,67496,0,1,0,1
10673,206866,1,0,0,0
10674,210759,0,1,1,0
10675,230195,0,1,0,1
10676,231997,0,0,0,1
10677,64829,0,1,0,0
10678,78633,1,0,0,0
10679,232643,0,1,1,0
10680,83982,1,0,0,1
10681,74089,1,0,0,0
10682,173103,0,1,0,0
10683,85625,0,1,0,1
10684,53416,1,0,0,0
10685,197022,0,1,0,0
10686,154105,0,0,0,1
10687,236209,0,1,1,0
10688,94961,1,0,0,0
10689,19531,0,1,0,0
10690,25101,0,1,0,1
10691,232291,0,1,1,0
10692,139059,1,0,0,1
10693,93153,1,0,0,0
10694,207210,0,1,0,0
10695,295272,0,1,1,0
10696,131814,1,0,0,0
10697,90536,0,1,0,0
10698,88202,0,1,1,0
10699,279905,0,0,0,1
10700,3057,1,0,0,0
10701,204664,0,1,0,0
10702,239179,1,0,0,0
10703,272399,0,1,0,0
10704,3634,1,0,0,0
10705,223414,1,0,0,1
10706,39745,0,1,0,0
10707,229268,1,0,0,0
10708,65136,0,0,0,1
10709,43644,0,1,0,0
10710,22865,0,1,0,1
10711,218819,0,1,1,0
10712,193717,1,0,0,0
10713,232814,0,0,0,1
10714,283695,0,1,0,0
10715,145499,1,0,0,0
10716,81395,1,0,0,1
10717,264798,1,0,0,0
10718,57681,0,1,0,0
10719,210142,0,1,0,1
10720,158754,0,0,0,1
10721,111423,1,0,0,0
10722,254196,0,1,0,0
10723,252838,1,0,0,1
10724,265581,1,0,0,0
10725,113694,0,1,0,0
10726,27352,0,1,1,0
10727,79988,0,1,1,0
10728,12414,0,1,1,0
10729,98039,1,0,0,0
10730,111050,0,1,0,1
10731,9057,0,1,0,0
10732,185104,0,1,0,1
10733,96983,0,1,1,0
10734,46432,0,1,1,0
10735,58774,1,0,0,0
10736,167518,0,1,0,0
10737,172210,0,0,0,1
10738,115749,1,0,0,0
10739,12187,0,1,0,0
10740,110968,0,1,1,0
10741,139402,1,0,0,0
10742,163163,0,1,0,0
10743,100077,1,0,0,0
10744,61123,0,1,0,1
10745,158660,0,1,0,0
10746,73151,0,1,0,1
10747,31710,1,0,0,0
10748,56360,0,1,0,0
10749,153057,0,1,1,0
10750,192506,1,0,0,0
10751,128205,1,0,0,1
10752,32278,0,1,1,0
10753,52428,1,0,0,1
10754,173584,1,0,0,0
10755,136210,0,1,0,0
10756,142892,0,1,0,1
10757,288451,0,1,0,0
10758,256240,0,1,0,1
10759,216204,1,0,0,0
10760,67605,0,1,0,1
10761,291127,0,1,0,0
10762,185490,1,0,0,0
10763,101469,0,1,0,0
10764,37837,1,0,0,0
10765,26159,0,1,0,1
10766,204036,1,0,0,0
10767,138058,0,1,0,0
10768,124787,1,0,0,0
10769,162386,1,0,0,1
10770,61836,0,1,0,0
10771,223837,0,1,0,0
10772,190591,1,0,0,0
10773,205854,0,1,1,0
10774,8053,0,1,0,1
10775,2294,0,1,0,1
10776,226768,0,1,0,0
10777,227038,1,0,0,1
10778,184533,1,0,0,0
10779,145419,0,0,0,1
10780,83990,0,1,1,0
10781,73498,0,1,0,0
10782,107818,1,0,0,0
10783,273590,0,1,1,0
10784,8893,0,1,1,0
10785,239116,0,1,0,1
10786,161283,1,0,0,0
10787,6744,0,1,0,0
10788,157740,0,0,0,1
10789,181405,0,1,1,0
10790,152063,0,1,0,0
10791,125181,0,0,0,1
10792,111814,0,1,1,0
10793,133666,1,0,0,0
10794,215251,0,1,0,1
10795,93313,1,0,0,1
10796,32512,0,1,0,0
10797,36299,1,0,0,0
10798,254090,0,1,1,0
10799,86718,1,0,0,0
10800,268818,0,1,0,1
10801,140465,0,1,0,0
10802,73013,1,0,0,0
10803,142576,0,1,1,0
10804,13274,1,0,0,1
10805,40555,1,0,0,0
10806,110980,0,1,0,0
10807,54749,1,0,0,0
10808,9064,1,0,0,1
10809,33542,0,1,0,0
10810,170602,1,0,0,0
10811,255642,0,1,0,0
10812,226626,1,0,0,1
10813,246644,1,0,0,0
10814,291296,0,1,0,0
10815,128621,0,1,1,0
10816,151784,1,0,0,0
10817,111016,1,0,0,1
10818,126133,0,1,0,0
10819,245607,1,0,0,1
10820,185780,1,0,0,0
10821,7742,0,1,0,0
10822,192170,1,0,0,1
10823,260555,1,0,0,0
10824,164793,0,1,0,1
10825,213590,0,1,1,0
10826,162734,0,1,0,0
10827,17326,1,0,0,0
10828,221986,0,1,0,0
10829,135612,1,0,0,0
10830,74402,0,0,0,1
10831,186640,0,1,0,0
10832,36203,0,1,1,0
10833,26796,1,0,0,0
10834,216336,0,1,1,0
10835,101229,0,1,0,0
10836,148661,0,1,0,1
10837,139442,0,1,0,0
10838,160114,1,0,0,0
10839,4792,0,1,1,0
10840,168030,0,1,0,1
10841,294951,0,1,0,0
10842,118979,0,1,1,0
10843,44246,1,0,0,0
10844,63643,1,0,0,1
10845,162750,0,1,0,0
10846,206999,1,0,0,1
10847,117401,1,0,0,0
10848,24633,0,1,1,0
10849,200924,0,1,0,0
10850,107256,0,1,1,0
10851,26553,0,1,0,1
10852,222884,1,0,0,0
10853,292166,0,1,0,0
10854,118800,0,1,0,1
10855,192623,1,0,0,1
10856,81350,1,0,0,0
10857,125609,0,0,0,1
10858,222846,0,1,0,0
10859,143384,1,0,0,0
10860,184477,1,0,0,1
10861,251843,0,1,0,0
10862,100468,1,0,0,1
10863,197316,1,0,0,0
10864,256490,0,1,0,0
10865,53394,0,1,1,0
10866,233846,1,0,0,0
10867,32215,0,1,1,0
10868,195911,0,1,0,0
10869,142382,0,1,0,1
10870,225738,1,0,0,0
10871,466,0,1,1,0
10872,273528,0,1,0,1
10873,226780,0,1,0,0
10874,151399,0,1,0,1
10875,287158,1,0,0,0
10876,131094,1,0,0,1
10877,1904,0,1,0,0
10878,163179,1,0,0,0
10879,7678,0,1,1,0
10880,69210,0,1,1,0
10881,165251,0,1,1,0
10882,231750,0,1,0,0
10883,279164,1,0,0,0
10884,193352,1,0,0,1
10885,290075,0,1,0,0
10886,137447,0,1,1,0
10887,225411,1,0,0,0
10888,218254,1,0,0,1
10889,200522,0,1,0,0
10890,178673,0,1,0,0
10891,89393,1,0,0,0
10892,290335,0,1,1,0
10893,258017,0,0,0,1
10894,203412,0,1,1,0
10895,132701,0,1,0,0
10896,270321,1,0,0,0
10897,87463,0,1,0,0
10898,295237,1,0,0,0
10899,268656,0,0,0,1
10900,101212,0,1,0,0
10901,220853,1,0,0,0
10902,132838,0,0,0,1
10903,64047,0,1,0,0
10904,194281,0,1,0,1
10905,252345,1,0,0,0
10906,186214,0,1,0,0
10907,39598,0,1,1,0
10908,120636,0,1,1,0
10909,223148,0,1,0,1
10910,143806,1,0,0,0
10911,145119,0,1,0,0
10912,257239,0,1,0,1
10913,213782,1,0,0,0
10914,69119,0,1,0,0
10915,223619,1,0,0,1
10916,157870,1,0,0,0
10917,211790,0,1,0,0
10918,17868,0,1,0,1
10919,266426,1,0,0,0
10920,74787,0,1,0,0
10921,78842,0,0,0,1
10922,2174,0,1,0,1
10923,256110,1,0,0,0
10924,14267,0,1,0,0
10925,271644,1,0,0,0
10926,139372,0,0,0,1
10927,66130,0,1,0,0
10928,60338,1,0,0,1
10929,9660,0,1,1,0
10930,32676,1,0,0,0
10931,143048,0,1,0,1
10932,109067,0,1,0,0
10933,214364,0,1,0,0
10934,282284,1,0,0,0
10935,287924,0,1,0,1
10936,157866,0,1,1,0
10937,210131,0,1,0,0
10938,118759,1,0,0,0
10939,14177,0,1,0,1
10940,15661,0,1,0,0
10941,248087,1,0,0,0
10942,150544,0,1,0,0
10943,162363,0,1,0,1
10944,226363,1,0,0,0
10945,61987,0,1,1,0
10946,113744,1,0,0,1
10947,224476,0,1,0,0
10948,159743,1,0,0,0
10949,81214,1,0,0,1
10950,2619,1,0,0,0
10951,238815,0,1,0,0
10952,287843,0,1,0,0
10953,209735,1,0,0,0
10954,214385,1,0,0,1
10955,126663,1,0,0,1
10956,74652,1,0,0,0
10957,129588,0,1,0,0
10958,51421,0,1,0,1
10959,127996,1,0,0,0
10960,156599,0,1,1,0
10961,36424,1,0,0,1
10962,162101,0,1,0,1
10963,92057,0,1,0,0
10964,63466,1,0,0,0
10965,70293,0,1,1,0
10966,155864,1,0,0,0
10967,7721,0,1,0,0
10968,253555,0,0,0,1
10969,135897,1,0,0,1
10970,99292,0,1,0,0
10971,143773,1,0,0,0
10972,226831,1,0,0,1
10973,112803,0,1,0,0
10974,111371,1,0,0,0
10975,121882,1,0,0,1
10976,289153,1,0,0,0
10977,11190,0,1,1,0
10978,151054,0,1,0,0
10979,9910,0,1,0,1
10980,128775,1,0,0,0
10981,152585,1,0,0,1
10982,62736,0,0,0,1
10983,247789,0,1,0,0
10984,15970,1,0,0,0
10985,199450,0,1,1,0
10986,96190,0,1,1,0
10987,35970,1,0,0,0
10988,161793,0,1,0,0
10989,157243,0,1,1,0
10990,98099,0,1,0,1
10991,107337,0,1,0,1
10992,90190,0,1,0,0
10993,140708,1,0,0,0
10994,223049,0,1,0,1
10995,250682,1,0,0,1
10996,260000,0,1,0,0
10997,201222,1,0,0,1
10998,174124,1,0,0,0
10999,94398,1,0,0,1
11000,154174,1,0,0,0
11001,272994,0,1,0,0
11002,53180,0,1,0,1
11003,62827,1,0,0,0
11004,143863,0,1,0,0
11005,198599,1,0,0,1
11006,162614,1,0,0,1
11007,683,0,1,0,0
11008,172526,1,0,0,0
11009,78604,0,1,1,0
11010,58018,0,1,0,0
11011,225020,1,0,0,1
11012,135465,1,0,0,0
11013,179483,0,1,0,0
11014,211250,1,0,0,1
11015,177581,0,1,1,0
11016,36803,1,0,0,0
11017,154171,1,0,0,1
11018,17884,0,1,0,1
11019,19036,0,1,1,0
11020,151830,0,1,0,0
11021,131144,1,0,0,0
11022,6894,1,0,0,0
11023,242550,0,1,0,0
11024,86759,0,1,1,0
11025,34337,0,1,0,1
11026,229788,0,0,0,1
11027,68375,0,1,0,1
11028,54779,1,0,0,0
11029,54086,0,1,1,0
11030,144308,0,1,0,0
11031,221379,1,0,0,1
11032,229676,1,0,0,0
11033,131962,0,0,0,1
11034,142716,0,1,0,0
11035,56254,1,0,0,0
11036,101712,0,1,0,0
11037,271358,1,0,0,0
11038,10111,0,1,0,1
11039,14967,1,0,0,0
11040,191251,0,1,0,1
11041,236605,0,1,0,0
11042,56954,1,0,0,0
11043,185499,1,0,0,1
11044,71840,0,1,0,0
11045,165206,1,0,0,0
11046,48078,0,1,0,0
11047,159483,1,0,0,0
11048,67872,0,0,0,1
11049,27548,0,1,1,0
11050,254213,0,1,1,0
11051,265585,0,1,0,0
11052,9110,1,0,0,0
11053,86144,0,1,0,1
11054,101947,0,1,0,0
11055,28439,1,0,0,0
11056,196462,0,1,1,0
11057,272670,1,0,0,1
11058,130205,0,1,0,0
11059,183421,1,0,0,0
11060,164239,0,1,0,1
11061,225954,0,1,0,0
11062,60764,1,0,0,0
11063,118657,0,0,0,1
11064,290897,0,0,0,1
11065,221848,1,0,0,0
11066,2846,0,1,0,0
11067,11137,0,1,1,0
11068,41209,1,0,0,0
11069,100257,0,1,0,0
11070,262287,0,1,1,0
11071,165564,1,0,0,1
11072,220535,1,0,0,0
11073,82459,1,0,0,1
11074,230073,0,1,0,0
11075,131450,0,1,0,1
11076,139990,1,0,0,0
11077,194743,0,1,0,0
11078,194542,1,0,0,0
11079,59163,1,0,0,1
11080,103164,0,1,0,1
11081,242326,0,1,0,0
11082,107030,0,1,0,1
11083,274623,1,0,0,0
11084,28522,0,0,0,1
11085,173349,0,1,0,0
11086,39167,1,0,0,1
11087,240486,1,0,0,0
11088,83050,0,1,1,0
11089,194547,1,0,0,0
11090,65005,0,1,0,0
11091,78690,0,1,0,1
11092,82871,1,0,0,0
11093,212127,1,0,0,1
11094,137521,1,0,0,1
11095,165201,0,1,0,0
11096,278886,1,0,0,0
11097,101476,0,0,0,1
11098,96849,0,1,0,1
11099,94095,1,0,0,0
11100,174207,0,1,0,0
11101,111157,1,0,0,1
11102,72360,0,1,0,0
11103,19918,1,0,0,0
11104,11323,1,0,0,1
11105,237876,0,1,0,1
11106,52568,0,0,0,1
11107,180100,1,0,0,1
11108,96637,0,1,0,0
11109,160223,1,0,0,0
11110,63020,0,1,0,0
11111,235270,1,0,0,0
11112,18889,0,1,0,1
11113,73466,0,1,0,0
11114,74768,0,1,0,1
11115,25651,1,0,0,0
11116,176404,1,0,0,1
11117,209557,0,1,1,0
11118,209948,1,0,0,1
11119,24930,0,1,1,0
11120,155182,0,1,0,0
11121,107116,1,0,0,1
11122,177175,1,0,0,0
11123,3537,0,1,0,0
11124,266540,1,0,0,0
11125,8990,0,1,0,1
11126,77960,0,1,0,1
11127,282549,0,1,0,0
11128,73473,0,0,0,1
11129,113293,1,0,0,0
11130,169505,1,0,0,1
11131,141542,1,0,0,0
11132,85359,0,1,1,0
11133,65811,0,1,0,0
11134,118237,1,0,0,1
11135,13536,1,0,0,0
11136,5130,1,0,0,0
11137,143599,0,1,0,0
11138,281518,1,0,0,1
11139,194122,1,0,0,0
11140,14835,0,1,1,0
11141,192904,0,1,0,0
11142,240235,1,0,0,1
11143,251041,1,0,0,1
11144,41027,1,0,0,0
11145,130366,0,1,0,0
11146,238847,0,1,0,1
11147,26706,0,1,1,0
11148,85588,1,0,0,0
11149,171058,0,1,0,0
11150,124595,1,0,0,1
11151,244172,0,1,1,0
11152,166004,1,0,0,1
11153,139774,1,0,0,0
11154,213016,0,1,0,0
11155,112482,0,1,1,0
11156,81781,1,0,0,1
11157,184758,1,0,0,0
11158,209845,0,1,0,0
11159,154532,1,0,0,0
11160,51922,0,1,0,0
11161,193513,1,0,0,0
11162,125787,0,1,1,0
11163,191916,0,1,0,0
11164,215575,1,0,0,1
11165,193170,0,0,0,1
11166,72354,1,0,0,0
11167,198037,0,1,0,0
11168,239291,1,0,0,1
11169,77691,1,0,0,0
11170,119248,0,1,0,1
11171,44130,0,1,0,0
11172,26243,1,0,0,0
11173,242261,0,1,0,1
11174,194616,0,0,0,1
11175,41769,0,1,0,0
11176,167456,1,0,0,0
11177,34946,0,0,0,1
11178,74638,0,0,0,1
11179,154998,1,0,0,0
11180,130249,0,1,0,0
11181,161134,1,0,0,0
11182,256016,0,1,0,0
11183,141348,0,1,0,1
11184,50941,1,0,0,1
11185,247353,1,0,0,0
11186,25766,0,1,0,1
11187,172949,0,1,0,0
11188,35452,0,0,0,1
11189,77137,0,1,0,0
11190,111054,1,0,0,0
11191,21193,0,1,1,0
11192,162720,0,1,0,0
11193,40521,1,0,0,0
11194,250675,0,0,0,1
11195,58996,0,1,1,0
11196,197311,0,0,0,1
11197,260740,1,0,0,0
11198,239078,0,1,0,0
11199,104051,0,1,0,1
11200,148774,0,1,0,0
11201,72449,1,0,0,0
11202,241848,0,1,0,1
11203,159268,0,1,1,0
11204,132812,0,0,0,1
11205,207191,0,1,0,0
11206,57762,1,0,0,0
11207,2549,0,1,0,0
11208,184328,1,0,0,0
11209,222472,0,1,1,0
11210,77825,1,0,0,0
11211,254804,0,1,0,0
11212,198424,0,1,1,0
11213,294166,1,0,0,0
11214,7393,0,1,0,1
11215,119134,0,1,1,0
11216,73957,0,1,0,0
11217,286199,1,0,0,0
11218,21302,0,1,1,0
11219,195944,0,1,0,0
11220,140859,1,0,0,0
11221,19444,0,1,1,0
11222,11043,0,1,1,0
11223,135096,0,1,1,0
11224,17137,0,1,0,0
11225,197545,1,0,0,0
11226,93481,0,1,0,1
11227,38248,1,0,0,0
11228,81182,1,0,0,1
11229,232926,0,1,0,0
11230,170540,1,0,0,0
11231,159315,0,1,1,0
11232,7598,1,0,0,0
11233,203246,0,1,0,1
11234,57460,0,1,0,0
11235,14198,1,0,0,1
11236,140207,1,0,0,0
11237,103887,0,1,0,1
11238,271356,0,1,0,0
11239,58865,0,1,0,1
11240,294919,1,0,0,0
11241,169559,0,1,0,0
11242,159544,1,0,0,1
11243,113758,0,1,1,0
11244,246408,1,0,0,0
11245,56158,1,0,0,1
11246,79320,0,1,0,0
11247,41922,1,0,0,0
11248,216255,0,1,1,0
11249,25271,0,1,1,0
11250,215639,1,0,0,1
11251,129060,0,1,0,0
11252,191690,1,0,0,0
11253,215592,0,1,1,0
11254,112840,1,0,0,1
11255,96185,0,1,0,0
11256,276843,1,0,0,0
11257,234891,1,0,0,1
11258,29860,0,1,0,1
11259,167281,1,0,0,0
11260,44921,0,1,1,0
11261,223051,0,1,0,0
11262,23898,0,0,0,1
11263,63446,0,0,0,1
11264,51550,0,0,0,1
11265,186047,0,1,0,0
11266,127472,1,0,0,0
11267,211584,0,1,0,1
11268,135894,1,0,0,0
11269,162900,0,1,0,0
11270,109985,1,0,0,1
11271,115078,1,0,0,0
11272,64505,0,1,0,1
11273,41527,0,1,0,0
11274,88168,1,0,0,0
11275,18035,1,0,0,1
11276,54092,0,1,0,0
11277,237550,1,0,0,1
11278,123325,1,0,0,0
11279,280628,0,1,0,0
11280,268645,0,1,0,1
11281,246865,0,1,0,0
11282,21179,1,0,0,0
11283,185056,0,0,0,1
11284,243542,0,1,1,0
11285,37414,0,1,0,0
11286,123725,1,0,0,0
11287,120506,0,1,1,0
11288,2215,0,0,0,1
11289,77036,0,1,0,0
11290,86962,0,1,1,0
11291,87266,1,0,0,0
11292,151185,0,1,0,0
11293,241858,0,1,0,1
11294,208833,0,1,0,1
11295,92297,1,0,0,0
11296,239211,0,1,0,0
11297,69738,0,0,0,1
11298,158111,1,0,0,0
11299,233254,0,1,0,1
11300,63285,0,1,0,0
11301,50260,1,0,0,0
11302,109178,0,1,1,0
11303,119378,0,1,0,0
11304,52046,1,0,0,0
11305,191614,1,0,0,1
11306,245739,0,1,0,0
11307,72829,1,0,0,0
11308,114128,0,1,0,1
11309,25000,0,1,0,0
11310,161934,1,0,0,0
11311,145143,1,0,0,1
11312,216554,0,1,1,0
11313,269642,0,1,0,0
11314,175160,1,0,0,0
11315,186519,1,0,0,0
11316,117714,0,1,0,0
11317,86986,1,0,0,1
11318,9299,0,1,0,1
11319,206834,1,0,0,0
11320,262914,0,1,0,0
11321,54346,0,0,0,1
11322,170659,0,0,0,1
11323,108800,1,0,0,0
11324,9729,0,1,0,0
11325,125471,1,0,0,1
11326,129831,0,1,0,0
11327,47862,1,0,0,0
11328,264686,1,0,0,0
11329,35296,0,1,0,0
11330,19621,0,0,0,1
11331,123072,1,0,0,0
11332,220003,0,1,0,1
11333,170162,0,1,0,0
11334,177216,0,1,0,0
11335,63610,1,0,0,0
11336,84741,0,1,0,1
11337,30541,0,1,0,0
11338,2310,1,0,0,1
11339,79722,1,0,0,0
11340,188242,1,0,0,0
11341,273096,1,0,0,1
11342,131509,0,1,0,0
11343,113689,0,0,0,1
11344,171473,1,0,0,0
11345,43694,1,0,0,1
11346,35641,0,1,0,0
11347,53088,1,0,0,0
11348,41642,0,1,0,1
11349,2775,0,1,0,0
11350,134215,0,1,0,1
11351,179446,1,0,0,0
11352,116617,1,0,0,1
11353,218523,1,0,0,0
11354,79119,0,1,0,0
11355,200771,0,1,0,1
11356,195534,1,0,0,0
11357,53934,0,1,0,0
11358,112176,0,1,0,1
11359,21195,1,0,0,0
11360,266717,0,1,0,0
11361,284244,0,1,0,1
11362,225585,1,0,0,0
11363,216592,0,1,0,0
11364,235614,0,1,1,0
11365,94861,1,0,0,0
11366,172979,0,1,0,0
11367,105820,0,1,0,1
11368,123261,0,1,0,0
11369,28013,1,0,0,0
11370,28313,0,0,0,1
11371,236140,0,1,1,0
11372,239925,1,0,0,0
11373,47297,0,1,0,0
11374,18129,1,0,0,1
11375,106685,0,1,1,0
11376,175801,0,1,0,0
11377,61265,1,0,0,0
11378,16926,1,0,0,1
11379,198020,0,1,0,0
11380,174332,1,0,0,0
11381,22991,0,1,1,0
11382,174071,0,1,0,1
11383,162321,1,0,0,0
11384,58905,0,0,0,1
11385,66140,0,1,0,0
11386,197437,0,1,0,1
11387,217815,1,0,0,0
11388,199944,0,1,0,0
11389,240530,1,0,0,1
11390,263954,1,0,0,0
11391,1704,0,1,0,0
11392,95083,0,1,1,0
11393,46623,0,1,0,0
11394,218606,1,0,0,0
11395,183754,0,1,1,0
11396,115666,0,1,1,0
11397,263506,0,1,1,0
11398,181840,0,0,0,1
11399,165867,1,0,0,0
11400,264619,0,1,1,0
11401,18123,0,1,0,0
11402,50438,0,1,1,0
11403,50020,1,0,0,0
11404,15225,1,0,0,1
11405,89672,0,1,0,0
11406,46990,0,1,1,0
11407,65013,1,0,0,1
11408,78818,1,0,0,0
11409,119733,0,1,0,0
11410,100269,1,0,0,0
11411,183791,0,1,0,0
11412,268236,1,0,0,0
11413,103783,0,1,1,0
11414,230919,0,1,0,0
11415,107930,1,0,0,0
11416,200417,0,1,0,1
11417,79817,0,1,0,1
11418,10970,1,0,0,1
11419,80118,0,1,0,0
11420,114801,1,0,0,0
11421,127799,0,1,0,0
11422,97195,1,0,0,0
11423,10412,1,0,0,1
11424,200708,0,1,0,0
11425,9013,0,1,1,0
11426,214103,1,0,0,0
11427,7701,1,0,0,1
11428,162551,0,1,1,0
11429,159026,1,0,0,1
11430,76400,0,1,0,0
11431,58992,1,0,0,0
11432,242324,1,0,0,0
11433,246743,0,1,0,0
11434,90667,0,1,1,0
11435,15456,0,1,0,1
11436,188041,1,0,0,0
11437,185106,0,1,0,0
11438,72237,0,1,1,0
11439,276874,1,0,0,1
11440,217874,1,0,0,0
11441,205471,1,0,0,1
11442,180000,0,1,0,0
11443,216607,0,1,1,0
11444,238101,0,1,0,0
11445,154187,1,0,0,0
11446,135729,1,0,0,1
11447,24734,0,0,0,1
11448,179410,0,1,0,0
11449,186741,1,0,0,0
11450,58211,0,1,0,1
11451,137008,0,1,0,1
11452,246653,1,0,0,0
11453,35770,0,1,0,0
11454,178382,1,0,0,1
11455,206457,0,1,1,0
11456,89207,1,0,0,0
11457,144205,0,1,0,0
11458,252310,1,0,0,1
11459,82625,1,0,0,0
11460,198376,0,1,0,0
11461,212885,0,1,1,0
11462,268318,1,0,0,1
11463,76761,1,0,0,0
11464,263036,0,1,1,0
11465,99039,0,1,0,0
11466,58007,0,0,0,1
11467,197331,0,1,1,0
11468,161544,1,0,0,0
11469,278937,0,1,0,0
11470,133634,0,1,0,1
11471,252630,1,0,0,1
11472,234186,0,1,1,0
11473,116001,0,1,0,0
11474,39462,1,0,0,0
11475,254774,0,1,1,0
11476,99114,0,1,1,0
11477,203958,1,0,0,0
11478,151631,0,1,0,0
11479,246097,0,0,0,1
11480,204312,1,0,0,1
11481,69388,1,0,0,0
11482,46287,0,1,0,0
11483,199535,0,1,1,0
11484,6503,1,0,0,1
11485,14192,1,0,0,0
11486,71038,0,1,0,0
11487,119729,0,1,1,0
11488,53708,0,1,0,0
11489,201155,0,0,0,1
11490,210784,1,0,0,0
11491,279159,0,1,0,0
11492,181772,1,0,0,0
11493,77224,0,1,0,1
11494,117581,0,1,1,0
11495,99316,1,0,0,0
11496,76737,0,1,0,0
11497,86728,1,0,0,0
11498,212812,1,0,0,1
11499,51297,0,1,0,1
11500,203489,0,1,0,0
11501,95424,1,0,0,0
11502,229592,0,1,0,0
11503,169517,1,0,0,0
11504,98428,0,1,0,1
11505,164712,0,1,0,0
11506,60746,1,0,0,1
11507,8163,1,0,0,0
11508,194400,0,1,0,0
11509,136208,0,1,0,1
11510,108000,0,1,1,0
11511,106705,1,0,0,0
11512,201609,0,1,0,0
11513,203743,0,1,1,0
11514,236261,1,0,0,0
11515,151088,1,0,0,1
11516,139736,1,0,0,0
11517,243512,1,0,0,1
11518,108559,0,1,0,0
11519,254167,1,0,0,0
11520,69392,1,0,0,1
11521,5491,0,1,1,0
11522,249125,0,1,0,0
11523,8173,1,0,0,1
11524,145091,1,0,0,0
11525,32301,0,1,0,0
11526,229219,0,1,0,1
11527,64097,1,0,0,0
11528,272979,0,1,0,0
11529,243795,0,1,1,0
11530,231915,0,1,1,0
11531,60418,0,1,1,0
11532,103623,0,1,1,0
11533,226676,0,0,0,1
11534,232919,1,0,0,0
11535,218354,0,0,0,1
11536,39872,0,1,0,0
11537,211804,1,0,0,0
11538,90008,0,1,0,0
11539,227096,1,0,0,0
11540,108601,0,1,0,0
11541,45124,0,1,1,0
11542,233594,1,0,0,1
11543,32608,1,0,0,0
11544,119393,0,1,0,0
11545,30963,0,1,0,1
11546,150776,1,0,0,1
11547,194464,0,1,0,0
11548,162603,1,0,0,0
11549,49690,0,1,0,1
11550,254537,0,1,1,0
11551,125696,0,1,0,0
11552,121875,1,0,0,0
11553,148142,0,1,0,1
11554,107172,0,1,0,0
11555,160525,1,0,0,0
11556,169935,0,1,0,0
11557,90219,1,0,0,1
11558,265557,1,0,0,0
11559,112464,1,0,0,1
11560,277407,0,1,0,0
11561,203460,1,0,0,0
11562,132620,1,0,0,1
11563,58539,0,1,1,0
11564,188015,1,0,0,0
11565,59080,0,1,0,1
11566,18703,0,1,0,0
11567,95201,1,0,0,0
11568,215930,0,1,1,0
11569,110866,0,1,0,0
11570,203586,0,1,0,1
11571,39411,1,0,0,0
11572,88468,1,0,0,1
11573,292482,0,1,0,0
11574,84796,1,0,0,0
11575,96312,0,1,0,0
11576,113789,0,1,0,1
11577,125076,1,0,0,1
11578,62128,1,0,0,0
11579,24254,0,1,0,0
11580,255687,1,0,0,0
11581,240471,0,1,0,1
11582,275970,0,1,0,0
11583,74153,1,0,0,0
11584,84082,0,1,0,1
11585,38757,0,1,0,1
11586,266974,0,1,1,0
11587,229111,0,1,0,0
11588,161156,1,0,0,0
11589,238535,0,1,1,0
11590,7311,1,0,0,1
11591,185537,1,0,0,1
11592,107041,0,1,0,0
11593,173837,0,1,1,0
11594,52729,1,0,0,0
11595,97554,0,1,0,1
11596,106000,0,1,0,0
11597,13971,0,1,0,1
11598,198819,1,0,0,0
11599,10545,0,1,0,1
11600,61056,0,1,0,0
11601,75801,1,0,0,0
11602,81518,0,0,0,1
11603,72270,1,0,0,0
11604,161578,0,1,0,0
11605,28296,0,1,1,0
11606,235291,1,0,0,0
11607,80964,0,1,0,0
11608,126185,0,1,0,1
11609,291870,1,0,0,0
11610,55278,0,1,0,1
11611,114323,0,1,0,0
11612,31133,1,0,0,0
11613,118459,0,1,0,0
11614,7631,0,1,1,0
11615,186586,1,0,0,0
11616,165747,0,1,0,0
11617,121562,1,0,0,1
11618,186641,0,1,0,0
11619,128236,0,1,0,1
11620,200335,1,0,0,0
11621,28481,0,1,0,1
11622,195438,0,1,0,0
11623,127358,1,0,0,0
11624,109010,0,1,0,0
11625,206217,1,0,0,1
11626,102640,0,1,1,0
11627,38304,1,0,0,0
11628,181988,0,1,0,1
11629,28096,0,1,0,0
11630,725,1,0,0,1
11631,15395,1,0,0,0
11632,123032,0,1,0,0
11633,1940,1,0,0,0
11634,214431,1,0,0,1
11635,59311,0,1,1,0
11636,198616,1,0,0,0
11637,205852,1,0,0,1
11638,60874,0,1,1,0
11639,112945,0,1,0,0
11640,87426,0,1,1,0
11641,71812,0,1,0,0
11642,133534,1,0,0,1
11643,100355,1,0,0,0
11644,270464,1,0,0,1
11645,138711,0,1,0,0
11646,114529,1,0,0,0
11647,150204,0,1,0,1
11648,149196,0,1,0,1
11649,228173,0,1,0,0
11650,206498,1,0,0,0
11651,285243,0,1,0,1
11652,274419,1,0,0,0
11653,76550,0,1,0,0
11654,54058,1,0,0,1
11655,261104,1,0,0,1
11656,181608,1,0,0,0
11657,206444,0,1,0,0
11658,227739,0,1,0,1
11659,70578,0,0,0,1
11660,223473,1,0,0,0
11661,101532,0,1,0,0
11662,37940,1,0,0,1
11663,159852,0,1,0,1
11664,41381,1,0,0,0
11665,27188,0,1,0,0
11666,23749,0,1,0,1
11667,266544,1,0,0,0
11668,235500,0,1,1,0
11669,141345,0,0,0,1
11670,279013,0,1,0,0
11671,233909,1,0,0,0
11672,244802,1,0,0,1
11673,89314,0,1,1,0
11674,141522,0,1,0,0
11675,8084,1,0,0,0
11676,142768,0,1,0,0
11677,16712,0,1,1,0
11678,57439,1,0,0,0
11679,55733,0,1,0,0
11680,160672,1,0,0,1
11681,288121,0,1,0,0
11682,108172,1,0,0,0
11683,63322,1,0,0,1
11684,217703,0,1,0,0
11685,276762,1,0,0,0
11686,234165,1,0,0,1
11687,24529,0,1,0,0
11688,244076,0,0,0,1
11689,276728,0,1,1,0
11690,76894,1,0,0,0
11691,92622,1,0,0,1
11692,105541,1,0,0,0
11693,94194,0,1,0,0
11694,239717,1,0,0,0
11695,88804,1,0,0,1
11696,21090,0,1,0,1
11697,59676,0,1,1,0
11698,74313,0,1,0,0
11699,67194,1,0,0,0
11700,223488,0,1,0,1
11701,145229,0,1,0,0
11702,175789,1,0,0,0
11703,201589,0,1,0,1
11704,46670,0,1,1,0
11705,47052,1,0,0,0
11706,91467,0,1,0,0
11707,150981,0,1,1,0
11708,289,0,1,0,1
11709,84371,0,1,0,1
11710,250989,1,0,0,0
11711,223931,1,0,0,1
11712,168584,0,1,0,0
11713,277595,1,0,0,0
11714,155412,1,0,0,1
11715,229044,0,1,0,0
11716,233902,1,0,0,0
11717,35273,0,1,0,1
11718,20788,0,1,0,1
11719,7445,0,1,0,0
11720,8850,1,0,0,0
11721,236408,1,0,0,0
11722,168928,0,1,0,0
11723,75895,0,1,0,0
11724,206137,1,0,0,0
11725,26969,0,1,0,1
11726,241613,0,1,1,0
11727,98272,0,1,0,0
11728,98026,0,0,0,1
11729,109141,1,0,0,0
11730,63063,0,1,0,1
11731,251710,1,0,0,1
11732,3871,1,0,0,0
11733,158240,0,1,0,0
11734,187600,1,0,0,0
11735,129251,0,1,1,0
11736,47542,1,0,0,0
11737,99576,0,1,0,0
11738,171515,0,1,0,1
11739,34865,0,1,0,0
11740,261191,1,0,0,0
11741,168209,1,0,0,1
11742,149421,1,0,0,1
11743,89607,0,1,0,0
11744,75561,1,0,0,0
11745,23217,0,1,0,1
11746,60087,0,1,0,0
11747,149401,1,0,0,0
11748,140414,0,0,0,1
11749,73840,0,1,0,0
11750,91452,1,0,0,1
11751,140679,0,1,0,1
11752,102315,1,0,0,0
11753,68047,1,0,0,1
11754,15044,0,1,0,0
11755,58038,1,0,0,0
11756,203745,0,1,0,0
11757,145129,0,0,0,1
11758,259938,1,0,0,0
11759,199776,1,0,0,1
11760,210952,1,0,0,1
11761,124745,0,1,0,0
11762,186599,0,1,1,0
11763,232769,1,0,0,0
11764,46025,0,1,0,0
11765,113361,1,0,0,0
11766,53731,1,0,0,1
11767,76546,0,1,0,1
11768,236442,0,1,0,0
11769,129387,1,0,0,1
11770,20672,1,0,0,0
11771,171764,0,1,0,1
11772,33671,0,1,0,0
11773,16601,0,1,0,0
11774,189242,1,0,0,0
11775,137246,0,1,0,1
11776,46057,1,0,0,0
11777,195376,0,1,0,0
11778,219258,0,0,0,1
11779,241286,1,0,0,0
11780,196717,0,1,0,0
11781,129625,0,1,0,1
11782,117968,1,0,0,0
11783,128560,0,0,0,1
11784,229190,0,1,0,0
11785,151060,0,0,0,1
11786,253303,1,0,0,0
11787,97858,1,0,0,1
11788,111382,0,1,1,0
11789,100405,0,1,0,0
11790,201429,1,0,0,0
11791,56575,0,1,0,1
11792,18338,0,1,0,0
11793,77366,1,0,0,0
11794,173315,0,1,0,1
11795,175787,0,1,0,1
11796,186534,0,1,0,0
11797,47113,0,1,0,1
11798,109498,1,0,0,0
11799,212849,0,1,0,1
11800,164935,0,1,0,0
11801,203203,1,0,0,0
11802,70547,0,1,1,0
11803,240994,1,0,0,0
11804,160423,0,0,0,1
11805,165745,0,1,0,0
11806,124130,0,1,0,1
11807,214796,1,0,0,0
11808,10850,0,1,0,0
11809,104048,1,0,0,0
11810,36349,1,0,0,1
11811,62356,0,1,0,0
11812,52711,1,0,0,1
11813,275416,1,0,0,0
11814,63159,1,0,0,1
11815,88585,0,1,0,0
11816,223186,0,1,0,1
11817,50630,1,0,0,0
11818,65585,0,1,0,1
11819,226324,0,1,0,0
11820,232705,1,0,0,0
11821,276697,0,1,0,0
11822,43725,1,0,0,1
11823,23638,1,0,0,1
11824,120999,0,1,0,0
11825,142841,1,0,0,0
11826,196514,0,1,0,1
11827,215441,0,1,0,0
11828,55637,1,0,0,0
11829,172270,0,1,0,1
11830,166808,0,1,0,0
11831,184458,0,1,1,0
11832,273893,1,0,0,0
11833,108074,0,1,0,0
11834,78603,0,1,1,0
11835,198775,0,1,0,0
11836,52914,1,0,0,0
11837,261321,0,0,0,1
11838,224755,0,1,1,0
11839,126200,0,1,0,0
11840,144310,1,0,0,0
11841,7556,1,0,0,1
11842,41012,0,1,1,0
11843,179473,0,1,1,0
11844,564,1,0,0,0
11845,163168,1,0,0,1
11846,223472,0,1,0,0
11847,271676,0,1,1,0
11848,208856,0,1,0,1
11849,180994,1,0,0,0
11850,236583,0,1,1,0
11851,64266,0,1,0,0
11852,179261,1,0,0,1
11853,101374,1,0,0,0
11854,49392,0,1,0,0
11855,139408,1,0,0,0
11856,133285,1,0,0,1
11857,9111,1,0,0,1
11858,66036,1,0,0,0
11859,159674,1,0,0,1
11860,273139,0,1,0,0
11861,68275,0,1,0,1
11862,80208,1,0,0,0
11863,243029,0,1,0,1
11864,198969,0,1,0,1
11865,78317,0,1,0,0
11866,34363,1,0,0,0
11867,74414,1,0,0,0
11868,18284,1,0,0,1
11869,175492,0,1,0,0
11870,185983,1,0,0,0
11871,226232,0,1,1,0
11872,167616,0,1,0,1
11873,263907,0,1,0,0
11874,211310,0,1,0,1
11875,244300,1,0,0,0
11876,236896,0,0,0,1
11877,148715,0,1,0,0
11878,27637,0,1,1,0
11879,19798,1,0,0,0
11880,229225,0,1,0,1
11881,106041,0,1,0,0
11882,176205,1,0,0,0
11883,6494,0,1,0,0
11884,278804,1,0,0,1
11885,184505,1,0,0,0
11886,229995,0,1,0,0
11887,93426,1,0,0,0
11888,40975,0,1,0,1
11889,72485,1,0,0,1
11890,8464,0,1,1,0
11891,53588,0,1,0,0
11892,74698,1,0,0,0
11893,168592,0,1,1,0
11894,136122,0,1,0,0
11895,242341,1,0,0,0
11896,123120,0,0,0,1
11897,294601,1,0,0,1
11898,10910,0,1,0,0
11899,251721,1,0,0,0
11900,62392,1,0,0,1
11901,3939,0,1,0,0
11902,26632,1,0,0,0
11903,778,0,1,1,0
11904,222134,1,0,0,0
11905,274077,0,1,0,0
11906,108009,1,0,0,1
11907,130613,1,0,0,1
11908,13696,0,1,0,0
11909,71810,1,0,0,0
11910,211985,0,1,1,0
11911,215609,0,1,0,0
11912,18541,0,1,0,1
11913,179823,1,0,0,0
11914,186671,0,1,0,1
11915,212665,0,1,0,0
11916,181964,0,0,0,1
11917,274733,1,0,0,0
11918,283958,0,0,0,1
11919,16693,0,1,1,0
11920,248215,0,1,0,0
11921,156835,1,0,0,0
11922,12781,0,1,0,1
11923,34008,0,1,0,0
11924,266027,1,0,0,0
11925,252730,0,1,1,0
11926,58021,1,0,0,1
11927,230747,0,1,0,0
11928,73336,1,0,0,0
11929,166257,1,0,0,1
11930,129388,1,0,0,0
11931,135804,0,1,0,0
11932,141597,0,1,1,0
11933,163471,0,1,0,1
11934,1598,0,1,1,0
11935,157286,0,1,0,1
11936,60284,1,0,0,0
11937,149733,0,1,0,0
11938,90236,1,0,0,1
11939,54538,0,0,0,1
11940,108385,0,1,1,0
11941,3995,1,0,0,0
11942,96033,0,1,0,0
11943,54826,1,0,0,1
11944,5537,1,0,0,0
11945,159155,1,0,0,0
11946,132112,0,1,0,1
11947,137791,0,1,0,0
11948,230014,1,0,0,0
11949,135608,0,1,0,1
11950,27845,0,1,0,0
11951,98622,1,0,0,0
11952,187376,1,0,0,1
11953,139174,0,1,0,0
11954,80308,1,0,0,1
11955,191832,1,0,0,0
11956,50680,0,1,0,0
11957,8921,0,0,0,1
11958,58438,1,0,0,0
11959,254190,0,1,0,1
11960,167017,0,1,0,0
11961,212130,1,0,0,0
11962,251051,0,0,0,1
11963,135787,0,1,0,0
11964,20676,1,0,0,0
11965,255542,0,1,1,0
11966,220183,0,1,0,0
11967,158915,1,0,0,0
11968,3992,1,0,0,1
11969,35206,0,1,1,0
11970,52858,0,1,0,0
11971,178064,1,0,0,0
11972,229607,1,0,0,1
11973,197037,0,1,0,1
11974,256105,1,0,0,0
11975,182362,0,1,0,0
11976,191011,0,1,1,0
11977,278763,0,1,0,1
11978,83702,0,1,1,0
11979,231820,0,1,0,0
11980,275641,1,0,0,0
11981,179412,0,0,0,1
11982,76007,1,0,0,0
11983,271920,0,0,0,1
11984,262263,0,1,0,0
11985,92963,0,0,0,1
11986,225377,0,1,0,0
11987,278142,1,0,0,0
11988,239847,0,0,0,1
11989,214947,1,0,0,0
11990,277154,0,1,0,0
11991,41628,1,0,0,1
11992,269165,1,0,0,0
11993,78594,0,1,0,0
11994,96424,1,0,0,1
11995,13470,1,0,0,0
11996,100311,0,1,0,0
11997,240166,1,0,0,0
11998,177699,0,1,0,0
11999,102683,1,0,0,0
12000,195624,0,1,0,1
12001,14994,0,1,1,0
12002,123475,0,1,0,1
12003,174159,0,1,0,0
12004,225817,1,0,0,0
12005,267305,0,0,0,1
12006,142648,0,1,1,0
12007,131220,0,0,0,1
12008,39898,0,1,0,0
12009,155938,1,0,0,0
12010,199402,0,0,0,1
12011,261091,0,1,1,0
12012,58351,1,0,0,0
12013,96251,0,1,0,0
12014,116738,0,1,0,0
12015,13946,1,0,0,0
12016,3018,0,1,0,1
12017,231857,1,0,0,0
12018,26815,0,1,0,0
12019,102615,0,0,0,1
12020,70898,1,0,0,0
12021,141385,0,1,0,1
12022,278811,0,1,0,0
12023,167725,0,1,0,1
12024,221342,0,0,0,1
12025,30175,1,0,0,0
12026,68471,0,1,1,0
12027,1969,0,1,1,0
12028,153161,0,1,0,1
12029,162036,0,1,0,0
12030,130751,0,1,0,1
12031,31786,1,0,0,0
12032,213827,1,0,0,1
12033,196609,0,1,0,0
12034,134977,1,0,0,1
12035,8069,1,0,0,0
12036,171641,0,1,0,0
12037,221580,0,1,1,0
12038,215545,0,1,0,1
12039,226240,1,0,0,0
12040,207815,0,1,1,0
12041,181167,0,1,0,0
12042,90515,0,1,1,0
12043,258548,1,0,0,0
12044,8229,1,0,0,1
12045,179381,0,1,0,0
12046,259657,1,0,0,0
12047,125989,0,0,0,1
12048,200605,1,0,0,0
12049,168114,0,1,0,0
12050,185741,0,1,1,0
12051,57278,1,0,0,0
12052,111180,0,1,0,0
12053,189120,0,0,0,1
12054,50713,1,0,0,0
12055,268838,0,1,0,1
12056,222575,0,1,0,0
12057,18093,1,0,0,0
12058,208614,0,1,0,0
12059,241844,0,1,1,0
12060,33986,0,1,0,0
12061,111920,0,1,1,0
12062,84337,1,0,0,0
12063,84802,0,1,1,0
12064,29833,0,1,0,0
12065,118009,1,0,0,0
12066,83626,0,1,0,1
12067,194513,1,0,0,1
12068,97545,1,0,0,0
12069,114917,1,0,0,1
12070,235248,0,1,0,0
12071,7269,1,0,0,0
12072,185137,0,1,0,0
12073,194833,0,1,0,1
12074,15452,1,0,0,0
12075,109883,0,1,0,0
12076,148679,0,1,1,0
12077,20940,1,0,0,0
12078,475,0,1,0,0
12079,153904,0,1,0,1
12080,238442,0,1,1,0
12081,285083,0,0,0,1
12082,2825,0,0,0,1
12083,164247,1,0,0,0
12084,224158,0,1,0,0
12085,126260,1,0,0,1
12086,3536,1,0,0,0
12087,42185,0,1,0,0
12088,268142,1,0,0,0
12089,171341,0,1,1,0
12090,229378,0,1,1,0
12091,122414,1,0,0,1
12092,221792,0,1,0,0
12093,58467,1,0,0,0
12094,91087,1,0,0,0
12095,248700,1,0,0,1
12096,114737,0,1,1,0
12097,245204,0,1,0,0
12098,238192,0,1,1,0
12099,110122,0,1,1,0
12100,69444,1,0,0,0
12101,175368,0,1,0,0
12102,194506,0,1,0,1
12103,79388,0,1,1,0
12104,216239,1,0,0,0
12105,182252,0,1,0,0
12106,85128,1,0,0,0
12107,157146,0,1,1,0
12108,103471,0,1,0,0
12109,224518,0,1,1,0
12110,54199,0,1,0,0
12111,43680,1,0,0,0
12112,182103,0,1,1,0
12113,283087,1,0,0,0
12114,87805,0,1,0,0
12115,93887,0,1,0,1
12116,187402,1,0,0,0
12117,169049,0,1,0,0
12118,47168,0,1,0,1
12119,85283,0,1,1,0
12120,156075,1,0,0,0
12121,143214,0,1,0,0
12122,97811,1,0,0,0
12123,17690,0,1,0,1
12124,54017,0,1,0,0
12125,241316,0,1,1,0
12126,18925,0,1,1,0
12127,109024,1,0,0,0
12128,61089,0,1,0,0
12129,235745,0,1,0,0
12130,76701,1,0,0,1
12131,47885,1,0,0,0
12132,294839,0,1,0,1
12133,133423,0,1,0,0
12134,154684,1,0,0,0
12135,233126,0,1,0,0
12136,142167,1,0,0,0
12137,172317,1,0,0,1
12138,144291,0,1,0,0
12139,166732,1,0,0,0
12140,95689,0,1,1,0
12141,119840,0,1,0,0
12142,140903,1,0,0,0
12143,56955,1,0,0,1
12144,21521,0,1,0,0
12145,173250,1,0,0,0
12146,190980,1,0,0,0
12147,191815,0,1,0,0
12148,234036,1,0,0,1
12149,191574,1,0,0,0
12150,178549,0,1,0,1
12151,152574,1,0,0,1
12152,253248,1,0,0,0
12153,274729,0,1,0,0
12154,45057,0,1,1,0
12155,196021,1,0,0,0
12156,48071,0,1,0,0
12157,238939,0,1,0,1
12158,235184,1,0,0,0
12159,105470,1,0,0,1
12160,139119,0,1,1,0
12161,84537,0,1,0,0
12162,51151,1,0,0,0
12163,150524,0,1,0,1
12164,178853,0,1,0,0
12165,242938,1,0,0,0
12166,217335,0,1,0,1
12167,229047,0,1,1,0
12168,93391,0,1,0,0
12169,76994,1,0,0,0
12170,226467,1,0,0,0
12171,108660,0,1,0,1
12172,142459,0,1,0,0
12173,215717,1,0,0,0
12174,153616,1,0,0,1
12175,153658,1,0,0,1
12176,49330,0,1,0,0
12177,148909,1,0,0,0
12178,64634,1,0,0,1
12179,25913,0,1,0,0
12180,34280,1,0,0,0
12181,83716,0,1,0,1
12182,108974,0,1,0,1
12183,861,0,1,1,0
12184,70823,0,1,0,0
12185,201943,0,1,0,1
12186,134331,1,0,0,0
12187,164980,1,0,0,0
12188,241575,0,1,0,1
12189,34541,0,1,0,1
12190,262308,0,1,0,0
12191,48305,1,0,0,0
12192,100263,0,1,0,1
12193,207632,0,1,0,0
12194,27430,0,1,1,0
12195,102169,1,0,0,1
12196,198513,1,0,0,0
12197,200126,1,0,0,1
12198,220428,0,1,0,0
12199,114707,0,1,0,1
12200,55937,1,0,0,0
12201,168498,0,1,0,0
12202,240427,0,0,0,1
12203,109624,0,0,0,1
12204,287401,1,0,0,0
12205,262185,0,1,0,0
12206,229265,0,1,1,0
12207,58842,0,1,0,1
12208,84383,1,0,0,0
12209,37492,0,1,0,0
12210,1658,0,1,1,0
12211,219858,0,1,1,0
12212,258761,0,0,0,1
12213,191032,0,1,0,0
12214,101314,1,0,0,0
12215,276251,0,1,0,1
12216,173212,1,0,0,0
12217,244139,1,0,0,1
12218,129091,0,1,0,0
12219,126134,0,1,1,0
12220,182000,0,1,1,0
12221,273364,1,0,0,0
12222,226398,1,0,0,1
12223,265506,1,0,0,1
12224,239494,0,1,0,0
12225,41225,1,0,0,0
12226,138021,1,0,0,1
12227,21257,0,1,0,0
12228,101176,0,1,1,0
12229,200645,0,1,0,0
12230,113429,1,0,0,0
12231,175207,0,1,1,0
12232,250776,0,0,0,1
12233,212200,0,1,0,0
12234,239719,0,1,0,1
12235,106704,1,0,0,0
12236,94869,1,0,0,0
12237,74835,1,0,0,1
12238,105720,0,1,0,0
12239,233041,0,1,0,1
12240,99106,1,0,0,0
12241,195229,0,1,0,1
12242,68059,0,1,0,0
12243,278905,1,0,0,1
12244,16631,0,1,0,1
12245,75529,1,0,0,0
12246,281394,1,0,0,1
12247,212077,0,1,0,1
12248,162326,0,1,0,0
12249,38264,1,0,0,0
12250,243555,0,1,0,1
12251,131698,0,1,0,0
12252,203317,1,0,0,0
12253,150771,1,0,0,1
12254,225970,0,1,0,0
12255,226028,0,0,0,1
12256,103757,1,0,0,0
12257,211506,0,1,0,0
12258,40110,0,1,1,0
12259,73302,1,0,0,0
12260,106141,0,1,1,0
12261,219179,0,1,1,0
12262,230741,0,1,0,0
12263,127723,1,0,0,0
12264,40717,0,0,0,1
12265,26419,1,0,0,0
12266,24607,0,1,0,0
12267,193274,0,0,0,1
12268,182496,1,0,0,0
12269,48668,0,1,0,0
12270,31532,1,0,0,0
12271,117114,0,0,0,1
12272,228388,0,1,0,0
12273,223987,0,1,0,1
12274,43964,1,0,0,0
12275,151186,1,0,0,1
12276,116175,1,0,0,0
12277,161188,0,1,0,1
12278,188878,0,1,0,0
12279,91599,1,0,0,0
12280,14197,0,1,0,1
12281,58860,0,1,1,0
12282,62543,0,1,0,0
12283,102763,1,0,0,1
12284,232927,1,0,0,0
12285,69080,1,0,0,1
12286,55333,1,0,0,1
12287,141500,0,1,0,0
12288,25602,1,0,0,0
12289,226645,0,1,1,0
12290,124266,0,1,0,0
12291,165057,0,1,1,0
12292,157903,0,1,0,1
12293,194157,1,0,0,0
12294,191078,0,1,1,0
12295,217094,1,0,0,0
12296,270289,0,1,0,0
12297,131055,1,0,0,0
12298,28895,0,1,0,1
12299,201031,0,0,0,1
12300,225396,0,1,0,0
12301,292876,1,0,0,0
12302,258805,0,0,0,1
12303,62037,0,1,0,0
12304,14726,1,0,0,0
12305,193504,0,1,0,1
12306,50382,0,1,0,0
12307,223867,1,0,0,0
12308,170491,1,0,0,0
12309,1932,0,1,0,0
12310,37917,0,0,0,1
12311,267052,1,0,0,0
12312,135747,0,1,0,0
12313,165576,1,0,0,0
12314,54106,0,1,0,1
12315,232868,0,1,0,0
12316,128802,0,1,0,1
12317,201489,1,0,0,0
12318,66558,1,0,0,0
12319,79337,0,1,0,0
12320,63516,0,1,0,1
12321,53380,0,1,1,0
12322,215687,0,1,0,0
12323,272140,0,1,1,0
12324,258090,1,0,0,0
12325,207324,1,0,0,1
12326,144122,0,1,0,1
12327,72324,0,1,0,0
12328,128679,1,0,0,0
12329,217253,0,1,0,0
12330,78378,1,0,0,0
12331,126598,0,0,0,1
12332,266449,1,0,0,1
12333,196434,0,1,0,0
12334,22239,1,0,0,0
12335,15981,1,0,0,1
12336,260873,0,1,0,0
12337,209579,1,0,0,0
12338,94624,0,1,1,0
12339,51598,1,0,0,1
12340,54208,0,1,0,0
12341,68960,1,0,0,0
12342,10123,0,1,1,0
12343,126639,0,1,0,0
12344,227657,1,0,0,1
12345,134235,0,1,0,0
12346,150058,1,0,0,0
12347,198988,1,0,0,1
12348,67441,0,1,0,0
12349,125578,1,0,0,0
12350,141575,0,1,0,1
12351,86786,0,1,1,0
12352,264246,1,0,0,0
12353,165213,0,1,0,0
12354,14731,0,1,0,0
12355,222158,1,0,0,0
12356,137871,0,1,1,0
12357,90608,1,0,0,1
12358,244698,0,1,0,0
12359,44399,0,1,1,0
12360,32391,1,0,0,1
12361,216332,1,0,0,0
12362,154427,0,1,0,0
12363,115732,1,0,0,1
12364,75788,1,0,0,1
12365,135352,0,1,0,0
12366,7993,1,0,0,0
12367,129597,0,1,0,1
12368,158617,0,1,1,0
12369,23583,0,1,0,0
12370,247042,1,0,0,0
12371,181006,1,0,0,1
12372,65955,0,1,0,0
12373,214692,0,0,0,1
12374,137507,0,1,1,0
12375,164934,1,0,0,0
12376,25204,0,1,0,0
12377,115068,1,0,0,0
12378,178218,0,1,0,1
12379,177225,0,1,0,0
12380,35078,1,0,0,1
12381,188614,0,1,0,0
12382,253886,1,0,0,0
12383,10356,0,1,0,1
12384,76434,0,1,1,0
12385,84217,0,1,0,1
12386,112501,1,0,0,0
12387,154052,0,1,0,0
12388,242577,1,0,0,1
12389,50970,1,0,0,0
12390,206732,0,1,0,0
12391,149347,0,1,1,0
12392,126820,1,0,0,0
12393,125956,0,1,0,1
12394,169095,0,1,0,0
12395,45070,0,1,0,1
12396,204966,0,1,0,0
12397,125927,1,0,0,0
12398,206658,1,0,0,1
12399,252390,1,0,0,1
12400,61806,0,1,0,0
12401,194,1,0,0,0
12402,4457,0,0,0,1
12403,239819,0,1,0,0
12404,179207,1,0,0,1
12405,272981,1,0,0,0
12406,45406,1,0,0,1
12407,50966,0,1,1,0
12408,259112,0,1,0,0
12409,862,1,0,0,0
12410,229557,1,0,0,1
12411,96415,0,1,1,0
12412,198711,0,1,1,0
12413,29891,1,0,0,1
12414,84028,1,0,0,0
12415,78998,0,1,0,0
12416,129276,1,0,0,1
12417,159798,1,0,0,0
12418,167061,0,1,0,0
12419,214295,1,0,0,1
12420,168189,0,1,0,1
12421,137993,1,0,0,0
12422,69145,0,1,0,0
12423,134693,0,1,0,0
12424,178871,1,0,0,0
12425,164692,0,1,0,0
12426,222881,1,0,0,0
12427,15922,0,1,0,0
12428,20919,0,1,0,1
12429,121999,1,0,0,1
12430,99050,1,0,0,0
12431,120348,0,1,0,0
12432,32847,1,0,0,0
12433,54118,0,1,0,0
12434,181199,0,1,0,1
12435,223178,0,1,0,1
12436,194754,0,1,0,0
12437,8404,1,0,0,0
12438,90959,1,0,0,1
12439,99587,0,1,1,0
12440,124987,0,1,0,1
12441,215777,1,0,0,0
12442,74400,0,1,0,0
12443,60402,0,1,0,0
12444,206573,1,0,0,0
12445,206169,0,1,1,0
12446,195235,0,1,1,0
12447,129636,0,1,0,0
12448,39280,1,0,0,0
12449,175578,0,1,1,0
12450,108309,0,1,1,0
12451,91370,0,1,1,0
12452,42054,1,0,0,0
12453,187264,0,1,0,0
12454,95016,0,1,1,0
12455,67211,0,1,0,1
12456,252853,0,1,0,0
12457,92718,1,0,0,0
12458,69549,0,1,0,1
12459,112280,1,0,0,0
12460,77696,0,1,0,0
12461,128194,0,1,1,0
12462,63505,0,1,1,0
12463,21410,0,0,0,1
12464,102409,0,1,1,0
12465,156463,1,0,0,0
12466,215909,0,1,0,0
12467,103197,0,1,0,1
12468,193150,0,0,0,1
12469,282304,0,1,1,0
12470,186468,1,0,0,0
12471,228313,0,1,0,0
12472,4039,1,0,0,1
12473,207559,0,1,1,0
12474,221537,1,0,0,0
12475,136083,0,1,0,0
12476,190732,0,1,0,1
12477,224917,0,1,0,0
12478,10543,1,0,0,0
12479,139569,1,0,0,1
12480,73081,1,0,0,1
12481,258890,1,0,0,0
12482,32300,0,1,0,0
12483,25657,0,1,1,0
12484,90166,0,1,1,0
12485,164609,0,1,0,0
12486,34985,1,0,0,0
12487,168112,0,0,0,1
12488,100186,0,1,0,0
12489,213174,1,0,0,0
12490,200755,0,1,0,1
12491,263332,0,1,0,0
12492,113668,0,1,0,1
12493,67036,1,0,0,0
12494,231699,0,0,0,1
12495,257711,0,1,0,0
12496,79708,0,1,1,0
12497,271905,1,0,0,0
12498,43865,0,1,0,1
12499,232578,0,1,1,0
12500,140540,0,1,1,0
12501,244505,1,0,0,1
12502,31436,0,1,0,0
12503,237137,1,0,0,0
12504,208462,1,0,0,1
12505,128067,1,0,0,0
12506,181177,0,1,0,1
12507,182026,0,1,1,0
12508,114366,1,0,0,0
12509,67724,0,1,0,1
12510,199046,0,1,0,0
12511,35958,0,1,0,0
12512,21732,1,0,0,0
12513,7537,1,0,0,0
12514,51234,1,0,0,1
12515,25915,0,1,0,0
12516,176830,0,0,0,1
12517,186502,0,1,0,1
12518,144124,1,0,0,0
12519,139365,0,1,0,0
12520,80405,0,1,1,0
12521,100630,0,1,0,1
12522,285644,1,0,0,0
12523,6831,0,1,0,0
12524,106409,1,0,0,1
12525,187196,0,1,0,0
12526,150439,1,0,0,0
12527,47746,0,1,0,1
12528,62013,0,1,0,0
12529,206802,0,0,0,1
12530,158481,1,0,0,0
12531,204464,0,1,0,1
12532,238023,0,1,0,1
12533,49256,0,1,0,1
12534,23149,0,1,0,0
12535,70648,1,0,0,0
12536,58078,0,1,0,0
12537,159442,1,0,0,0
12538,195033,0,1,0,1
12539,18055,0,1,1,0
12540,129817,1,0,0,1
12541,238401,1,0,0,1
12542,129379,1,0,0,0
12543,102533,0,1,0,0
12544,204604,1,0,0,0
12545,169988,0,0,0,1
12546,100695,0,1,0,0
12547,291758,0,0,0,1
12548,59239,1,0,0,0
12549,71584,0,0,0,1
12550,174540,0,1,0,0
12551,1134,1,0,0,0
12552,123715,1,0,0,1
12553,166891,0,0,0,1
12554,32610,0,1,0,0
12555,148426,1,0,0,0
12556,129770,0,1,1,0
12557,90940,0,1,0,0
12558,120552,1,0,0,1
12559,3927,1,0,0,0
12560,8707,1,0,0,1
12561,231268,0,1,0,0
12562,19103,1,0,0,1
12563,289182,1,0,0,0
12564,200281,1,0,0,1
12565,89679,0,1,0,1
12566,96267,0,1,0,0
12567,256539,1,0,0,0
12568,153916,0,1,0,1
12569,122515,0,1,0,0
12570,243265,1,0,0,0
12571,171327,0,1,0,0
12572,84445,0,1,0,0
12573,242669,1,0,0,0
12574,230655,0,1,1,0
12575,219404,0,1,1,0
12576,99982,0,1,0,0
12577,26493,1,0,0,0
12578,171261,1,0,0,1
12579,98596,0,1,0,1
12580,292648,0,1,0,0
12581,227029,0,1,0,1
12582,101847,1,0,0,0
12583,54563,0,0,0,1
12584,220123,0,1,0,0
12585,33168,1,0,0,0
12586,11353,0,1,0,0
12587,77512,1,0,0,1
12588,217455,1,0,0,0
12589,197385,0,1,0,0
12590,142727,0,1,0,1
12591,170805,1,0,0,0
12592,169507,0,1,1,0
12593,86127,0,1,0,0
12594,27226,1,0,0,0
12595,20844,1,0,0,1
12596,1471,0,1,1,0
12597,76089,0,1,0,0
12598,87539,1,0,0,0
12599,52235,0,1,1,0
12600,234059,1,0,0,1
12601,235376,0,1,0,0
12602,163814,1,0,0,0
12603,10091,0,1,0,1
12604,34518,0,1,0,0
12605,40282,1,0,0,0
12606,217894,0,1,0,0
12607,53043,1,0,0,0
12608,250250,0,1,0,0
12609,220285,1,0,0,0
12610,228327,0,1,1,0
12611,127736,1,0,0,1
12612,201044,1,0,0,0
12613,59208,0,1,0,0
12614,140952,0,1,1,0
12615,174361,0,1,1,0
12616,94629,1,0,0,0
12617,271519,0,1,0,0
12618,89545,1,0,0,1
12619,83243,1,0,0,1
12620,59298,1,0,0,0
12621,40080,0,1,0,0
12622,173790,0,1,0,1
12623,17442,1,0,0,0
12624,102200,0,1,0,1
12625,183420,0,1,0,0
12626,285454,1,0,0,0
12627,182304,0,1,0,0
12628,172053,1,0,0,0
12629,277357,1,0,0,1
12630,113951,0,1,0,0
12631,40918,1,0,0,0
12632,123728,0,1,0,1
12633,69925,1,0,0,0
12634,111568,0,1,0,0
12635,46626,0,0,0,1
12636,223459,1,0,0,0
12637,259580,0,1,0,0
12638,121863,0,1,0,1
12639,184208,1,0,0,0
12640,130859,0,1,0,0
12641,102509,1,0,0,0
12642,138350,0,1,0,0
12643,154124,0,1,0,1
12644,9367,0,1,1,0
12645,227034,1,0,0,0
12646,82231,0,1,0,0
12647,52846,1,0,0,1
12648,164031,1,0,0,0
12649,260942,0,1,0,1
12650,274325,0,1,0,0
12651,214558,0,1,0,1
12652,270952,1,0,0,0
12653,158835,0,1,0,0
12654,9867,1,0,0,0
12655,115814,0,1,1,0
12656,197428,0,1,0,0
12657,152084,0,1,0,1
12658,27055,1,0,0,0
12659,179450,0,1,0,1
12660,83523,0,1,0,0
12661,154709,1,0,0,0
12662,15901,0,1,0,0
12663,207287,1,0,0,0
12664,32732,0,1,0,1
12665,32474,0,1,1,0
12666,186863,0,1,0,0
12667,193014,1,0,0,0
12668,80418,0,1,0,1
12669,59778,0,1,0,0
12670,61332,1,0,0,0
12671,26162,1,0,0,1
12672,219382,0,1,0,0
12673,178904,1,0,0,0
12674,123365,0,1,0,0
12675,272058,0,0,0,1
12676,243763,0,1,0,0
12677,211389,1,0,0,0
12678,10828,0,1,0,1
12679,23721,0,1,0,0
12680,195478,1,0,0,1
12681,138478,1,0,0,0
12682,88306,0,1,0,0
12683,280507,0,1,0,1
12684,13582,1,0,0,0
12685,245864,0,1,0,0
12686,210143,1,0,0,0
12687,71844,0,1,0,0
12688,19742,0,0,0,1
12689,914,0,1,1,0
12690,112899,1,0,0,0
12691,22822,0,1,0,0
12692,44575,1,0,0,1
12693,243311,1,0,0,0
12694,280667,0,1,0,0
12695,138464,0,1,1,0
12696,151616,1,0,0,0
12697,133100,1,0,0,0
12698,138915,0,1,0,0
12699,52055,0,1,1,0
12700,249556,1,0,0,1
12701,59798,1,0,0,0
12702,191408,1,0,0,1
12703,163635,0,1,0,0
12704,228543,0,0,0,1
12705,100637,1,0,0,0
12706,265660,0,1,0,0
12707,114969,1,0,0,1
12708,101015,0,1,1,0
12709,219603,1,0,0,0
12710,43638,1,0,0,1
12711,236911,0,1,0,0
12712,90148,1,0,0,1
12713,139907,1,0,0,0
12714,176972,0,1,0,1
12715,179425,0,1,0,1
12716,188016,1,0,0,0
12717,55752,0,1,0,0
12718,203643,0,1,0,1
12719,169832,0,1,0,0
12720,292271,1,0,0,0
12721,241994,0,1,1,0
12722,244610,1,0,0,1
12723,114068,0,1,0,0
12724,185175,1,0,0,0
12725,109365,1,0,0,0
12726,179806,0,1,0,0
12727,107059,0,1,0,1
12728,115144,0,1,0,1
12729,207498,1,0,0,0
12730,188833,0,1,0,1
12731,57511,0,1,0,0
12732,58363,1,0,0,1
12733,13964,1,0,0,0
12734,4769,0,1,0,0
12735,60105,1,0,0,0
12736,275379,0,1,0,0
12737,141234,0,1,1,0
12738,184522,0,0,0,1
12739,271962,0,1,0,0
12740,254560,1,0,0,0
12741,26377,0,0,0,1
12742,111848,1,0,0,1
12743,185457,0,1,0,0
12744,225567,0,0,0,1
12745,158116,1,0,0,0
12746,168356,0,1,0,1
12747,219979,0,1,0,0
12748,227551,0,0,0,1
12749,176001,1,0,0,0
12750,106373,0,1,0,0
12751,68651,1,0,0,0
12752,31245,0,1,1,0
12753,87943,1,0,0,1
12754,283339,0,1,1,0
12755,230979,0,1,0,0
12756,106929,1,0,0,0
12757,293434,0,0,0,1
12758,133690,0,1,0,0
12759,137015,1,0,0,0
12760,230938,0,1,0,1
12761,231532,1,0,0,0
12762,215539,0,1,0,0
12763,156650,1,0,0,1
12764,1256,0,1,0,0
12765,271632,0,1,0,1
12766,12751,1,0,0,0
12767,18865,1,0,0,1
12768,132290,0,1,0,0
12769,238961,1,0,0,0
12770,226791,0,0,0,1
12771,184138,0,1,0,0
12772,12231,1,0,0,1
12773,134933,1,0,0,0
12774,211812,0,1,0,0
12775,82700,0,0,0,1
12776,263589,1,0,0,0
12777,216565,0,1,1,0
12778,213382,1,0,0,1
12779,183577,0,1,0,0
12780,269829,1,0,0,1
12781,174024,0,1,0,1
12782,51978,1,0,0,0
12783,125161,0,1,0,0
12784,244722,0,1,0,1
12785,102778,1,0,0,0
12786,139595,0,1,0,0
12787,77162,1,0,0,0
12788,232176,1,0,0,1
12789,49943,0,1,0,0
12790,95786,0,1,1,0
12791,35729,1,0,0,0
12792,272172,1,0,0,1
12793,206941,0,1,0,0
12794,133342,0,1,0,1
12795,66632,1,0,0,0
12796,216170,0,1,0,0
12797,67146,0,1,0,1
12798,220980,1,0,0,0
12799,197210,0,1,0,1
12800,17379,0,1,0,0
12801,10118,0,0,0,1
12802,236431,1,0,0,0
12803,135860,0,1,0,0
12804,182165,1,0,0,0
12805,242254,0,1,1,0
12806,196090,0,0,0,1
12807,183756,1,0,0,0
12808,133209,0,1,0,0
12809,182127,0,1,0,1
12810,117578,0,1,0,0
12811,214955,1,0,0,0
12812,162978,0,1,0,1
12813,116465,0,1,1,0
12814,23256,1,0,0,1
12815,81185,1,0,0,0
12816,177762,0,1,0,0
12817,16334,1,0,0,0
12818,224542,0,1,1,0
12819,30416,0,1,0,0
12820,92338,1,0,0,0
12821,231744,0,1,0,0
12822,210345,1,0,0,1
12823,219975,1,0,0,0
12824,167572,0,1,0,1
12825,249510,0,1,0,0
12826,13243,0,1,0,1
12827,244623,1,0,0,0
12828,150663,1,0,0,1
12829,27659,0,1,0,0
12830,81253,0,1,1,0
12831,216961,1,0,0,0
12832,2768,0,1,0,1
12833,239131,0,1,1,0
12834,157375,0,1,1,0
12835,172054,0,1,0,0
12836,224726,1,0,0,1
12837,14781,0,1,1,0
12838,135837,1,0,0,0
12839,85608,0,1,0,0
12840,229295,1,0,0,1
12841,133734,1,0,0,1
12842,139600,1,0,0,0
12843,199052,0,1,0,0
12844,85635,0,1,0,1
12845,125988,1,0,0,1
12846,204017,1,0,0,0
12847,118986,0,1,0,0
12848,198088,1,0,0,1
12849,129289,1,0,0,1
12850,36030,1,0,0,0
12851,37003,0,1,1,0
12852,195959,0,1,0,0
12853,207656,1,0,0,0
12854,198139,0,1,0,1
12855,158075,0,1,0,0
12856,193475,1,0,0,0
12857,198228,0,1,0,0
12858,186347,0,1,1,0
12859,78782,0,1,0,1
12860,239591,1,0,0,0
12861,40567,0,1,1,0
12862,137286,1,0,0,1
12863,107445,0,1,0,0
12864,204429,0,1,0,1
12865,209266,1,0,0,0
12866,31999,0,1,0,0
12867,270535,0,1,0,1
12868,64164,1,0,0,0
12869,189311,0,1,0,0
12870,49708,0,1,0,1
12871,268373,1,0,0,0
12872,63118,0,0,0,1
12873,69221,0,1,0,0
12874,239764,1,0,0,0
12875,218457,0,1,1,0
12876,5251,0,1,0,0
12877,24342,1,0,0,0
12878,126933,1,0,0,1
12879,279677,0,1,0,0
12880,191119,1,0,0,0
12881,128030,1,0,0,1
12882,242645,0,1,0,1
12883,88387,0,1,0,0
12884,175580,0,1,1,0
12885,259541,1,0,0,0
12886,45782,1,0,0,1
12887,211180,0,0,0,1
12888,247016,0,1,0,0
12889,269117,1,0,0,0
12890,14740,0,1,0,1
12891,10462,0,1,0,0
12892,166388,1,0,0,0
12893,62706,0,1,0,0
12894,166264,1,0,0,1
12895,73702,1,0,0,0
12896,221948,0,1,0,0
12897,152650,1,0,0,0
12898,82179,0,1,0,1
12899,68610,0,1,0,0
12900,167151,0,1,1,0
12901,77635,1,0,0,0
12902,4975,0,1,0,1
12903,227432,0,1,0,0
12904,245079,0,1,0,1
12905,127423,1,0,0,0
12906,206004,0,1,0,1
12907,115250,0,1,0,0
12908,148693,0,1,0,1
12909,161685,1,0,0,0
12910,25852,0,1,1,0
12911,118680,0,1,0,0
12912,69604,0,0,0,1
12913,97779,1,0,0,0
12914,34757,1,0,0,0
12915,143797,0,1,1,0
12916,38861,0,1,0,0
12917,75823,0,1,0,1
12918,242792,1,0,0,0
12919,135415,0,1,0,0
12920,295134,0,0,0,1
12921,142442,1,0,0,0
12922,26662,0,1,0,0
12923,33184,0,1,0,1
12924,105335,1,0,0,0
12925,274964,0,1,0,0
12926,290772,0,1,0,1
12927,227794,1,0,0,0
12928,25820,0,1,0,0
12929,132306,0,1,1,0
12930,272978,1,0,0,0
12931,123033,0,1,0,0
12932,136008,0,1,1,0
12933,199653,0,1,0,0
12934,118555,1,0,0,0
12935,243178,0,1,1,0
12936,137793,0,1,1,0
12937,148126,0,1,0,0
12938,174962,0,1,0,0
12939,174514,0,1,1,0
12940,47974,1,0,0,0
12941,160159,1,0,0,0
12942,212252,0,1,0,0
12943,153039,0,1,0,0
12944,57567,1,0,0,0
12945,189257,0,1,0,0
12946,165125,1,0,0,0
12947,111841,0,1,1,0
12948,148253,0,1,0,0
12949,186079,1,0,0,0
12950,117778,0,1,0,0
12951,128311,0,1,1,0
12952,69067,0,1,1,0
12953,206579,1,0,0,0
12954,56995,0,1,1,0
12955,158664,0,1,0,0
12956,77938,0,1,1,0
12957,149185,1,0,0,0
12958,159252,0,1,0,0
12959,183733,0,1,1,0
12960,39419,0,1,0,0
12961,52557,0,1,1,0
12962,208484,0,1,1,0
12963,165405,1,0,0,0
12964,155658,0,1,1,0
12965,289648,0,1,1,0
12966,158144,0,1,0,0
12967,283450,0,1,1,0
12968,291459,0,1,1,0
12969,211933,1,0,0,0
12970,117156,1,0,0,1
12971,80252,0,1,0,0
12972,179536,1,0,0,0
12973,206693,0,1,1,0
12974,193710,0,1,1,0
12975,130412,0,1,1,0
12976,55907,0,1,0,0
12977,117502,0,1,1,0
12978,290634,0,1,1,0
12979,207778,0,1,1,0
12980,130376,0,1,0,0
12981,107511,1,0,0,0
12982,161550,0,1,0,0
12983,62458,1,0,0,0
12984,198013,1,0,0,0
12985,137167,0,1,0,0
12986,290185,0,1,0,0
12987,38793,1,0,0,0
12988,180612,1,0,0,0
12989,50859,0,1,0,0
12990,63084,1,0,0,0
12991,64716,0,1,1,0
12992,184588,0,1,0,0
12993,109673,1,0,0,0
12994,240082,0,1,0,0
12995,79274,1,0,0,0
12996,113956,1,0,0,0
12997,148208,0,1,1,0
12998,174507,0,1,0,0
12999,175147,0,1,1,0
13000,112305,1,0,0,0
13001,288477,0,1,1,0
13002,159049,0,1,0,0
13003,154280,0,1,1,0
13004,57351,0,1,1,0
13005,292651,1,0,0,0
13006,157572,0,1,0,0
13007,151309,0,1,1,0
13008,140597,1,0,0,0
13009,105923,0,1,1,0
13010,174473,0,1,0,0
13011,45395,0,1,1,0
13012,58245,0,1,1,0
13013,123409,1,0,0,0
13014,230466,0,1,1,0
13015,11395,0,1,0,0
13016,154136,1,0,0,0
13017,91825,0,1,1,0
13018,182190,0,1,0,0
13019,289775,0,1,1,0
13020,125084,1,0,0,0
13021,53127,0,1,0,0
13022,2652,0,1,1,0
13023,186591,1,0,0,0
13024,165617,0,1,1,0
13025,174136,0,1,0,0
13026,132317,0,1,1,0
13027,251931,1,0,0,0
13028,219988,0,1,0,0
13029,167007,0,1,1,0
13030,112683,1,0,0,0
13031,25472,0,1,0,0
13032,165040,0,1,1,0
13033,9388,1,0,0,1
13034,158687,0,1,0,0
13035,160172,1,0,0,0
13036,124754,0,1,0,0
13037,63071,1,0,0,0
13038,176569,0,1,1,0
13039,171323,0,1,1,0
13040,167791,1,0,0,0
13041,236959,0,1,0,0
13042,162913,1,0,0,0
13043,14749,0,1,0,0
13044,178261,0,1,1,0
13045,205668,1,0,0,0
13046,53156,0,1,0,0
13047,254895,1,0,0,0
13048,102616,0,1,0,0
13049,11337,1,0,0,0
13050,264075,0,1,0,0
13051,203562,0,1,1,0
13052,31446,1,0,0,1
13053,155435,1,0,0,0
13054,119040,0,1,0,0
13055,1937,1,0,0,0
13056,137781,0,1,0,0
13057,155271,0,1,1,0
13058,122990,1,0,0,0
13059,164904,0,1,0,0
13060,143321,1,0,0,0
13061,158138,0,1,0,0
13062,63830,0,1,0,1
13063,187222,1,0,0,0
13064,137798,0,1,1,0
13065,240005,0,1,0,0
13066,65627,1,0,0,0
13067,134622,0,1,1,0
13068,194518,0,1,0,0
13069,266,1,0,0,0
13070,57928,0,1,0,0
13071,49998,1,0,0,0
13072,165167,0,1,0,0
13073,8506,1,0,0,0
13074,78048,0,1,0,0
13075,50001,0,1,0,0
13076,115691,1,0,0,0
13077,275423,0,1,0,0
13078,246495,1,0,0,0
13079,39262,0,1,1,0
13080,238092,1,0,0,0
13081,207155,0,1,0,0
13082,136496,1,0,0,0
13083,167047,0,1,0,0
13084,165565,1,0,0,0
13085,3827,0,1,0,0
13086,251644,0,0,0,1
13087,120489,1,0,0,0
13088,225345,0,1,1,0
13089,38292,0,1,0,0
13090,169732,0,1,1,0
13091,232685,0,1,1,0
13092,21144,1,0,0,0
13093,160226,0,1,1,0
13094,46215,0,1,0,0
13095,129980,1,0,0,0
13096,220453,0,1,1,0
13097,113278,0,1,1,0
13098,155237,0,1,1,0
13099,101971,0,1,0,0
13100,218660,1,0,0,0
13101,282677,0,1,0,0
13102,2170,1,0,0,0
13103,167583,0,1,0,0
13104,84200,0,1,1,0
13105,195683,1,0,0,0
13106,205318,0,1,0,1
13107,158368,0,1,0,0
13108,252029,1,0,0,0
13109,19913,0,1,0,0
13110,84010,1,0,0,0
13111,150411,0,1,0,0
13112,112549,0,1,1,0
13113,285259,0,1,0,0
13114,50792,1,0,0,0
13115,128958,0,1,0,0
13116,120151,1,0,0,0
13117,186859,0,1,0,0
13118,8175,1,0,0,0
13119,111781,1,0,0,0
13120,121368,0,1,0,0
13121,38270,0,1,1,0
13122,213740,1,0,0,0
13123,128228,0,1,0,0
13124,158373,0,1,1,0
13125,269458,1,0,0,0
13126,84053,0,1,0,0
13127,18488,1,0,0,0
13128,77019,0,1,0,0
13129,72466,0,1,1,0
13130,11460,1,0,0,0
13131,153175,0,1,0,0
13132,139564,0,1,1,0
13133,80481,1,0,0,0
13134,84011,0,1,1,0
13135,165619,0,1,0,0
13136,157812,0,1,0,0
13137,266712,1,0,0,0
13138,145490,0,1,1,0
13139,82918,1,0,0,0
13140,76873,0,1,0,0
13141,295143,1,0,0,0
13142,155847,0,1,0,1
13143,55053,0,1,0,0
13144,81666,1,0,0,0
13145,108748,1,0,0,0
13146,149399,0,1,0,0
13147,123413,1,0,0,0
13148,158157,0,1,0,0
13149,128823,0,1,1,0
13150,132305,0,1,0,0
13151,273246,1,0,0,0
13152,204489,1,0,0,0
13153,158577,0,1,0,0
13154,111087,1,0,0,0
13155,175658,0,1,1,0
13156,238398,0,1,0,0
13157,160171,0,1,1,0
13158,44486,1,0,0,0
13159,283281,0,1,0,0
13160,7477,1,0,0,0
13161,282127,0,1,0,0
13162,154843,1,0,0,0
13163,155544,0,1,1,0
13164,107191,1,0,0,0
13165,137164,0,1,0,0
13166,30616,0,1,1,0
13167,173701,0,1,0,0
13168,153686,1,0,0,0
13169,159028,1,0,0,1
13170,86001,0,1,0,0
13171,279481,1,0,0,0
13172,158394,0,1,1,0
13173,173551,0,1,0,0
13174,215959,1,0,0,1
13175,6886,1,0,0,0
13176,221026,0,0,0,1
13177,196401,0,1,0,0
13178,233072,1,0,0,0
13179,199654,0,1,0,0
13180,264596,1,0,0,1
13181,101806,1,0,0,0
13182,98245,0,1,0,0
13183,171436,0,0,0,1
13184,196540,0,1,0,0
13185,177867,1,0,0,0
13186,272944,0,0,0,1
13187,137351,0,1,1,0
13188,115680,1,0,0,0
13189,121369,0,1,0,0
13190,83666,1,0,0,0
13191,170950,0,0,0,1
13192,288895,0,1,0,0
13193,234937,0,1,1,0
13194,120833,1,0,0,0
13195,11144,0,1,0,0
13196,74459,0,1,1,0
13197,217413,0,1,0,0
13198,170538,1,0,0,0
13199,174536,0,0,0,1
13200,210108,0,1,0,0
13201,44890,1,0,0,0
13202,79229,0,1,1,0
13203,177615,0,1,0,0
13204,170496,1,0,0,0
13205,164892,0,1,0,0
13206,210883,0,1,0,0
13207,175001,1,0,0,0
13208,203912,0,1,0,0
13209,46895,1,0,0,0
13210,151051,0,1,0,0
13211,159506,0,1,1,0
13212,235823,0,1,0,0
13213,164803,1,0,0,0
13214,135218,0,1,1,0
13215,151412,0,1,0,0
13216,263201,0,1,0,0
13217,263523,1,0,0,0
13218,127653,0,1,0,0
13219,177287,1,0,0,0
13220,159884,0,1,1,0
13221,169080,0,1,0,0
13222,236690,1,0,0,0
13223,34584,0,1,1,0
13224,137948,0,1,0,0
13225,26002,1,0,0,0
13226,102636,0,1,0,0
13227,88308,0,1,1,0
13228,72464,1,0,0,1
13229,21827,0,0,0,1
13230,134917,1,0,0,0
13231,66916,0,1,0,0
13232,52621,0,1,1,0
13233,110834,0,1,0,0
13234,31360,1,0,0,0
13235,265484,0,1,0,0
13236,261351,1,0,0,0
13237,154959,0,1,0,0
13238,258385,0,0,0,1
13239,137195,0,1,0,0
13240,228303,1,0,0,0
13241,7942,0,1,0,0
13242,221605,1,0,0,0
13243,217423,0,1,0,1
13244,90311,0,1,0,0
13245,28121,0,1,0,0
13246,256677,1,0,0,1
13247,242375,1,0,0,0
13248,264715,0,1,0,0
13249,157649,0,1,1,0
13250,48248,1,0,0,0
13251,98299,0,1,0,0
13252,182050,1,0,0,1
13253,114288,0,1,0,0
13254,247864,0,0,0,1
13255,234498,1,0,0,0
13256,144366,0,1,0,0
13257,99764,0,1,0,0
13258,261584,1,0,0,0
13259,241264,0,1,0,1
13260,167094,0,1,0,0
13261,181875,0,1,0,0
13262,168087,1,0,0,0
13263,208227,0,1,0,0
13264,265912,1,0,0,0
13265,101959,0,1,0,0
13266,251754,1,0,0,1
13267,54183,0,1,1,0
13268,265794,1,0,0,0
13269,207385,0,0,0,1
13270,21184,0,1,0,0
13271,53084,1,0,0,0
13272,248558,0,1,0,0
13273,26385,0,1,0,0
13274,211143,1,0,0,1
13275,137255,1,0,0,0
13276,264476,0,1,0,0
13277,221371,1,0,0,0
13278,155614,0,0,0,1
13279,44929,0,1,1,0
13280,173793,0,1,0,0
13281,84142,0,1,1,0
13282,137180,1,0,0,0
13283,158790,0,1,1,0
13284,130752,0,1,1,0
13285,7934,0,1,0,0
13286,237184,0,0,0,1
13287,158379,0,1,0,1
13288,194308,0,1,0,0
13289,69190,1,0,0,0
13290,201371,0,1,0,0
13291,253702,1,0,0,0
13292,58031,0,1,0,0
13293,254147,0,1,0,0
13294,158434,0,1,0,0
13295,263039,1,0,0,1
13296,260906,1,0,0,1
13297,217431,1,0,0,0
13298,78295,0,1,1,0
13299,20586,0,1,0,0
13300,174494,0,1,0,0
13301,18241,0,0,0,1
13302,263407,1,0,0,0
13303,225285,0,1,0,0
13304,15029,0,1,0,0
13305,198343,1,0,0,0
13306,143865,0,0,0,1
13307,175800,0,1,1,0
13308,66986,0,1,0,0
13309,150982,0,1,0,1
13310,195868,1,0,0,0
13311,189122,0,1,0,0
13312,128324,0,1,0,0
13313,201953,1,0,0,0
13314,100260,0,0,0,1
13315,155705,0,1,0,0
13316,186630,1,0,0,0
13317,163720,0,1,0,0
13318,176575,0,1,1,0
13319,45608,0,1,0,1
13320,205039,0,1,0,0
13321,236720,0,1,1,0
13322,150436,0,1,1,0
13323,36336,1,0,0,0
13324,270406,0,1,0,0
13325,262160,0,0,0,1
13326,83988,0,1,1,0
13327,154873,0,1,1,0
13328,264426,0,1,0,0
13329,257827,1,0,0,0
13330,236501,0,1,0,0
13331,127861,0,0,0,1
13332,262840,1,0,0,0
13333,177306,0,1,0,0
13334,163805,0,0,0,1
13335,34824,0,1,0,0
13336,18030,1,0,0,0
13337,84708,0,1,0,0
13338,193390,0,0,0,1
13339,13026,0,1,0,0
13340,244108,0,1,1,0
13341,13221,0,1,1,0
13342,71377,0,1,0,0
13343,176195,0,1,1,0
13344,114987,1,0,0,0
13345,30871,0,1,0,0
13346,223539,0,1,0,0
13347,153979,0,1,1,0
13348,97067,1,0,0,0
13349,150003,0,1,0,0
13350,158316,0,1,0,1
13351,185734,0,1,1,0
13352,66475,0,1,0,0
13353,220997,1,0,0,0
13354,65230,0,1,0,0
13355,170861,0,1,1,0
13356,155661,0,1,0,0
13357,258680,1,0,0,0
13358,82196,0,0,0,1
13359,81250,0,1,0,0
13360,106822,0,1,0,0
13361,260805,1,0,0,0
13362,177411,0,1,0,0
13363,273161,0,0,0,1
13364,273917,1,0,0,0
13365,149326,0,1,0,1
13366,124598,0,1,0,0
13367,152927,0,1,0,0
13368,272854,1,0,0,0
13369,51237,0,1,0,0
13370,86866,0,1,0,0
13371,264080,0,0,0,1
13372,227518,0,1,0,0
13373,270835,0,1,0,0
13374,252973,1,0,0,1
13375,163228,1,0,0,0
13376,117231,0,1,0,1
13377,36224,0,1,0,0
13378,4288,0,0,0,1
13379,23884,0,1,0,0
13380,119812,1,0,0,0
13381,128610,0,0,0,1
13382,48495,0,1,0,0
13383,128369,0,0,0,1
13384,221945,0,1,1,0
13385,102944,0,1,0,1
13386,282116,0,0,0,1
13387,79529,1,0,0,1
13388,170898,0,1,0,0
13389,258803,1,0,0,1
13390,142236,1,0,0,0
13391,291349,0,1,0,0
13392,271564,0,1,0,0
13393,158591,0,1,1,0
13394,141778,1,0,0,0
13395,30562,0,1,0,0
13396,26488,0,1,1,0
13397,261278,0,1,0,0
13398,159551,1,0,0,1
13399,251988,1,0,0,0
13400,228495,0,1,0,0
13401,157517,0,1,0,1
13402,107706,0,0,0,1
13403,220651,0,1,0,0
13404,247698,0,1,0,0
13405,269382,0,0,0,1
13406,137199,1,0,0,0
13407,27357,0,1,0,0
13408,20298,0,1,0,0
13409,237169,0,0,0,1
13410,45458,0,1,0,0
13411,211111,1,0,0,1
13412,270002,1,0,0,0
13413,154929,0,1,1,0
13414,83033,0,0,0,1
13415,153180,0,1,0,0
13416,29727,0,1,1,0
13417,249497,0,0,0,1
13418,3683,0,1,0,1
13419,174158,0,1,0,0
13420,272369,0,1,0,0
13421,286416,0,1,0,1
13422,270263,0,0,0,1
13423,172699,1,0,0,0
13424,75395,0,1,1,0
13425,197189,0,1,0,0
13426,14540,0,1,1,0
13427,118060,0,0,0,1
13428,50528,0,0,0,1
13429,101965,0,1,0,1
13430,145459,0,1,0,0
13431,97998,1,0,0,1
13432,56188,1,0,0,0
13433,225786,0,1,0,0
13434,169198,0,0,0,1
13435,174655,0,1,0,0
13436,195622,0,0,0,1
13437,118699,0,1,1,0
13438,126885,0,1,0,0
13439,256983,1,0,0,0
13440,270223,0,0,0,1
13441,31485,0,1,0,0
13442,245301,0,1,0,1
13443,215259,0,1,0,0
13444,242555,1,0,0,1
13445,258607,0,0,0,1
13446,138292,1,0,0,0
13447,50121,0,1,0,0
13448,73539,0,1,0,0
13449,137801,0,1,0,1
13450,137969,0,1,1,0
13451,164584,0,1,0,0
13452,249088,0,0,0,1
13453,149356,0,1,0,0
13454,9966,0,1,0,1
13455,144503,0,1,1,0
13456,261228,0,1,0,1
13457,225015,0,1,0,0
13458,34761,0,1,0,0
13459,118651,1,0,0,0
13460,55612,0,0,0,1
13461,256129,0,1,0,1
13462,257234,0,1,0,0
13463,229323,0,1,0,1
13464,97918,0,1,0,0
13465,68378,0,1,1,0
13466,259234,0,0,0,1
13467,265319,0,1,0,0
13468,181992,0,0,0,1
13469,276369,0,1,0,0
13470,86396,0,0,0,1
13471,255194,1,0,0,0
13472,4799,0,1,0,0
13473,236347,1,0,0,1
13474,230001,0,1,0,0
13475,20853,0,0,0,1
13476,293159,0,1,0,1
13477,123174,0,1,0,0
13478,198729,1,0,0,1
13479,13573,1,0,0,0
13480,55359,0,1,0,1
13481,230885,0,1,0,0
13482,155612,0,0,0,1
13483,207180,0,1,0,0
13484,10799,0,1,0,1
13485,254666,0,0,0,1
13486,83614,0,0,0,1
13487,61193,0,1,0,0
13488,260751,1,0,0,0
13489,122789,0,1,1,0
13490,255283,0,0,0,1
13491,251571,0,1,0,0
13492,162300,1,0,0,1
13493,262112,0,0,0,1
13494,89704,0,1,1,0
13495,39887,0,1,0,0
13496,102848,0,1,0,0
13497,72257,0,0,0,1
13498,30000,1,0,0,1
13499,14555,0,0,0,1
13500,173794,0,1,0,1
13501,41236,0,1,0,0
13502,57295,1,0,0,0
13503,209917,0,1,0,0
13504,11500,0,1,0,1
13505,288533,0,1,0,0
13506,87135,0,1,0,1
13507,155289,0,1,0,1
13508,277520,0,1,0,0
13509,110121,0,1,0,1
13510,96943,0,1,0,0
13511,216408,1,0,0,0
13512,201935,1,0,0,1
13513,113857,0,1,1,0
13514,53268,0,1,0,0
13515,153160,1,0,0,1
13516,250672,0,0,0,1
13517,77243,0,1,0,1
13518,265211,0,0,0,1
13519,174472,0,1,0,0
13520,255852,0,0,0,1
13521,156368,0,1,0,1
13522,154248,0,0,0,1
13523,2600,0,1,0,0
13524,272633,1,0,0,1
13525,169731,0,1,0,1
13526,166081,0,1,1,0
13527,159148,0,1,0,0
13528,265341,1,0,0,0
13529,151458,0,1,0,0
13530,117346,0,0,0,1
13531,99996,0,0,0,1
13532,8117,0,1,0,0
13533,16402,0,1,0,1
13534,184942,0,1,0,0
13535,90135,0,1,1,0
13536,271919,0,1,0,1
13537,19951,0,1,0,1
13538,158694,0,1,0,0
13539,239061,1,0,0,0
13540,3993,0,1,0,1
13541,264979,0,0,0,1
13542,169736,0,1,0,0
13543,175965,0,1,1,0
13544,289930,0,0,0,1
13545,4311,0,1,0,0
13546,117689,0,0,0,1
13547,121671,0,1,0,0
13548,16914,0,0,0,1
13549,200667,1,0,0,0
13550,188819,0,1,0,1
13551,155590,0,1,0,0
13552,184052,0,0,0,1
13553,98351,0,1,0,1
13554,225663,0,1,0,0
13555,63957,0,1,1,0
13556,19486,0,0,0,1
13557,250751,0,0,0,1
13558,116681,0,1,0,0
13559,114629,0,1,0,0
13560,163099,0,0,0,1
13561,249708,1,0,0,0
13562,263808,0,0,0,1
13563,137184,0,1,0,0
13564,219634,0,0,0,1
13565,226215,0,1,1,0
13566,207896,0,0,0,1
13567,154284,0,1,1,0
13568,133405,0,1,0,0
13569,14303,0,1,0,1
13570,163093,0,1,0,0
13571,258732,0,0,0,1
13572,72297,0,1,0,1
13573,123606,0,0,0,1
13574,263470,0,1,0,0
13575,264337,0,1,0,1
13576,271321,1,0,0,0
13577,48057,0,0,0,1
13578,201369,0,1,0,0
13579,251862,0,1,0,1
13580,255025,0,1,0,0
13581,255657,0,0,0,1
13582,7943,0,0,0,1
13583,107119,0,1,0,0
13584,157463,0,1,0,1
13585,265710,0,1,0,0
13586,101801,0,1,0,1
13587,11170,0,1,1,0
13588,127296,0,1,0,0
13589,264100,0,0,0,1
13590,91075,0,0,0,1
13591,263436,1,0,0,0
13592,158435,0,1,0,0
13593,8392,0,1,0,1
13594,247721,0,0,0,1
13595,230226,1,0,0,1
13596,257263,0,1,0,0
13597,251413,0,0,0,1
13598,281716,0,1,1,0
13599,223626,0,1,0,0
13600,19612,0,0,0,1
13601,258916,0,1,0,1
13602,280138,0,0,0,1
13603,124028,0,1,1,0
13604,158641,0,1,0,0
13605,249498,0,0,0,1
13606,94279,1,0,0,1
13607,273729,0,0,0,1
13608,9609,0,1,0,0
13609,71374,0,0,0,1
13610,28854,0,1,0,0
13611,130286,1,0,0,0
13612,120949,0,1,0,1
13613,252961,0,1,0,0
13614,82450,0,1,0,1
13615,115277,0,0,0,1
13616,207757,0,1,1,0
13617,142297,0,1,0,0
13618,176425,0,0,0,1
13619,235325,0,0,0,1
13620,257140,0,1,0,1
13621,290807,0,1,0,0
13622,175393,0,0,0,1
13623,55224,0,1,0,0
13624,121398,0,1,0,1
13625,69117,1,0,0,0
13626,120976,0,1,0,0
13627,263354,0,0,0,1
13628,116201,0,1,0,0
13629,181391,0,0,0,1
13630,56412,0,0,0,1
13631,242637,0,1,0,0
13632,286076,0,1,0,1
13633,101008,0,1,0,1
13634,263435,0,1,0,1
13635,257052,0,1,0,0
13636,197826,0,0,0,1
13637,12493,0,1,1,0
13638,119907,0,0,0,1
13639,88783,0,1,0,0
13640,292673,1,0,0,0
13641,151424,0,1,0,0
13642,210862,0,0,0,1
13643,198021,0,0,0,1
13644,58605,0,1,1,0
13645,51524,0,1,0,1
13646,37741,0,1,0,0
13647,267875,0,1,0,1
13648,117149,0,1,0,1
13649,90624,0,1,0,0
13650,119059,0,1,0,1
13651,266406,0,1,1,0
13652,131312,0,0,0,1
13653,75757,0,1,0,1
13654,158169,0,1,0,0
13655,45447,0,0,0,1
13656,283119,0,1,0,0
13657,252131,0,0,0,1
13658,154703,0,0,0,1
13659,246056,0,1,0,0
13660,293930,0,0,0,1
13661,265641,0,1,0,1
13662,16409,0,1,1,0
13663,265116,0,1,0,0
13664,209504,0,0,0,1
13665,227830,0,1,0,0
13666,248557,1,0,0,0
13667,254869,0,0,0,1
13668,228298,0,1,1,0
13669,130022,0,1,0,1
13670,266530,0,1,0,1
13671,238944,0,1,0,0
13672,113772,0,0,0,1
13673,118997,0,0,0,1
13674,112476,0,1,0,0
13675,51834,0,0,0,1
13676,237276,0,1,0,1
13677,49921,0,1,0,0
13678,118052,0,1,0,1
13679,20251,0,1,0,0
13680,20425,0,1,0,0
13681,268293,0,0,0,1
13682,203158,0,1,0,1
13683,161368,0,1,0,1
13684,209326,0,1,0,1
13685,255138,1,0,0,0
13686,112904,0,1,0,0
13687,10234,0,0,0,1
13688,115294,0,0,0,1
13689,211107,0,1,0,0
13690,160168,0,1,0,1
13691,225816,0,1,0,1
13692,52637,0,0,0,1
13693,280715,0,1,0,0
13694,255672,0,1,0,1
13695,210271,0,0,0,1
13696,210113,0,1,0,0
13697,128943,1,0,0,1
13698,161377,0,1,0,1
13699,252893,0,0,0,1
13700,82915,0,1,0,0
13701,263448,0,0,0,1
13702,229738,0,1,0,0
13703,79453,0,1,0,1
13704,197983,0,1,0,1
13705,87208,0,1,0,0
13706,156567,0,1,0,1
13707,196502,0,1,0,1
13708,251788,0,1,1,0
13709,283795,0,1,0,0
13710,52905,0,0,0,1
13711,135521,1,0,0,0
13712,268595,0,1,0,1
13713,236741,0,1,0,1
13714,260725,0,1,0,1
13715,135655,0,1,0,0
13716,260034,0,0,0,1
13717,56179,0,1,0,0
13718,237272,0,1,0,1
13719,256745,0,0,0,1
13720,252357,0,0,0,1
13721,10696,0,0,0,1
13722,112779,0,0,0,1
13723,253955,0,1,0,0
13724,199581,0,0,0,1
13725,36568,0,1,0,0
13726,260151,0,1,0,1
13727,114898,0,1,1,0
13728,260879,0,1,0,0
13729,191709,0,1,0,1
13730,203563,0,1,0,0
13731,175622,1,0,0,1
13732,226473,0,1,1,0
13733,233025,1,0,0,0
13734,117756,0,1,0,1
13735,169680,0,0,0,1
13736,21138,0,1,0,0
13737,78487,1,0,0,1
13738,155594,0,1,1,0
13739,260900,0,1,0,1
13740,119100,0,0,0,1
13741,157900,0,0,0,1
13742,15421,0,1,0,0
13743,74539,0,0,0,1
13744,232650,0,1,0,0
13745,237069,0,1,0,1
13746,21577,0,1,1,0
13747,222953,0,1,0,1
13748,237271,1,0,0,1
13749,9127,0,1,0,0
13750,184384,0,0,0,1
13751,259705,0,0,0,1
13752,259226,0,1,0,0
13753,65730,0,1,0,1
13754,263938,1,0,0,1
13755,257919,0,1,0,0
13756,261810,0,0,0,1
13757,109241,0,0,0,1
13758,261647,0,1,0,1
13759,184586,0,1,0,1
13760,258989,0,1,0,0
13761,89395,0,0,0,1
13762,274145,0,1,0,1
13763,251913,0,0,0,1
13764,142553,0,1,1,0
13765,158365,0,1,0,0
13766,111305,0,0,0,1
13767,3049,0,0,0,1
13768,254536,0,1,0,1
13769,18569,0,1,0,0
13770,122095,0,1,0,1
13771,265357,0,1,0,1
13772,176412,0,1,0,1
13773,159661,0,1,0,0
13774,256880,0,0,0,1
13775,263932,0,0,0,1
13776,70972,0,1,0,1
13777,262821,0,1,0,0
13778,273767,0,0,0,1
13779,27019,1,0,0,0
13780,149515,0,0,0,1
13781,267282,0,1,0,0
13782,295025,0,1,0,1
13783,230536,0,0,0,1
13784,230300,0,1,0,1
13785,268586,0,0,0,1
13786,255501,0,1,0,0
13787,170946,0,1,0,1
13788,276742,0,0,0,1
13789,92506,0,1,0,1
13790,272828,0,1,0,0
13791,195858,0,1,0,1
13792,30274,0,1,1,0
13793,25494,0,1,0,1
13794,132633,0,1,0,0
13795,264573,0,0,0,1
13796,252518,0,1,0,1
13797,264368,0,1,0,0
13798,131899,0,0,0,1
13799,98399,0,1,0,0
13800,121000,0,1,0,1
13801,218595,0,1,0,1
13802,263791,0,1,0,0
13803,30301,0,0,0,1
13804,52205,1,0,0,0
13805,269484,0,1,0,1
13806,114161,0,1,0,0
13807,255057,0,0,0,1
13808,255087,0,0,0,1
13809,184043,0,1,0,1
13810,142541,0,1,0,0
13811,14845,0,0,0,1
13812,219515,0,1,0,1
13813,161131,0,1,0,1
13814,251218,0,0,0,1
13815,287763,0,1,0,1
13816,271025,0,1,0,1
13817,159768,0,1,0,1
13818,142057,0,1,0,0
13819,46284,0,1,0,1
13820,164799,0,0,0,1
13821,8260,0,0,0,1
13822,113967,0,1,0,0
13823,290414,0,0,0,1
13824,266509,0,0,0,1
13825,80297,0,1,0,0
13826,162506,0,1,1,0
13827,78872,0,1,0,1
13828,196289,0,1,0,1
13829,253373,0,1,0,1
13830,239647,0,1,0,0
13831,252458,1,0,0,0
13832,72932,0,1,0,1
13833,108491,0,1,1,0
13834,10869,0,1,0,0
13835,264641,0,1,0,1
13836,54305,0,1,0,1
13837,30248,0,1,0,0
13838,166027,0,1,0,1
13839,246570,0,1,0,1
13840,205180,0,1,0,1
13841,257739,0,1,0,0
13842,117647,0,1,0,1
13843,150599,0,1,0,1
13844,258929,0,0,0,1
13845,241597,0,0,0,1
13846,77541,0,1,0,0
13847,235123,0,1,0,1
13848,137796,0,1,0,1
13849,253795,0,0,0,1
13850,166904,0,0,0,1
13851,224642,0,1,0,0
13852,89667,0,1,0,1
13853,52383,0,1,0,1
13854,270397,0,1,0,1
13855,33296,0,1,0,1
13856,248780,0,1,0,1
13857,80285,0,1,0,0
13858,31911,0,1,0,1
13859,240984,0,1,0,1
13860,35829,1,0,0,0
13861,154291,0,1,0,1
13862,137136,0,1,0,0
13863,199780,0,0,0,1
13864,273148,0,0,0,1
13865,149049,0,1,0,0
13866,106219,0,1,0,1
13867,295064,0,1,0,1
13868,153604,0,0,0,1
13869,170896,0,1,1,0
13870,251999,0,0,0,1
13871,256664,0,1,0,0
13872,13551,0,0,0,1
13873,245673,0,0,0,1
13874,45487,0,1,0,0
13875,29996,0,1,0,1
13876,259463,0,1,0,1
13877,269427,0,1,0,0
13878,119643,0,0,0,1
13879,58812,0,1,0,1
13880,228680,0,0,0,1
13881,259642,0,1,0,0
13882,249280,0,0,0,1
13883,7860,0,1,0,1
13884,78587,0,1,0,0
13885,107959,0,1,0,1
13886,9673,0,0,0,1
13887,41315,0,1,0,0
13888,142368,0,0,0,1
13889,65563,0,1,0,1
13890,272889,0,1,0,0
13891,264751,0,0,0,1
13892,118649,1,0,0,0
13893,57589,1,0,0,1
13894,223975,0,1,0,0
13895,23216,0,1,0,1
13896,222999,1,0,0,1
13897,222911,0,1,0,1
13898,97856,0,1,0,0
13899,235735,0,1,0,1
13900,121211,1,0,0,1
13901,152027,0,0,0,1
13902,271195,0,0,0,1
13903,221941,0,1,0,0
13904,131338,0,0,0,1
13905,16185,0,1,0,1
13906,207907,0,1,0,0
13907,184330,0,1,0,1
13908,128962,0,1,0,1
13909,119287,0,1,0,0
13910,251871,0,1,0,1
13911,167190,0,0,0,1
13912,34989,0,0,0,1
13913,259472,0,1,0,1
13914,249271,1,0,0,0
13915,3310,0,1,0,0
13916,246969,0,1,0,1
13917,271119,0,1,0,0
13918,183705,0,1,0,1
13919,100354,0,1,0,1
13920,174969,0,1,0,1
13921,273011,0,1,0,0
13922,250457,0,1,0,1
13923,263768,1,0,0,1
13924,255079,0,1,0,1
13925,237409,0,1,0,0
13926,158297,0,1,0,1
13927,207282,0,1,0,0
13928,269523,0,1,0,1
13929,248334,0,0,0,1
13930,1121,0,1,0,1
13931,26433,0,1,1,0
13932,153040,0,1,0,0
13933,122958,1,0,0,1
13934,163092,0,1,0,1
13935,131536,0,1,0,0
13936,203545,0,1,0,1
13937,265638,0,1,0,1
13938,32191,0,0,0,1
13939,155220,0,1,1,0
13940,176213,1,0,0,0
13941,132313,0,1,0,0
13942,194374,0,0,0,1
13943,173599,0,0,0,1
13944,59893,0,1,0,1
13945,3928,0,0,0,1
13946,271378,0,1,0,0
13947,292862,0,0,0,1
13948,50440,0,1,0,1
13949,175871,0,1,0,1
13950,261536,0,1,0,0
13951,52044,0,0,0,1
13952,214764,0,1,0,0
13953,255847,0,0,0,1
13954,267794,0,1,1,0
13955,166410,0,0,0,1
13956,127195,0,1,0,0
13957,189297,0,0,0,1
13958,174214,0,0,0,1